source,family,model,type,wire_dia_mm,loop_count,length_mm,width_mm,height_mm,mount_hole_dia_mm,weight_kg,static_load_min_n,static_load_max_n,vertical_stiffness_n_mm,shear_stiffness_n_mm,roll_stiffness_n_mm,shock_load_max_n,max_deflection_mm,natural_freq_hz,notes
EKD/OVICTOR Vibration Isolator catalogue (2023),OVTW wire rope isolator,OVTW16-10-10,wire rope helical,1.6,10,79.5,25,18,4.7,0.02,,47,36,14,20,,8.6,,cat p.10-11; Ks_comp=22; 45deg comp/roll: Fmax=33 N dmax=11.7 mm Kv=20 Ks=11.4; shear/roll: Fmax=22 N dmax=8.6 mm Kv=14 Ks=14; bar 10.2x4.1 mm; 4 holes; hole pitch 68.3; thread M4X0.7; max insert torque 0.7 Nm
EKD/OVICTOR Vibration Isolator catalogue (2023),OVTW wire rope isolator,OVTW16-20-10,wire rope helical,1.6,10,79.5,28,20,4.7,0.02,,36,25,8.8,14,,9.7,,cat p.10-11; Ks_comp=16; 45deg comp/roll: Fmax=24 N dmax=14.7 mm Kv=14 Ks=7; shear/roll: Fmax=18 N dmax=10.7 mm Kv=8.8 Ks=8.8; bar 10.2x4.1 mm; 4 holes; hole pitch 68.3; thread M4X0.7; max insert torque 0.7 Nm
EKD/OVICTOR Vibration Isolator catalogue (2023),OVTW wire rope isolator,OVTW16-40-10,wire rope helical,1.6,10,79.5,30,25,4.7,0.03,,31,17,5.3,11,,14.7,,cat p.10-11; Ks_comp=8.8; 45deg comp/roll: Fmax=18 N dmax=20.8 mm Kv=11 Ks=4.7; shear/roll: Fmax=16 N dmax=15.7 mm Kv=5.3 Ks=5.3; bar 10.2x4.1 mm; 4 holes; hole pitch 68.3; thread M4X0.7; max insert torque 0.7 Nm
EKD/OVICTOR Vibration Isolator catalogue (2023),OVTW wire rope isolator,OVTW16-60-10,wire rope helical,1.6,10,79.5,33,28,4.7,0.03,,27,12,3.9,7,,17.8,,cat p.10-11; Ks_comp=6.1; 45deg comp/roll: Fmax=18 N dmax=24.9 mm Kv=7 Ks=3; shear/roll: Fmax=13 N dmax=18.8 mm Kv=3.9 Ks=3.9; bar 10.2x4.1 mm; 4 holes; hole pitch 68.3; thread M4X0.7; max insert torque 0.7 Nm
EKD/OVICTOR Vibration Isolator catalogue (2023),OVTW wire rope isolator,OVTW16-70-10,wire rope helical,1.6,10,79.5,36,30,4.7,0.03,,22,11,3.2,6.1,,18.8,,cat p.10-11; Ks_comp=5.3; 45deg comp/roll: Fmax=18 N dmax=26.9 mm Kv=6.1 Ks=2.6; shear/roll: Fmax=13 N dmax=19.8 mm Kv=3.2 Ks=3.2; bar 10.2x4.1 mm; 4 holes; hole pitch 68.3; thread M4X0.7; max insert torque 0.7 Nm
EKD/OVICTOR Vibration Isolator catalogue (2023),OVTW wire rope isolator,OVTW16-80-10,wire rope helical,1.6,10,79.5,38,33,4.7,0.03,,20,7.9,2.3,5.3,,21.8,,cat p.10-11; Ks_comp=3.9; 45deg comp/roll: Fmax=16 N dmax=31 mm Kv=5.3 Ks=1.9; shear/roll: Fmax=11 N dmax=22.9 mm Kv=2.3 Ks=2.3; bar 10.2x4.1 mm; 4 holes; hole pitch 68.3; thread M4X0.7; max insert torque 0.7 Nm
EKD/OVICTOR Vibration Isolator catalogue (2023),OVTW wire rope isolator,OVTW24-10-10,wire rope helical,2.4,10,112.3,28,23,5.6,0.06,,95,72,26,42,,8.6,,cat p.12-13; Ks_comp=44; 45deg comp/roll: Fmax=68 N dmax=12.7 mm Kv=42 Ks=22; shear/roll: Fmax=48 N dmax=9.7 mm Kv=26 Ks=24; bar 12.7x6.4 mm; 4 holes; hole pitch 100.3; thread M5X0.8; max insert torque 0.9 Nm
EKD/OVICTOR Vibration Isolator catalogue (2023),OVTW wire rope isolator,OVTW24-20-10,wire rope helical,2.4,10,112.3,30,25,5.6,0.07,,84,56,20,31,,10.7,,cat p.12-13; Ks_comp=33; 45deg comp/roll: Fmax=58 N dmax=15.7 mm Kv=31 Ks=15.4; shear/roll: Fmax=44 N dmax=11.7 mm Kv=20 Ks=18; bar 12.7x6.4 mm; 4 holes; hole pitch 100.3; thread M5X0.8; max insert torque 0.9 Nm
EKD/OVICTOR Vibration Isolator catalogue (2023),OVTW wire rope isolator,OVTW24-40-10,wire rope helical,2.4,10,112.3,33,28,5.6,0.07,,68,41,13,23,,13.7,,cat p.12-13; Ks_comp=21; 45deg comp/roll: Fmax=48 N dmax=18.8 mm Kv=23 Ks=10.6; shear/roll: Fmax=34 N dmax=13.7 mm Kv=13 Ks=12; bar 12.7x6.4 mm; 4 holes; hole pitch 100.3; thread M5X0.8; max insert torque 0.9 Nm
EKD/OVICTOR Vibration Isolator catalogue (2023),OVTW wire rope isolator,OVTW24-60-10,wire rope helical,2.4,10,112.3,38,33,5.6,0.07,,48,25,7.8,14,,17.8,,cat p.12-13; Ks_comp=12; 45deg comp/roll: Fmax=40 N dmax=25.9 mm Kv=14 Ks=6.2; shear/roll: Fmax=30 N dmax=18.8 mm Kv=7.8 Ks=7; bar 12.7x6.4 mm; 4 holes; hole pitch 100.3; thread M5X0.8; max insert torque 0.9 Nm
EKD/OVICTOR Vibration Isolator catalogue (2023),OVTW wire rope isolator,OVTW24-70-10,wire rope helical,2.4,10,112.3,41,36,5.6,0.07,,44,20,5.9,12,,20.8,,cat p.12-13; Ks_comp=8.7; 45deg comp/roll: Fmax=34 N dmax=27.9 mm Kv=12 Ks=4.8; shear/roll: Fmax=24 N dmax=21.8 mm Kv=5.9 Ks=5.3; bar 12.7x6.4 mm; 4 holes; hole pitch 100.3; thread M5X0.8; max insert torque 0.9 Nm
EKD/OVICTOR Vibration Isolator catalogue (2023),OVTW wire rope isolator,OVTW24-80-10,wire rope helical,2.4,10,112.3,43,38,5.6,0.08,,44,18,4.8,10.6,,22.9,,cat p.12-13; Ks_comp=7.7; 45deg comp/roll: Fmax=30 N dmax=32 mm Kv=10.6 Ks=3.9; shear/roll: Fmax=20 N dmax=23.9 mm Kv=4.8 Ks=4.4; bar 12.7x6.4 mm; 4 holes; hole pitch 100.3; thread M5X0.8; max insert torque 0.9 Nm
EKD/OVICTOR Vibration Isolator catalogue (2023),OVTW wire rope isolator,OVTW32-10-10,wire rope helical,3.2,10,127,36,28,6.9,0.12,,256,185,67,103,,9.7,,cat p.14-15; Ks_comp=109; 45deg comp/roll: Fmax=179 N dmax=13.7 mm Kv=103 Ks=55; shear/roll: Fmax=133 N dmax=9.7 mm Kv=67 Ks=56; bar 14.3x7.9 mm; 4 holes; hole pitch 114.3; thread M6X1.0; max insert torque 3.7 Nm
EKD/OVICTOR Vibration Isolator catalogue (2023),OVTW wire rope isolator,OVTW32-20-10,wire rope helical,3.2,10,127,38,30,6.9,0.12,,233,150,52,84,,11.7,,cat p.14-15; Ks_comp=82; 45deg comp/roll: Fmax=166 N dmax=17.3 mm Kv=84 Ks=42; shear/roll: Fmax=118 N dmax=11.7 mm Kv=52 Ks=43; bar 14.3x7.9 mm; 4 holes; hole pitch 114.3; thread M6X1.0; max insert torque 3.7 Nm
EKD/OVICTOR Vibration Isolator catalogue (2023),OVTW wire rope isolator,OVTW32-40-10,wire rope helical,3.2,10,127,41,33,6.9,0.13,,200,114,37,64,,13.7,,cat p.14-15; Ks_comp=61; 45deg comp/roll: Fmax=142 N dmax=19.8 mm Kv=64 Ks=30; shear/roll: Fmax=112 N dmax=14.7 mm Kv=37 Ks=31; bar 14.3x7.9 mm; 4 holes; hole pitch 114.3; thread M6X1.0; max insert torque 3.7 Nm
EKD/OVICTOR Vibration Isolator catalogue (2023),OVTW wire rope isolator,OVTW32-50-10,wire rope helical,3.2,10,127,43,36,6.9,0.13,,187,94,30,53,,16.8,,cat p.14-15; Ks_comp=47; 45deg comp/roll: Fmax=133 N dmax=23.9 mm Kv=53 Ks=24; shear/roll: Fmax=102 N dmax=17.8 mm Kv=30 Ks=25; bar 14.3x7.9 mm; 4 holes; hole pitch 114.3; thread M6X1.0; max insert torque 3.7 Nm
EKD/OVICTOR Vibration Isolator catalogue (2023),OVTW wire rope isolator,OVTW32-60-10,wire rope helical,3.2,10,127,46,38,6.9,0.13,,170,80,23,47,,18.8,,cat p.14-15; Ks_comp=38; 45deg comp/roll: Fmax=122 N dmax=26.9 mm Kv=47 Ks=19; shear/roll: Fmax=96 N dmax=19.8 mm Kv=23 Ks=19; bar 14.3x7.9 mm; 4 holes; hole pitch 114.3; thread M6X1.0; max insert torque 3.7 Nm
EKD/OVICTOR Vibration Isolator catalogue (2023),OVTW wire rope isolator,OVTW32-70-10,wire rope helical,3.2,10,127,48,41,6.9,0.14,,160,68,19,38,,21.8,,cat p.14-15; Ks_comp=30; 45deg comp/roll: Fmax=113 N dmax=31 mm Kv=38 Ks=14; shear/roll: Fmax=85 N dmax=22.9 mm Kv=19 Ks=16; bar 14.3x7.9 mm; 4 holes; hole pitch 114.3; thread M6X1.0; max insert torque 3.7 Nm
EKD/OVICTOR Vibration Isolator catalogue (2023),OVTW wire rope isolator,OVTW32-80-10,wire rope helical,3.2,10,127,51,43,6.9,0.14,,140,55,14,31,,23.9,,cat p.14-15; Ks_comp=25; 45deg comp/roll: Fmax=100 N dmax=34 mm Kv=31 Ks=13; shear/roll: Fmax=74 N dmax=25.9 mm Kv=14 Ks=12; bar 14.3x7.9 mm; 4 holes; hole pitch 114.3; thread M6X1.0; max insert torque 3.7 Nm
EKD/OVICTOR Vibration Isolator catalogue (2023),OVTW wire rope isolator,OVTW40-20-10,wire rope helical,4,10,127,41,30,6.9,0.15,,473,289,95,160,,12.7,,cat p.16-17; Ks_comp=152; 45deg comp/roll: Fmax=330 N dmax=17.8 mm Kv=160 Ks=78; shear/roll: Fmax=231 N dmax=12.7 mm Kv=95 Ks=73; bar 14.3x7.9 mm; 4 holes; hole pitch 114.3; thread M6X1.0; max insert torque 4.3 Nm
EKD/OVICTOR Vibration Isolator catalogue (2023),OVTW wire rope isolator,OVTW40-40-10,wire rope helical,4,10,127,43,33,6.9,0.15,,402,221,69,125,,14.7,,cat p.16-17; Ks_comp=114; 45deg comp/roll: Fmax=283 N dmax=21.8 mm Kv=125 Ks=55; shear/roll: Fmax=203 N dmax=15.7 mm Kv=69 Ks=53; bar 14.3x7.9 mm; 4 holes; hole pitch 114.3; thread M6X1.0; max insert torque 4.3 Nm
EKD/OVICTOR Vibration Isolator catalogue (2023),OVTW wire rope isolator,OVTW40-60-10,wire rope helical,4,10,127,48,38,6.9,0.16,,334,151,43,86,,19.8,,cat p.16-17; Ks_comp=70; 45deg comp/roll: Fmax=237 N dmax=27.9 mm Kv=86 Ks=36; shear/roll: Fmax=173 N dmax=20.8 mm Kv=43 Ks=33; bar 14.3x7.9 mm; 4 holes; hole pitch 114.3; thread M6X1.0; max insert torque 4.3 Nm
EKD/OVICTOR Vibration Isolator catalogue (2023),OVTW wire rope isolator,OVTW40-80-10,wire rope helical,4,10,127,53,46,6.9,0.17,,280,109,30,62,,24.9,,cat p.16-17; Ks_comp=48; 45deg comp/roll: Fmax=196 N dmax=35.6 mm Kv=62 Ks=23; shear/roll: Fmax=144 N dmax=25.9 mm Kv=30 Ks=23; bar 14.3x7.9 mm; 4 holes; hole pitch 114.3; thread M6X1.0; max insert torque 4.3 Nm
EKD/OVICTOR Vibration Isolator catalogue (2023),OVTW wire rope isolator,OVTW40-90-10,wire rope helical,4,10,127,64,53,6.9,0.18,,224,75,10.3,40,,32,,cat p.16-17; Ks_comp=30; 45deg comp/roll: Fmax=150 N dmax=44.7 mm Kv=40 Ks=14; shear/roll: Fmax=52 N dmax=33.5 mm Kv=10.3 Ks=7.9; bar 14.3x7.9 mm; 4 holes; hole pitch 114.3; thread M6X1.0; max insert torque 4.3 Nm
EKD/OVICTOR Vibration Isolator catalogue (2023),OVTW wire rope isolator,OVTW48-20-10,wire rope helical,4.8,10,127,36,30,6.9,0.19,,954,751,291,443,,8.6,,cat p.18-19; Ks_comp=472; 45deg comp/roll: Fmax=694 N dmax=12.7 mm Kv=443 Ks=233; shear/roll: Fmax=463 N dmax=8.6 mm Kv=291 Ks=246; bar 14.3x9.5 mm; 4 holes; hole pitch 114.3; thread M6X1.0; max insert torque 4.3 Nm
EKD/OVICTOR Vibration Isolator catalogue (2023),OVTW wire rope isolator,OVTW48-30-10,wire rope helical,4.8,10,127,38,33,6.9,0.2,,926,592,593,335,,11.7,,cat p.18-19; Ks_comp=328; 45deg comp/roll: Fmax=666 N dmax=16.8 mm Kv=335 Ks=164; shear/roll: Fmax=463 N dmax=11.7 mm Kv=593 Ks=172; bar 14.3x9.5 mm; 4 holes; hole pitch 114.3; thread M6X1.0; max insert torque 4.3 Nm
EKD/OVICTOR Vibration Isolator catalogue (2023),OVTW wire rope isolator,OVTW48-40-10,wire rope helical,4.8,10,127,41,36,6.9,0.21,,781,451,146,256,,13.7,,cat p.18-19; Ks_comp=246; 45deg comp/roll: Fmax=562 N dmax=19.8 mm Kv=256 Ks=121; shear/roll: Fmax=434 N dmax=14.7 mm Kv=146 Ks=123; bar 14.3x9.5 mm; 4 holes; hole pitch 114.3; thread M6X1.0; max insert torque 4.3 Nm
EKD/OVICTOR Vibration Isolator catalogue (2023),OVTW wire rope isolator,OVTW48-50-10,wire rope helical,4.8,10,127,1.2,38,6.9,43,,751,391,121,224,,15.7,,cat p.18-19; Ks_comp=198; 45deg comp/roll: Fmax=532 N dmax=22.9 mm Kv=224 Ks=98; shear/roll: Fmax=404 N dmax=16.8 mm Kv=121 Ks=102; bar 14.3x9.5 mm; 4 holes; hole pitch 114.3; thread M6X1.0; max insert torque 4.3 Nm
EKD/OVICTOR Vibration Isolator catalogue (2023),OVTW wire rope isolator,OVTW48-60-10,wire rope helical,4.8,10,127,46,41,6.9,0.22,,666,317,91,183,,18.8,,cat p.18-19; Ks_comp=152; 45deg comp/roll: Fmax=485 N dmax=26.9 mm Kv=183 Ks=75; shear/roll: Fmax=376 N dmax=19.8 mm Kv=91 Ks=77; bar 14.3x9.5 mm; 4 holes; hole pitch 114.3; thread M6X1.0; max insert torque 4.3 Nm
EKD/OVICTOR Vibration Isolator catalogue (2023),OVTW wire rope isolator,OVTW48-70-10,wire rope helical,4.8,10,127,48,43,6.9,0.25,,636,276,78,160,,20.8,,cat p.18-19; Ks_comp=125; 45deg comp/roll: Fmax=455 N dmax=29 mm Kv=160 Ks=64; shear/roll: Fmax=347 N dmax=21.8 mm Kv=78 Ks=66; bar 14.3x9.5 mm; 4 holes; hole pitch 114.3; thread M6X1.0; max insert torque 4.3 Nm
EKD/OVICTOR Vibration Isolator catalogue (2023),OVTW wire rope isolator,OVTW48-80-10,wire rope helical,4.8,10,127,58,51,6.9,0.26,,475,177,46,100,,26.9,,cat p.18-19; Ks_comp=75; 45deg comp/roll: Fmax=338 N dmax=38.1 mm Kv=100 Ks=36; shear/roll: Fmax=260 N dmax=27.9 mm Kv=46 Ks=38; bar 14.3x9.5 mm; 4 holes; hole pitch 114.3; thread M6X1.0; max insert torque 4.3 Nm
EKD/OVICTOR Vibration Isolator catalogue (2023),OVTW wire rope isolator,OVTW48-85-10,wire rope helical,4.8,10,127,75,54,6.9,0.27,,307,107,14.3,64,,29.5,,cat p.18-19; Ks_comp=43; 45deg comp/roll: Fmax=230 N dmax=41.7 mm Kv=64 Ks=23; shear/roll: Fmax=75 N dmax=31 mm Kv=14.3 Ks=12; bar 14.3x9.5 mm; 4 holes; hole pitch 114.3; thread M6X1.0; max insert torque 4.3 Nm
EKD/OVICTOR Vibration Isolator catalogue (2023),OVTW wire rope isolator,OVTW48-90-10,wire rope helical,4.8,10,127,3.5,62,6.9,88,,231,70,7,43,,36.6,,cat p.18-19; Ks_comp=27; 45deg comp/roll: Fmax=177 N dmax=51.3 mm Kv=43 Ks=14; shear/roll: Fmax=52 N dmax=38.1 mm Kv=7 Ks=5.8; bar 14.3x9.5 mm; 4 holes; hole pitch 114.3; thread M6X1.0; max insert torque 4.3 Nm
EKD/OVICTOR Vibration Isolator catalogue (2023),OVTW wire rope isolator,OVTW48-95-10,wire rope helical,4.8,10,127,107,81,6.9,0.29,,156,38,3,24,,52.8,,cat p.18-19; Ks_comp=13; 45deg comp/roll: Fmax=118 N dmax=74.7 mm Kv=24 Ks=7; shear/roll: Fmax=29 N dmax=55.9 mm Kv=3 Ks=2.5; bar 14.3x9.5 mm; 4 holes; hole pitch 114.3; thread M6X1.0; max insert torque 4.3 Nm
EKD/OVICTOR Vibration Isolator catalogue (2023),OVTW wire rope isolator,OVTW64-20-08,wire rope helical,6.4,8,146.1,56,48,6.9,0.38,,1088,534,154,301,,17.8,,cat p.20-21; Ks_comp=254; 45deg comp/roll: Fmax=778 N dmax=25.9 mm Kv=301 Ks=124; shear/roll: Fmax=592 N dmax=18.8 mm Kv=154 Ks=121; bar 15.9x12.7 mm; 4 holes; hole pitch 131.1; thread M6X1.0; max insert torque 4.3 Nm
EKD/OVICTOR Vibration Isolator catalogue (2023),OVTW wire rope isolator,OVTW64-40-08,wire rope helical,6.4,8,146.1,64,54,6.9,0.41,,932,372,100,211,,23.9,,cat p.20-21; Ks_comp=162; 45deg comp/roll: Fmax=653 N dmax=34 mm Kv=211 Ks=81; shear/roll: Fmax=498 N dmax=24.9 mm Kv=100 Ks=79; bar 15.9x12.7 mm; 4 holes; hole pitch 131.1; thread M6X1.0; max insert torque 4.3 Nm
EKD/OVICTOR Vibration Isolator catalogue (2023),OVTW wire rope isolator,OVTW64-50-08,wire rope helical,6.4,8,146.1,71,59,6.9,0.43,,778,274,68,152,,29,,cat p.20-21; Ks_comp=110; 45deg comp/roll: Fmax=546 N dmax=39.6 mm Kv=152 Ks=56; shear/roll: Fmax=435 N dmax=30 mm Kv=68 Ks=54; bar 15.9x12.7 mm; 4 holes; hole pitch 131.1; thread M6X1.0; max insert torque 4.3 Nm
EKD/OVICTOR Vibration Isolator catalogue (2023),OVTW wire rope isolator,OVTW64-60-08,wire rope helical,6.4,8,146.1,80,64,6.9,0.47,,623,211,52,120,,32,,cat p.20-21; Ks_comp=84; 45deg comp/roll: Fmax=449 N dmax=45.7 mm Kv=120 Ks=42; shear/roll: Fmax=343 N dmax=34 mm Kv=52 Ks=41; bar 15.9x12.7 mm; 4 holes; hole pitch 131.1; thread M6X1.0; max insert torque 4.3 Nm
EKD/OVICTOR Vibration Isolator catalogue (2023),OVTW wire rope isolator,OVTW64-70-08,wire rope helical,6.4,8,146.1,89,64,6.9,0.52,,540,178,45,100,,32,,cat p.20-21; Ks_comp=71; 45deg comp/roll: Fmax=382 N dmax=45.7 mm Kv=100 Ks=35; shear/roll: Fmax=310 N dmax=34 mm Kv=45 Ks=35; bar 15.9x12.7 mm; 4 holes; hole pitch 131.1; thread M6X1.0; max insert torque 4.3 Nm
EKD/OVICTOR Vibration Isolator catalogue (2023),OVTW wire rope isolator,OVTW64-80-08,wire rope helical,6.4,8,146.1,95,67,6.9,0.54,,490,152,35,85,,35.6,,cat p.20-21; Ks_comp=59; 45deg comp/roll: Fmax=347 N dmax=50.8 mm Kv=85 Ks=29; shear/roll: Fmax=280 N dmax=38.1 mm Kv=35 Ks=28; bar 15.9x12.7 mm; 4 holes; hole pitch 131.1; thread M6X1.0; max insert torque 4.3 Nm
EKD/OVICTOR Vibration Isolator catalogue (2023),OVTW wire rope isolator,OVTW64-85-08,wire rope helical,6.4,8,146.1,100,67,6.9,0.57,,455,140,32,78,,35.6,,cat p.20-21; Ks_comp=55; 45deg comp/roll: Fmax=320 N dmax=50.8 mm Kv=78 Ks=26; shear/roll: Fmax=249 N dmax=38.1 mm Kv=32 Ks=25; bar 15.9x12.7 mm; 4 holes; hole pitch 131.1; thread M6X1.0; max insert torque 4.3 Nm
EKD/OVICTOR Vibration Isolator catalogue (2023),OVTW wire rope isolator,OVTW64-90-08,wire rope helical,6.4,8,146.1,108,83,6.9,0.59,,415,103,22,57,,50.8,,cat p.20-21; Ks_comp=35; 45deg comp/roll: Fmax=292 N dmax=71.6 mm Kv=57 Ks=17; shear/roll: Fmax=218 N dmax=52.8 mm Kv=22 Ks=18; bar 15.9x12.7 mm; 4 holes; hole pitch 131.1; thread M6X1.0; max insert torque 4.3 Nm
EKD/OVICTOR Vibration Isolator catalogue (2023),OVTW wire rope isolator,OVTW95-26-06,wire rope helical,9.5,6,169.2,84,71,7.4,0.83,,1526,385,137,248,,34,,cat p.22-23; Ks_comp=189; 45deg comp/roll: Fmax=1246 N dmax=47.8 mm Kv=248 Ks=108; shear/roll: Fmax=965 N dmax=36.1 mm Kv=137 Ks=108; bar 25.4x16.3 mm; 8 holes; hole positions 44.5/111.1/155.6 from first hole; thread M6X1.0; max insert torque 10 Nm
EKD/OVICTOR Vibration Isolator catalogue (2023),OVTW wire rope isolator,OVTW95-36-06,wire rope helical,9.5,6,169.2,89,74,7.4,0.85,,1432,336,118,218,,37.1,,cat p.22-23; Ks_comp=160; 45deg comp/roll: Fmax=1152 N dmax=51.8 mm Kv=218 Ks=94; shear/roll: Fmax=903 N dmax=39.1 mm Kv=118 Ks=93; bar 25.4x16.3 mm; 8 holes; hole positions 44.5/111.1/155.6 from first hole; thread M6X1.0; max insert torque 10 Nm
EKD/OVICTOR Vibration Isolator catalogue (2023),OVTW wire rope isolator,OVTW95-46-06,wire rope helical,9.5,6,169.2,105,76,7.4,0.9,,1121,252,81,168,,40.1,,cat p.22-23; Ks_comp=118; 45deg comp/roll: Fmax=934 N dmax=55.9 mm Kv=168 Ks=69; shear/roll: Fmax=685 N dmax=42.2 mm Kv=81 Ks=64; bar 25.4x16.3 mm; 8 holes; hole positions 44.5/111.1/155.6 from first hole; thread M6X1.0; max insert torque 10 Nm
EKD/OVICTOR Vibration Isolator catalogue (2023),OVTW wire rope isolator,OVTW95-56-06,wire rope helical,9.5,6,169.2,108,83,7.4,0.95,,1028,216,69,144,,44.7,,cat p.22-23; Ks_comp=95; 45deg comp/roll: Fmax=872 N dmax=63 mm Kv=144 Ks=56; shear/roll: Fmax=654 N dmax=47.2 mm Kv=69 Ks=54; bar 25.4x16.3 mm; 8 holes; hole positions 44.5/111.1/155.6 from first hole; thread M6X1.0; max insert torque 10 Nm
EKD/OVICTOR Vibration Isolator catalogue (2023),OVTW wire rope isolator,OVTW95-66-06,wire rope helical,9.5,6,169.2,108,89,7.4,0.98,,997,192,62,129,,49.8,,cat p.22-23; Ks_comp=84; 45deg comp/roll: Fmax=841 N dmax=71.1 mm Kv=129 Ks=49; shear/roll: Fmax=623 N dmax=52.8 mm Kv=62 Ks=48; bar 25.4x16.3 mm; 8 holes; hole positions 44.5/111.1/155.6 from first hole; thread M6X1.0; max insert torque 10 Nm
EKD/OVICTOR Vibration Isolator catalogue (2023),OVTW wire rope isolator,OVTW95-76-06,wire rope helical,9.5,6,169.2,121,105,7.4,1.07,,554,91,28,62,,66,,cat p.22-23; Ks_comp=35; 45deg comp/roll: Fmax=477 N dmax=91.9 mm Kv=62 Ks=23; shear/roll: Fmax=280 N dmax=68.1 mm Kv=28 Ks=22; bar 25.4x16.3 mm; 8 holes; hole positions 44.5/111.1/155.6 from first hole; thread M6X1.0; max insert torque 10 Nm
EKD/OVICTOR Vibration Isolator catalogue (2023),OVTW wire rope isolator,OVTW95-86-06,wire rope helical,9.5,6,169.2,140,108,7.4,1.12,,448,71,21,50,,68.1,,cat p.22-23; Ks_comp=27; 45deg comp/roll: Fmax=392 N dmax=95 mm Kv=50 Ks=17; shear/roll: Fmax=218 N dmax=71.1 mm Kv=21 Ks=16; bar 25.4x16.3 mm; 8 holes; hole positions 44.5/111.1/155.6 from first hole; thread M6X1.0; max insert torque 10 Nm
EKD/OVICTOR Vibration Isolator catalogue (2023),OVTW wire rope isolator,OVTW95-20-08,wire rope helical,9.5,8,215.9,84,71,9,1.1,,2055,512,182,330,,34,,"cat p.24-25; Ks_comp=251; 45deg comp/roll: Fmax=1651 N dmax=47.8 mm Kv=330 Ks=144; shear/roll: Fmax=1277 N dmax=36.1 mm Kv=182 Ks=145; bar 25.4x16.3 mm; 8 holes; hole positions 44.5/111.1/155.6 as printed (same as 6-loop drawing, suspect copy); thread M8X1.25; max insert torque 20 Nm"
EKD/OVICTOR Vibration Isolator catalogue (2023),OVTW wire rope isolator,OVTW95-30-08,wire rope helical,9.5,8,215.9,89,74,9,1.13,,1900,448,157,291,,37.1,,"cat p.24-25; Ks_comp=213; 45deg comp/roll: Fmax=1526 N dmax=51.8 mm Kv=291 Ks=123; shear/roll: Fmax=1214 N dmax=39.1 mm Kv=157 Ks=123; bar 25.4x16.3 mm; 8 holes; hole positions 44.5/111.1/155.6 as printed (same as 6-loop drawing, suspect copy); thread M8X1.25; max insert torque 20 Nm"
EKD/OVICTOR Vibration Isolator catalogue (2023),OVTW wire rope isolator,OVTW95-40-08,wire rope helical,9.5,8,215.9,105,76,9,1.2,,1495,339,108,223,,40.1,,"cat p.24-25; Ks_comp=154; 45deg comp/roll: Fmax=1246 N dmax=55.9 mm Kv=223 Ks=91; shear/roll: Fmax=934 N dmax=42.2 mm Kv=108 Ks=85; bar 25.4x16.3 mm; 8 holes; hole positions 44.5/111.1/155.6 as printed (same as 6-loop drawing, suspect copy); thread M8X1.25; max insert torque 20 Nm"
EKD/OVICTOR Vibration Isolator catalogue (2023),OVTW wire rope isolator,OVTW95-50-08,wire rope helical,9.5,8,215.9,108,83,9,1.26,,1370,287,91,192,,44.7,,"cat p.24-25; Ks_comp=127; 45deg comp/roll: Fmax=1152 N dmax=63 mm Kv=192 Ks=76; shear/roll: Fmax=872 N dmax=47.2 mm Kv=91 Ks=72; bar 25.4x16.3 mm; 8 holes; hole positions 44.5/111.1/155.6 as printed (same as 6-loop drawing, suspect copy); thread M8X1.25; max insert torque 20 Nm"
EKD/OVICTOR Vibration Isolator catalogue (2023),OVTW wire rope isolator,OVTW95-60-08,wire rope helical,9.5,8,215.9,108,89,9,1.3,,1308,259,84,172,,49.8,,"cat p.24-25; Ks_comp=111; 45deg comp/roll: Fmax=1089 N dmax=71.1 mm Kv=172 Ks=66; shear/roll: Fmax=841 N dmax=52.8 mm Kv=84 Ks=67; bar 25.4x16.3 mm; 8 holes; hole positions 44.5/111.1/155.6 as printed (same as 6-loop drawing, suspect copy); thread M8X1.25; max insert torque 20 Nm"
EKD/OVICTOR Vibration Isolator catalogue (2023),OVTW wire rope isolator,OVTW95-70-08,wire rope helical,9.5,8,215.9,121,105,9,1.43,,748,120,38,84,,66,,"cat p.24-25; Ks_comp=46; 45deg comp/roll: Fmax=654 N dmax=91.9 mm Kv=84 Ks=30; shear/roll: Fmax=374 N dmax=68.1 mm Kv=38 Ks=30; bar 25.4x16.3 mm; 8 holes; hole positions 44.5/111.1/155.6 as printed (same as 6-loop drawing, suspect copy); thread M8X1.25; max insert torque 20 Nm"
EKD/OVICTOR Vibration Isolator catalogue (2023),OVTW wire rope isolator,OVTW95-80-08,wire rope helical,9.5,8,215.9,140,108,9,1.5,,592,94,27,66,,68.1,,"cat p.24-25; Ks_comp=36; 45deg comp/roll: Fmax=522 N dmax=95 mm Kv=66 Ks=23; shear/roll: Fmax=280 N dmax=71.1 mm Kv=27 Ks=21; bar 25.4x16.3 mm; 8 holes; hole positions 44.5/111.1/155.6 as printed (same as 6-loop drawing, suspect copy); thread M8X1.25; max insert torque 20 Nm"
EKD/OVICTOR Vibration Isolator catalogue (2023),OVTW wire rope isolator,OVTW127-26-06,wire rope helical,12.7,6,177.8,92,76,9.0,1.36,,3830,1002,309,567,,32,,cat p.26-27; Ks_comp=493; 45deg comp/roll: Fmax=2709 N dmax=44.7 mm Kv=567 Ks=248; shear/roll: Fmax=2086 N dmax=33 mm Kv=309 Ks=244; bar 25.4x19.6 mm; 8 holes; hole positions 44.5/111.1/155.6; thread M8X1.25; max insert torque 20 Nm
EKD/OVICTOR Vibration Isolator catalogue (2023),OVTW wire rope isolator,OVTW127-36-06,wire rope helical,12.7,6,177.8,102,83,9.0,1.43,,3208,743,218,417,,38.1,,cat p.26-27; Ks_comp=349; 45deg comp/roll: Fmax=2274 N dmax=52.8 mm Kv=417 Ks=176; shear/roll: Fmax=1712 N dmax=40.1 mm Kv=218 Ks=220; bar 25.4x19.6 mm; 8 holes; hole positions 44.5/111.1/155.6; thread M8X1.25; max insert torque 20 Nm
EKD/OVICTOR Vibration Isolator catalogue (2023),OVTW wire rope isolator,OVTW127-46-06,wire rope helical,12.7,6,177.8,105,89,9.0,1.5,,3020,645,182,368,,43.2,,cat p.26-27; Ks_comp=291; 45deg comp/roll: Fmax=2149 N dmax=61 mm Kv=368 Ks=147; shear/roll: Fmax=1588 N dmax=45.2 mm Kv=182 Ks=184; bar 25.4x19.6 mm; 8 holes; hole positions 44.5/111.1/155.6; thread M8X1.25; max insert torque 20 Nm
EKD/OVICTOR Vibration Isolator catalogue (2023),OVTW wire rope isolator,OVTW127-66-06,wire rope helical,12.7,6,177.8,121,95,9.0,1.67,,2430,480,127,272,,48.8,,cat p.26-27; Ks_comp=206; 45deg comp/roll: Fmax=1712 N dmax=68.6 mm Kv=272 Ks=105; shear/roll: Fmax=1277 N dmax=50.8 mm Kv=127 Ks=130; bar 25.4x19.6 mm; 8 holes; hole positions 44.5/111.1/155.6; thread M8X1.25; max insert torque 20 Nm
EKD/OVICTOR Vibration Isolator catalogue (2023),OVTW wire rope isolator,OVTW127-76-06,wire rope helical,12.7,6,177.8,133,108,9.0,1.81,,2055,358,84,202,,59.9,,cat p.26-27; Ks_comp=144; 45deg comp/roll: Fmax=1463 N dmax=84.8 mm Kv=202 Ks=72; shear/roll: Fmax=841 N dmax=56.9 mm Kv=84 Ks=84; bar 25.4x19.6 mm; 8 holes; hole positions 44.5/111.1/155.6; thread M8X1.25; max insert torque 20 Nm
EKD/OVICTOR Vibration Isolator catalogue (2023),OVTW wire rope isolator,OVTW127-86-06,wire rope helical,12.7,6,177.8,144,124,9.0,2.02,,1806,274,64,154,,74.7,,cat p.26-27; Ks_comp=101; 45deg comp/roll: Fmax=1277 N dmax=105.7 mm Kv=154 Ks=53; shear/roll: Fmax=623 N dmax=77.7 mm Kv=64 Ks=65; bar 25.4x19.6 mm; 8 holes; hole positions 44.5/111.1/155.6; thread M8X1.25; max insert torque 20 Nm
EKD/OVICTOR Vibration Isolator catalogue (2023),OVTW wire rope isolator,OVTW127-89-06,wire rope helical,12.7,6,177.8,156,137,9.0,2.18,,1588,216,46,123,,85.9,,cat p.26-27; Ks_comp=76; 45deg comp/roll: Fmax=1121 N dmax=121.9 mm Kv=123 Ks=40; shear/roll: Fmax=468 N dmax=90.9 mm Kv=46 Ks=48; bar 25.4x19.6 mm; 8 holes; hole positions 44.5/111.1/155.6; thread M8X1.25; max insert torque 20 Nm
EKD/OVICTOR Vibration Isolator catalogue (2023),OVTW wire rope isolator,OVTW127-96-06,wire rope helical,12.7,6,177.8,180,155,9.0,2.31,,1277,155,32,87,,102.6,,cat p.26-27; Ks_comp=52; 45deg comp/roll: Fmax=872 N dmax=144.8 mm Kv=87 Ks=28; shear/roll: Fmax=311 N dmax=107.7 mm Kv=32 Ks=33; bar 25.4x19.6 mm; 8 holes; hole positions 44.5/111.1/155.6; thread M8X1.25; max insert torque 20 Nm
EKD/OVICTOR Vibration Isolator catalogue (2023),OVTW wire rope isolator,OVTW127-20-08,wire rope helical,12.7,8,215.9,92,76,9,1.81,,5107,1336,412,755,,32,,"cat p.28-29; Ks_comp=660; 45deg comp/roll: Fmax=3612 N dmax=44.7 mm Kv=755 Ks=330; shear/roll: Fmax=4110 N dmax=33 mm Kv=412 Ks=323; bar 25.4x19.6 mm; 8 holes; hole positions 44.5/111.1/155.6 as printed (same as 6-loop drawing, suspect copy); thread M8X1.25; max insert torque 20 Nm"
EKD/OVICTOR Vibration Isolator catalogue (2023),OVTW wire rope isolator,OVTW127-30-08,wire rope helical,12.7,8,215.9,102,83,9,1.91,,4266,991,290,557,,38.1,,"cat p.28-29; Ks_comp=466; 45deg comp/roll: Fmax=3020 N dmax=52.8 mm Kv=557 Ks=235; shear/roll: Fmax=2398 N dmax=40.1 mm Kv=290 Ks=290; bar 25.4x19.6 mm; 8 holes; hole positions 44.5/111.1/155.6 as printed (same as 6-loop drawing, suspect copy); thread M8X1.25; max insert torque 20 Nm"
EKD/OVICTOR Vibration Isolator catalogue (2023),OVTW wire rope isolator,OVTW127-40-08,wire rope helical,12.7,8,215.9,105,89,9,2,,4017,858,242,489,,43.2,,"cat p.28-29; Ks_comp=389; 45deg comp/roll: Fmax=2864 N dmax=61 mm Kv=489 Ks=193; shear/roll: Fmax=2180 N dmax=45.2 mm Kv=242 Ks=190; bar 25.4x19.6 mm; 8 holes; hole positions 44.5/111.1/155.6 as printed (same as 6-loop drawing, suspect copy); thread M8X1.25; max insert torque 20 Nm"
EKD/OVICTOR Vibration Isolator catalogue (2023),OVTW wire rope isolator,OVTW127-60-08,wire rope helical,12.7,8,215.9,121,95,9,2.22,,3238,640,169,363,,48.8,,"cat p.28-29; Ks_comp=274; 45deg comp/roll: Fmax=2274 N dmax=68.6 mm Kv=363 Ks=137; shear/roll: Fmax=1681 N dmax=50.8 mm Kv=169 Ks=133; bar 25.4x19.6 mm; 8 holes; hole positions 44.5/111.1/155.6 as printed (same as 6-loop drawing, suspect copy); thread M8X1.25; max insert torque 20 Nm"
EKD/OVICTOR Vibration Isolator catalogue (2023),OVTW wire rope isolator,OVTW127-70-08,wire rope helical,12.7,8,215.9,133,108,9,2.4,,2440,476,113,270,,59.9,,"cat p.28-29; Ks_comp=192; 45deg comp/roll: Fmax=1961 N dmax=84.8 mm Kv=270 Ks=95; shear/roll: Fmax=1121 N dmax=56.9 mm Kv=113 Ks=89; bar 25.4x19.6 mm; 8 holes; hole positions 44.5/111.1/155.6 as printed (same as 6-loop drawing, suspect copy); thread M8X1.25; max insert torque 20 Nm"
EKD/OVICTOR Vibration Isolator catalogue (2023),OVTW wire rope isolator,OVTW127-80-08,wire rope helical,12.7,8,215.9,144,124,9,2.7,,2430,365,84,206,,74.7,,"cat p.28-29; Ks_comp=135; 45deg comp/roll: Fmax=1712 N dmax=105.7 mm Kv=206 Ks=69; shear/roll: Fmax=841 N dmax=77.7 mm Kv=84 Ks=66; bar 25.4x19.6 mm; 8 holes; hole positions 44.5/111.1/155.6 as printed (same as 6-loop drawing, suspect copy); thread M8X1.25; max insert torque 20 Nm"
EKD/OVICTOR Vibration Isolator catalogue (2023),OVTW wire rope isolator,OVTW127-85-08,wire rope helical,12.7,8,215.9,156,137,9,2.9,,2117,290,64,164,,85.9,,"cat p.28-29; Ks_comp=104; 45deg comp/roll: Fmax=1495 N dmax=121.9 mm Kv=164 Ks=52; shear/roll: Fmax=623 N dmax=90.9 mm Kv=64 Ks=51; bar 25.4x19.6 mm; 8 holes; hole positions 44.5/111.1/155.6 as printed (same as 6-loop drawing, suspect copy); thread M8X1.25; max insert torque 20 Nm"
EKD/OVICTOR Vibration Isolator catalogue (2023),OVTW wire rope isolator,OVTW127-90-08,wire rope helical,12.7,8,215.9,180,155,9,3.09,,1681,207,42,116,,102.6,,"cat p.28-29; Ks_comp=69; 45deg comp/roll: Fmax=1152 N dmax=144.8 mm Kv=116 Ks=35; shear/roll: Fmax=407 N dmax=107.7 mm Kv=42 Ks=33; bar 25.4x19.6 mm; 8 holes; hole positions 44.5/111.1/155.6 as printed (same as 6-loop drawing, suspect copy); thread M8X1.25; max insert torque 20 Nm"
EKD/OVICTOR Vibration Isolator catalogue (2023),OVTW wire rope isolator,OVTW159-20-08,wire rope helical,15.9,8,266.7,102,89,11.0,3,,9030,2346,734,1331,,31.8,,cat p.30-31; Ks_comp=1189; 45deg comp/roll: Fmax=6352 N dmax=45.7 mm Kv=1331 Ks=587; shear/roll: Fmax=4920 N dmax=34.3 mm Kv=734 Ks=577; bar 25.4x27.6 mm; 8 holes; hole positions 54.6/136.5/191.1; thread M10X1.25; max insert torque 50 Nm
EKD/OVICTOR Vibration Isolator catalogue (2023),OVTW wire rope isolator,OVTW159-30-08,wire rope helical,15.9,8,266.7,112,99,11.0,3.2,,7660,1763,525,1037,,38.1,,cat p.30-31; Ks_comp=853; 45deg comp/roll: Fmax=5573 N dmax=54.6 mm Kv=1037 Ks=427; shear/roll: Fmax=4235 N dmax=40.6 mm Kv=525 Ks=413; bar 25.4x27.6 mm; 8 holes; hole positions 54.6/136.5/191.1; thread M10X1.25; max insert torque 50 Nm
EKD/OVICTOR Vibration Isolator catalogue (2023),OVTW wire rope isolator,OVTW159-40-08,wire rope helical,15.9,8,266.7,121,102,11.0,3.4,,7100,1547,431,878,,41.9,,cat p.30-31; Ks_comp=706; 45deg comp/roll: Fmax=5013 N dmax=59.7 mm Kv=878 Ks=350; shear/roll: Fmax=3674 N dmax=43.2 mm Kv=431 Ks=339; bar 25.4x27.6 mm; 8 holes; hole positions 54.6/136.5/191.1; thread M10X1.25; max insert torque 50 Nm
EKD/OVICTOR Vibration Isolator catalogue (2023),OVTW wire rope isolator,OVTW159-60-08,wire rope helical,15.9,8,266.7,135,109,11.0,3.7,,5886,1150,301,655,,49.5,,cat p.30-31; Ks_comp=498; 45deg comp/roll: Fmax=4172 N dmax=71.1 mm Kv=655 Ks=248; shear/roll: Fmax=2989 N dmax=52.1 mm Kv=301 Ks=237; bar 25.4x27.6 mm; 8 holes; hole positions 54.6/136.5/191.1; thread M10X1.25; max insert torque 50 Nm
EKD/OVICTOR Vibration Isolator catalogue (2023),OVTW wire rope isolator,OVTW159-70-08,wire rope helical,15.9,8,266.7,152,119,11.0,4,,4920,862,213,490,,58.4,,cat p.30-31; Ks_comp=353; 45deg comp/roll: Fmax=3487 N dmax=83.8 mm Kv=490 Ks=174; shear/roll: Fmax=2117 N dmax=61 mm Kv=213 Ks=167; bar 25.4x27.6 mm; 8 holes; hole positions 54.6/136.5/191.1; thread M10X1.25; max insert torque 50 Nm
EKD/OVICTOR Vibration Isolator catalogue (2023),OVTW wire rope isolator,OVTW159-80-08,wire rope helical,15.9,8,266.7,165,127,11.0,4.31,,4452,715,172,399,,67.3,,cat p.30-31; Ks_comp=274; 45deg comp/roll: Fmax=3144 N dmax=94 mm Kv=399 Ks=137; shear/roll: Fmax=1712 N dmax=69.9 mm Kv=172 Ks=136; bar 25.4x27.6 mm; 8 holes; hole positions 54.6/136.5/191.1; thread M10X1.25; max insert torque 50 Nm
EKD/OVICTOR Vibration Isolator catalogue (2023),OVTW wire rope isolator,OVTW159-90-08,wire rope helical,15.9,8,266.7,178,135,11.0,4.63,,3923,598,137,333,,73.7,,cat p.30-31; Ks_comp=223; 45deg comp/roll: Fmax=2771 N dmax=101.6 mm Kv=333 Ks=113; shear/roll: Fmax=1370 N dmax=76.2 mm Kv=137 Ks=108; bar 25.4x27.6 mm; 8 holes; hole positions 54.6/136.5/191.1; thread M10X1.25; max insert torque 50 Nm
EKD/OVICTOR Vibration Isolator catalogue (2023),OVTW wire rope isolator,OVTW222-20-08,wire rope helical,22.2,8,368.3,140,133,13.5,8.4,,17200,3307,865,1887,,50.8,,"cat p.32-33; Ks_comp=1414; 45deg comp/roll: Fmax=12210 N dmax=72.4 mm Kv=1887 Ks=704; shear/roll: Fmax=8600 N dmax=53.3 mm Kv=865 Ks=680; loads printed in kN, converted x1000; bar 38.1x40 mm; 8 holes; hole positions 76.2/190.5/266.7; thread M12X1.75; max insert torque 100 Nm"
EKD/OVICTOR Vibration Isolator catalogue (2023),OVTW wire rope isolator,OVTW222-40-08,wire rope helical,22.2,8,368.3,165,152,13.5,9.53,,13200,2118,498,1204,,67.3,,"cat p.32-33; Ks_comp=819; 45deg comp/roll: Fmax=9340 N dmax=96.5 mm Kv=1204 Ks=405; shear/roll: Fmax=4960 N dmax=71.1 mm Kv=498 Ks=392; loads printed in kN, converted x1000; bar 38.1x40 mm; 8 holes; hole positions 76.2/190.5/266.7; thread M12X1.75; max insert torque 100 Nm"
EKD/OVICTOR Vibration Isolator catalogue (2023),OVTW wire rope isolator,OVTW222-60-08,wire rope helical,22.2,8,368.3,178,159,13.5,9.9,,11830,1778,407,1005,,74.9,,"cat p.32-33; Ks_comp=657; 45deg comp/roll: Fmax=8410 N dmax=105.4 mm Kv=1005 Ks=329; shear/roll: Fmax=4050 N dmax=77.5 mm Kv=407 Ks=320; loads printed in kN, converted x1000; bar 38.1x40 mm; 8 holes; hole positions 76.2/190.5/266.7; thread M12X1.75; max insert torque 100 Nm"
EKD/OVICTOR Vibration Isolator catalogue (2023),OVTW wire rope isolator,OVTW222-80-08,wire rope helical,22.2,8,368.3,210,191,13.5,11.5,,9160,1120,228,627,,102.9,,"cat p.32-33; Ks_comp=368; 45deg comp/roll: Fmax=6230 N dmax=144.8 mm Kv=627 Ks=183; shear/roll: Fmax=2270 N dmax=108 mm Kv=228 Ks=179; loads printed in kN, converted x1000; bar 38.1x40 mm; 8 holes; hole positions 76.2/190.5/266.7; thread M12X1.75; max insert torque 100 Nm"
EKD/OVICTOR Vibration Isolator catalogue (2023),OVTW wire rope isolator,OVTW222-90-08,wire rope helical,22.2,8,368.3,235,216,13.5,12.7,,7600,819,157,458,,125.7,,"cat p.32-33; Ks_comp=252; 45deg comp/roll: Fmax=4550 N dmax=177.8 mm Kv=458 Ks=125; shear/roll: Fmax=1550 N dmax=132.1 mm Kv=157 Ks=123; loads printed in kN, converted x1000; bar 38.1x40 mm; 8 holes; hole positions 76.2/190.5/266.7; thread M12X1.75; max insert torque 100 Nm"
EKD/OVICTOR Vibration Isolator catalogue (2023),OVTW wire rope isolator,OVTW222-95-08,wire rope helical,22.2,8,368.3,286,216,13.5,13.9,,5240,528,108,297,,125.7,,"cat p.32-33; Ks_comp=193; 45deg comp/roll: Fmax=2950 N dmax=177.8 mm Kv=297 Ks=98; shear/roll: Fmax=1060 N dmax=132.1 mm Kv=108 Ks=85; loads printed in kN, converted x1000; bar 38.1x40 mm; 8 holes; hole positions 76.2/190.5/266.7; thread M12X1.75; max insert torque 100 Nm"
EKD/OVICTOR Vibration Isolator catalogue (2023),OVTW wire rope isolator,OVTW286-20-08,wire rope helical,28.6,8,520.7,216,178,19.8,20.9,,23600,3788,890,2157,,67.3,,"cat p.34-35; Ks_comp=1462; 45deg comp/roll: Fmax=16760 N dmax=96.5 mm Kv=2157 Ks=725; shear/roll: Fmax=8850 N dmax=71.1 mm Kv=890 Ks=700; loads printed in kN, converted x1000; bar 50.8x52.5 mm; 8 holes; hole positions 108/269.9/377.8; thread M18X2.5; max insert torque 300 Nm"
EKD/OVICTOR Vibration Isolator catalogue (2023),OVTW wire rope isolator,OVTW286-40-08,wire rope helical,28.6,8,520.7,6.5,216,19.8,241,,20300,2484,505,1390,,102.9,,"cat p.34-35; Ks_comp=816; 45deg comp/roll: Fmax=13830 N dmax=144.8 mm Kv=1390 Ks=409; shear/roll: Fmax=5040 N dmax=108 mm Kv=505 Ks=398; loads printed in kN, converted x1000; bar 50.8x52.5 mm; 8 holes; hole positions 108/269.9/377.8; thread M18X2.5; max insert torque 300 Nm"
EKD/OVICTOR Vibration Isolator catalogue (2023),OVTW wire rope isolator,OVTW286-60-08,wire rope helical,28.6,8,520.7,260,235,19.8,25,,17880,1981,385,1119,,119.4,,"cat p.34-35; Ks_comp=623; 45deg comp/roll: Fmax=11140 N dmax=168.9 mm Kv=1119 Ks=311; shear/roll: Fmax=3840 N dmax=125.7 mm Kv=385 Ks=303; loads printed in kN, converted x1000; bar 50.8x52.5 mm; 8 holes; hole positions 108/269.9/377.8; thread M18X2.5; max insert torque 300 Nm"
EKD/OVICTOR Vibration Isolator catalogue (2023),OVTW wire rope isolator,OVTW318-20-08,wire rope helical,31.8,8,520.7,210,178,19.8,24,,30270,4855,1175,2755,,67.3,,"cat p.36-37; Ks_comp=1873; 45deg comp/roll: Fmax=21420 N dmax=96.5 mm Kv=2755 Ks=927; shear/roll: Fmax=11650 N dmax=71.1 mm Kv=1175 Ks=923; loads printed in kN, converted x1000; bar 50.8x52.5 mm; 8 holes; hole positions 108/269.9/377.8; thread M18X2.5; max insert torque 300 Nm"
EKD/OVICTOR Vibration Isolator catalogue (2023),OVTW wire rope isolator,OVTW318-40-08,wire rope helical,31.8,8,520.7,248,216,19.8,27.2,,24650,3130,655,2158,,96.5,,"cat p.36-37; Ks_comp=1061; 45deg comp/roll: Fmax=17370 N dmax=137.2 mm Kv=2158 Ks=529; shear/roll: Fmax=6500 N dmax=101.6 mm Kv=655 Ks=515; loads printed in kN, converted x1000; bar 50.8x52.5 mm; 8 holes; hole positions 108/269.9/377.8; thread M18X2.5; max insert torque 300 Nm"
EKD/OVICTOR Vibration Isolator catalogue (2023),OVTC compact wire rope isolator,OVTC12-10,wire rope compact (single loop),1.2,1,11.2,19,17,3.30,0.05,,3.3,3.9,0.7,2.1,,6.4,,"cat p.38-39; Ks_comp=1.9; 45deg comp/roll: Fmax=1.6 N dmax=8.6 mm Kv=2.1 Ks=0.79; shear/roll: Fmax=1.1 N dmax=7.9 mm Kv=0.7 Ks=0.7; bar 9.7x4.1 mm; bar 11.2x9.7, second bar dim 16.3 as printed; thread M3X0.5; max insert torque 1.2 Nm"
EKD/OVICTOR Vibration Isolator catalogue (2023),OVTC compact wire rope isolator,OVTC12-20,wire rope compact (single loop),1.2,1,11.2,20,19,3.30,0.05,,2.4,2.8,0.44,1.5,,8.4,,"cat p.38-39; Ks_comp=1.2; 45deg comp/roll: Fmax=1.1 N dmax=10.9 mm Kv=1.5 Ks=0.44; shear/roll: Fmax=0.89 N dmax=9.9 mm Kv=0.44 Ks=0.44; bar 9.7x4.1 mm; bar 11.2x9.7, second bar dim 16.3 as printed; thread M3X0.5; max insert torque 1.2 Nm"
EKD/OVICTOR Vibration Isolator catalogue (2023),OVTC compact wire rope isolator,OVTC12-30,wire rope compact (single loop),1.2,1,11.2,23,23,3.30,0.05,,1.8,1.75,0.26,0.88,,11.9,,"cat p.38-39; Ks_comp=0.61; 45deg comp/roll: Fmax=0.76 N dmax=14.7 mm Kv=0.88 Ks=0.26; shear/roll: Fmax=0.71 N dmax=13.2 mm Kv=0.26 Ks=0.26; bar 9.7x4.1 mm; bar 11.2x9.7, second bar dim 16.3 as printed; thread M3X0.5; max insert torque 1.2 Nm"
EKD/OVICTOR Vibration Isolator catalogue (2023),OVTC compact wire rope isolator,OVTC12-40,wire rope compact (single loop),1.2,1,11.2,26,26,3.30,0.05,,1.3,1.31,0.13,0.53,,15,,"cat p.38-39; Ks_comp=0.39; 45deg comp/roll: Fmax=0.49 N dmax=18.3 mm Kv=0.53 Ks=0.12; shear/roll: Fmax=0.53 N dmax=16.3 mm Kv=0.13 Ks=0.13; bar 9.7x4.1 mm; bar 11.2x9.7, second bar dim 16.3 as printed; thread M3X0.5; max insert torque 1.2 Nm"
EKD/OVICTOR Vibration Isolator catalogue (2023),OVTC compact wire rope isolator,OVTC16-10,wire rope compact (single loop),1.6,1,11.2,20,16,3.30,0.06,,12,11,3,6.1,,5.8,,"cat p.40-41; Ks_comp=6.1; 45deg comp/roll: Fmax=5.8 N dmax=8.1 mm Kv=6.1 Ks=2.8; shear/roll: Fmax=5.6 N dmax=7.4 mm Kv=3 Ks=3; bar 9.7x4.1 mm; bar 11.2x9.7, second bar dim 16.3 as printed; thread M3X0.5; max insert torque 1.2 Nm"
EKD/OVICTOR Vibration Isolator catalogue (2023),OVTC compact wire rope isolator,OVTC16-20,wire rope compact (single loop),1.6,1,11.2,21,19,3.30,0.06,,9.3,8.8,1.8,5.3,,8.4,,"cat p.40-41; Ks_comp=4; 45deg comp/roll: Fmax=4.9 N dmax=10.9 mm Kv=5.3 Ks=1.9; shear/roll: Fmax=4 N dmax=9.9 mm Kv=1.8 Ks=1.8; bar 9.7x4.1 mm; bar 11.2x9.7, second bar dim 16.3 as printed; thread M3X0.5; max insert torque 1.2 Nm"
EKD/OVICTOR Vibration Isolator catalogue (2023),OVTC compact wire rope isolator,OVTC16-30,wire rope compact (single loop),1.6,1,11.2,24,23,3.30,0.07,,6.7,5.3,1.1,3.2,,11.7,,"cat p.40-41; Ks_comp=1.9; 45deg comp/roll: Fmax=3.3 N dmax=14.5 mm Kv=3.2 Ks=1; shear/roll: Fmax=2.9 N dmax=13 mm Kv=1.1 Ks=1.1; bar 9.7x4.1 mm; bar 11.2x9.7, second bar dim 16.3 as printed; thread M3X0.5; max insert torque 1.2 Nm"
EKD/OVICTOR Vibration Isolator catalogue (2023),OVTC compact wire rope isolator,OVTC16-40,wire rope compact (single loop),1.6,1,11.2,27,27,3.30,0.07,,4.9,3.5,0.53,1.9,,15.7,,"cat p.40-41; Ks_comp=1.2; 45deg comp/roll: Fmax=2.2 N dmax=19.1 mm Kv=1.9 Ks=0.51; shear/roll: Fmax=2 N dmax=17.3 mm Kv=0.53 Ks=0.53; bar 9.7x4.1 mm; bar 11.2x9.7, second bar dim 16.3 as printed; thread M3X0.5; max insert torque 1.2 Nm"
EKD/OVICTOR Vibration Isolator catalogue (2023),OVTC compact wire rope isolator,OVTC24-10,wire rope compact (single loop),2.4,1,12.7,22,19,3.30,0.09,,32,26.4,6.7,15.4,,7.1,,"cat p.42-43; Ks_comp=13.2; 45deg comp/roll: Fmax=13.2 N dmax=9.4 mm Kv=15.4 Ks=5.8; shear/roll: Fmax=13.2 N dmax=8.4 mm Kv=6.7 Ks=6.1; bar 9.7x4.8 mm; bar 12.7x9.7, second bar dim 19.3 as printed; thread M3X0.5; max insert torque 1.5 Nm"
EKD/OVICTOR Vibration Isolator catalogue (2023),OVTC compact wire rope isolator,OVTC24-20,wire rope compact (single loop),2.4,1,12.7,24,23,3.30,0.1,,24,13.2,3.9,9.7,,10.4,,"cat p.42-43; Ks_comp=6.8; 45deg comp/roll: Fmax=11 N dmax=13.2 mm Kv=9.7 Ks=3.5; shear/roll: Fmax=9.4 N dmax=11.9 mm Kv=3.9 Ks=3.5; bar 9.7x4.8 mm; bar 12.7x9.7, second bar dim 19.3 as printed; thread M3X0.5; max insert torque 1.5 Nm"
EKD/OVICTOR Vibration Isolator catalogue (2023),OVTC compact wire rope isolator,OVTC24-30,wire rope compact (single loop),2.4,1,12.7,27,27,3.30,0.11,,20,9.3,2,6.4,,14.2,,"cat p.42-43; Ks_comp=3.9; 45deg comp/roll: Fmax=7.4 N dmax=17.3 mm Kv=6.4 Ks=2; shear/roll: Fmax=6.8 N dmax=15.5 mm Kv=2 Ks=1.8; bar 9.7x4.8 mm; bar 12.7x9.7, second bar dim 19.3 as printed; thread M3X0.5; max insert torque 1.5 Nm"
EKD/OVICTOR Vibration Isolator catalogue (2023),OVTC compact wire rope isolator,OVTC24-40,wire rope compact (single loop),2.4,1,12.7,30,33,3.30,0.12,,12,6.4,1.2,3.9,,19.3,,"cat p.42-43; Ks_comp=2.1; 45deg comp/roll: Fmax=4.8 N dmax=22.9 mm Kv=3.9 Ks=1; shear/roll: Fmax=4.8 N dmax=20.6 mm Kv=1.2 Ks=1.1; bar 9.7x4.8 mm; bar 12.7x9.7, second bar dim 19.3 as printed; thread M3X0.5; max insert torque 1.5 Nm"
EKD/OVICTOR Vibration Isolator catalogue (2023),OVTC compact wire rope isolator,OVTC32-10,wire rope compact (single loop),3.2,1,34,47,42,3.3,0.64,,29,14.4,2.3,7.7,,19.6,,"cat p.44-45; Ks_comp=7; 45deg comp/roll: Fmax=13.2 N dmax=19.3 mm Kv=7.7 Ks=3.4; shear/roll: Fmax=10 N dmax=17.3 mm Kv=2.3 Ks=2; bar 25.4x9.6 mm; bar 34x25.4, hole offset 5.1; thread M3X0.5; max insert torque 7.5 Nm"
EKD/OVICTOR Vibration Isolator catalogue (2023),OVTC compact wire rope isolator,OVTC32-20,wire rope compact (single loop),3.2,1,34,54,53,3.3,0.64,,22,7.2,1.3,3.7,,29.7,,"cat p.44-45; Ks_comp=3; 45deg comp/roll: Fmax=8 N dmax=29.5 mm Kv=3.7 Ks=1.3; shear/roll: Fmax=8.5 N dmax=26.4 mm Kv=1.3 Ks=1.1; bar 25.4x9.6 mm; bar 34x25.4, hole offset 5.1; thread M3X0.5; max insert torque 7.5 Nm"
EKD/OVICTOR Vibration Isolator catalogue (2023),OVTC compact wire rope isolator,OVTC32-30,wire rope compact (single loop),3.2,1,34,59,60,3.3,0.68,,16,5.3,0.9,2.6,,35.8,,"cat p.44-45; Ks_comp=1.9; 45deg comp/roll: Fmax=6.4 N dmax=37.1 mm Kv=2.6 Ks=0.9; shear/roll: Fmax=6.4 N dmax=33.3 mm Kv=0.9 Ks=0.7; bar 25.4x9.6 mm; bar 34x25.4, hole offset 5.1; thread M3X0.5; max insert torque 7.5 Nm"
EKD/OVICTOR Vibration Isolator catalogue (2023),OVTC compact wire rope isolator,OVTC32-40,wire rope compact (single loop),3.2,1,34,68,75,3.3,0.77,,8,2.6,0.4,1.3,,49.3,,"cat p.44-45; Ks_comp=0.9; 45deg comp/roll: Fmax=4.3 N dmax=52.3 mm Kv=1.3 Ks=0.4; shear/roll: Fmax=4 N dmax=47 mm Kv=0.4 Ks=0.35; bar 25.4x9.6 mm; bar 34x25.4, hole offset 5.1; thread M3X0.5; max insert torque 7.5 Nm"
EKD/OVICTOR Vibration Isolator catalogue (2023),OVTC compact wire rope isolator,OVTC40-10,wire rope compact (single loop),4,1,35.1,48,41,7.00,0.72,,104,29,5.7,15.6,,19.6,,"cat p.46-47; Ks_comp=14.3; 45deg comp/roll: Fmax=31 N dmax=18.3 mm Kv=15.6 Ks=8; shear/roll: Fmax=26 N dmax=16.5 mm Kv=5.7 Ks=4.8; bar 25.4x9.9 mm; bar 35.1x25.4, hole offset 5.1; thread M6X1.0; max insert torque 7.5 Nm"
EKD/OVICTOR Vibration Isolator catalogue (2023),OVTC compact wire rope isolator,OVTC40-20,wire rope compact (single loop),4,1,35.1,54,53,7.00,0.77,,50,14.3,2.7,6.9,,28.7,,"cat p.46-47; Ks_comp=5.8; 45deg comp/roll: Fmax=17 N dmax=28.4 mm Kv=6.9 Ks=3; shear/roll: Fmax=17 N dmax=25.7 mm Kv=2.7 Ks=2.3; bar 25.4x9.9 mm; bar 35.1x25.4, hole offset 5.1; thread M6X1.0; max insert torque 7.5 Nm"
EKD/OVICTOR Vibration Isolator catalogue (2023),OVTC compact wire rope isolator,OVTC40-30,wire rope compact (single loop),4,1,35.1,59,60,7.00,0.82,,35,10.3,1.8,4.7,,34.8,,"cat p.46-47; Ks_comp=4.2; 45deg comp/roll: Fmax=14.3 N dmax=36.1 mm Kv=4.7 Ks=1.8; shear/roll: Fmax=14.3 N dmax=32.5 mm Kv=1.8 Ks=1.5; bar 25.4x9.9 mm; bar 35.1x25.4, hole offset 5.1; thread M6X1.0; max insert torque 7.5 Nm"
EKD/OVICTOR Vibration Isolator catalogue (2023),OVTC compact wire rope isolator,OVTC40-40,wire rope compact (single loop),4,1,35.1,67,76,7.00,0.9,,21,5.8,0.9,2.5,,49.3,,"cat p.46-47; Ks_comp=1.8; 45deg comp/roll: Fmax=8.7 N dmax=53.8 mm Kv=2.5 Ks=0.9; shear/roll: Fmax=8.7 N dmax=48.5 mm Kv=0.9 Ks=0.75; bar 25.4x9.9 mm; bar 35.1x25.4, hole offset 5.1; thread M6X1.0; max insert torque 7.5 Nm"
EKD/OVICTOR Vibration Isolator catalogue (2023),OVTC compact wire rope isolator,OVTC48-10,wire rope compact (single loop),4.8,1,35.8,54,47,7.00,0.9,,185,42,10.3,21,,22.1,,"cat p.48-49; Ks_comp=21; 45deg comp/roll: Fmax=52 N dmax=22.9 mm Kv=21 Ks=10.3; shear/roll: Fmax=52 N dmax=20.6 mm Kv=10.3 Ks=8.7; bar 25.4x10.2 mm; bar 35.8x25.4, hole offset 5.1; thread M6X1.0; max insert torque 7.5 Nm"
EKD/OVICTOR Vibration Isolator catalogue (2023),OVTC compact wire rope isolator,OVTC48-20,wire rope compact (single loop),4.8,1,35.8,59,55,7.00,1,,121,26,5.7,12.5,,29.5,,"cat p.48-49; Ks_comp=12.5; 45deg comp/roll: Fmax=43 N dmax=30.5 mm Kv=12.5 Ks=6.9; shear/roll: Fmax=40 N dmax=27.4 mm Kv=5.7 Ks=4.8; bar 25.4x10.2 mm; bar 35.8x25.4, hole offset 5.1; thread M6X1.0; max insert torque 7.5 Nm"
EKD/OVICTOR Vibration Isolator catalogue (2023),OVTC compact wire rope isolator,OVTC48-30,wire rope compact (single loop),4.8,1,35.8,64,64,7.00,1.04,,87,19.5,3.4,10.3,,37.6,,"cat p.48-49; Ks_comp=6.9; 45deg comp/roll: Fmax=29 N dmax=38.1 mm Kv=10.3 Ks=3.7; shear/roll: Fmax=29 N dmax=34.3 mm Kv=3.4 Ks=2.9; bar 25.4x10.2 mm; bar 35.8x25.4, hole offset 5.1; thread M6X1.0; max insert torque 7.5 Nm"
EKD/OVICTOR Vibration Isolator catalogue (2023),OVTC compact wire rope isolator,OVTC48-40,wire rope compact (single loop),4.8,1,35.8,73,79,7.00,1.07,,47,10.3,2.1,4.6,,51.6,,"cat p.48-49; Ks_comp=3.4; 45deg comp/roll: Fmax=17 N dmax=53.3 mm Kv=4.6 Ks=1.6; shear/roll: Fmax=21 N dmax=48 mm Kv=2.1 Ks=1.8; bar 25.4x10.2 mm; bar 35.8x25.4, hole offset 5.1; thread M6X1.0; max insert torque 7.5 Nm"
EKD/OVICTOR Vibration Isolator catalogue (2023),OVTS special all-stainless wire rope isolator,OVTS-5,"wire rope, stainless bars",,,113,38,32.5,M5 or 5.5,0.16,,50,70,296,296,,10,25±3,"cat p.50-53; nominal load Z=50 N X=23.5 N Y=23.5 N; static defl at nominal 1±0.4 mm; static stiffness Z/X/Y=70/296/296 N/mm; dynamic stiffness Z/X/Y=230/92/92 N/mm (at ~0.3x static defl amplitude); inherent freq Z/X/Y=25±3/23±3/23±3 Hz; shock stiffness Z/X/Y=78/34/34 N/mm; max allowable defl Z/X/Y=10/11/11 mm; damping ratio >=0.18; mount hole pitch L1=97 L2=97; 2 holes per bar; Diagram 1; interface option I; all stainless steel; marine use; X/Y static stiffness 296 printed - out of family trend (OVTS-6 = 32), suspect misprint"
EKD/OVICTOR Vibration Isolator catalogue (2023),OVTS special all-stainless wire rope isolator,OVTS-6,"wire rope, stainless bars",,,133,40,32.2,M5 or 5.5,0.185,,60,87,32,32,,11,25±3,cat p.50-53; nominal load Z=60 N X=28.2 N Y=28.2 N; static defl at nominal 1±0.4 mm; static stiffness Z/X/Y=87/32/32 N/mm; dynamic stiffness Z/X/Y=255/102/102 N/mm (at ~0.3x static defl amplitude); inherent freq Z/X/Y=25±3/23±3/23±3 Hz; shock stiffness Z/X/Y=87/38/38 N/mm; max allowable defl Z/X/Y=11/12/12 mm; damping ratio >=0.18; mount hole pitch L1=117 L2=117; 2 holes per bar; Diagram 1; interface option I; all stainless steel; marine use
EKD/OVICTOR Vibration Isolator catalogue (2023),OVTS special all-stainless wire rope isolator,OVTS-10,"wire rope, stainless bars",,,146,72,68.2,M6 or 6.5,0.34,,100,130,48,48,,23,14±3,cat p.50-53; nominal load Z=100 N X=47 N Y=47 N; static defl at nominal 1±0.4 mm; static stiffness Z/X/Y=130/48/48 N/mm; dynamic stiffness Z/X/Y=98/40/40 N/mm (at ~0.3x static defl amplitude); inherent freq Z/X/Y=14±3/13±3/13±3 Hz; shock stiffness Z/X/Y=97/42/42 N/mm; max allowable defl Z/X/Y=23/24/24 mm; damping ratio >=0.18; mount hole pitch L1=132 L2=132; 2 holes per bar; Diagram 1; interface option I; all stainless steel; marine use
EKD/OVICTOR Vibration Isolator catalogue (2023),OVTS special all-stainless wire rope isolator,OVTS-20,"wire rope, stainless bars",,,146,75,70,M6 or 6.5,0.415,,200,213,78,78,,24,14±3,cat p.50-53; nominal load Z=200 N X=94 N Y=94 N; static defl at nominal 1±0.4 mm; static stiffness Z/X/Y=213/78/78 N/mm; dynamic stiffness Z/X/Y=172/69/69 N/mm (at ~0.3x static defl amplitude); inherent freq Z/X/Y=14±3/14±3/14±3 Hz; shock stiffness Z/X/Y=105/45/45 N/mm; max allowable defl Z/X/Y=24/25/25 mm; damping ratio >=0.18; mount hole pitch L1=132 L2=132; 2 holes per bar; Diagram 1; interface option I; all stainless steel; marine use
EKD/OVICTOR Vibration Isolator catalogue (2023),OVTS special all-stainless wire rope isolator,OVTS-30,"wire rope, stainless bars",,,182,87,82,M6 or 6.5,0.77,,300,336,123,123,,28,13±3,cat p.50-53; nominal load Z=300 N X=141 N Y=141 N; static defl at nominal 1±0.4 mm; static stiffness Z/X/Y=336/123/123 N/mm; dynamic stiffness Z/X/Y=298/120/120 N/mm (at ~0.3x static defl amplitude); inherent freq Z/X/Y=13±3/12±3/12±3 Hz; shock stiffness Z/X/Y=112/48/48 N/mm; max allowable defl Z/X/Y=28/29/29 mm; damping ratio >=0.18; mount hole pitch L1=54 L2=54 L3=126 L4=126; 4 holes per bar; Diagram 2; interface option III; all stainless steel; marine use
EKD/OVICTOR Vibration Isolator catalogue (2023),OVTS special all-stainless wire rope isolator,OVTS-50,"wire rope, stainless bars",,,182,89,80.3,M6 or 6.5,0.815,,500,392,144,144,,25,11±3,cat p.50-53; nominal load Z=500 N X=235 N Y=235 N; static defl at nominal 1±0.4 mm; static stiffness Z/X/Y=392/144/144 N/mm; dynamic stiffness Z/X/Y=348/140/140 N/mm (at ~0.3x static defl amplitude); inherent freq Z/X/Y=11±3/10±3/10±3 Hz; shock stiffness Z/X/Y=160/69/69 N/mm; max allowable defl Z/X/Y=25/26/26 mm; damping ratio >=0.18; mount hole pitch L1=54 L2=54 L3=126 L4=126; 4 holes per bar; Diagram 2; interface option III; all stainless steel; marine use
EKD/OVICTOR Vibration Isolator catalogue (2023),OVTS special all-stainless wire rope isolator,OVTS-60,"wire rope, stainless bars",,,182,91,78.7,M6 or 6.5,0.91,,600,732,269,269,,27,15±3,cat p.50-53; nominal load Z=600 N X=282 N Y=282 N; static defl at nominal 1±0.4 mm; static stiffness Z/X/Y=732/269/269 N/mm; dynamic stiffness Z/X/Y=549/221/221 N/mm (at ~0.3x static defl amplitude); inherent freq Z/X/Y=15±3/14±3/14±3 Hz; shock stiffness Z/X/Y=228/98/98 N/mm; max allowable defl Z/X/Y=27/28/28 mm; damping ratio >=0.18; mount hole pitch L1=54 L2=54 L3=126 L4=126; 4 holes per bar; Diagram 2; interface option III; all stainless steel; marine use
EKD/OVICTOR Vibration Isolator catalogue (2023),OVTS special all-stainless wire rope isolator,OVTS-80,"wire rope, stainless bars",,,200,109,94,10,1.5,,800,165,64,64,,36,9±2,cat p.50-53; nominal load Z=800 N X=376 N Y=376 N; static defl at nominal 6±2 mm; static stiffness Z/X/Y=165/64/64 N/mm; dynamic stiffness Z/X/Y=296/120/120 N/mm (at ~0.3x static defl amplitude); inherent freq Z/X/Y=9±2/8±2/8±2 Hz; shock stiffness Z/X/Y=110/47/47 N/mm; max allowable defl Z/X/Y=36/37/37 mm; damping ratio >=0.18; mount hole pitch L1=172 L2=172; 3 holes per bar; Diagram 1; interface option I; all stainless steel; marine use
EKD/OVICTOR Vibration Isolator catalogue (2023),OVTS special all-stainless wire rope isolator,OVTS-100,"wire rope, stainless bars",,,200,109,94,10,1.7,,1000,196,70,70,,36,8±2,cat p.50-53; nominal load Z=1000 N X=470 N Y=470 N; static defl at nominal 6±2 mm; static stiffness Z/X/Y=196/70/70 N/mm; dynamic stiffness Z/X/Y=342/140/140 N/mm (at ~0.3x static defl amplitude); inherent freq Z/X/Y=8±2/8±2/8±2 Hz; shock stiffness Z/X/Y=120/52/52 N/mm; max allowable defl Z/X/Y=36/37/37 mm; damping ratio >=0.18; mount hole pitch L1=172 L2=172; 3 holes per bar; Diagram 1; interface option I; all stainless steel; marine use
EKD/OVICTOR Vibration Isolator catalogue (2023),OVTS special all-stainless wire rope isolator,OVTS-150,"wire rope, stainless bars",,,250,116,96,13.5,3.5,,1500,248,95,95,,36,8±2,cat p.50-53; nominal load Z=1500 N X=705 N Y=705 N; static defl at nominal 7±2 mm; static stiffness Z/X/Y=248/95/95 N/mm; dynamic stiffness Z/X/Y=357/144/144 N/mm (at ~0.3x static defl amplitude); inherent freq Z/X/Y=8±2/7±2/7±2 Hz; shock stiffness Z/X/Y=187/80/80 N/mm; max allowable defl Z/X/Y=36/37/37 mm; damping ratio >=0.18; mount hole pitch L1=220 L2=220; 3 holes per bar; Diagram 1; interface option I; all stainless steel; marine use
EKD/OVICTOR Vibration Isolator catalogue (2023),OVTS special all-stainless wire rope isolator,OVTS-200,"wire rope, stainless bars",,,250,116,96,13.5,3.8,,2000,285,102,102,,36,7±2,cat p.50-53; nominal load Z=2000 N X=940 N Y=940 N; static defl at nominal 8±2 mm; static stiffness Z/X/Y=285/102/102 N/mm; dynamic stiffness Z/X/Y=439/176/176 N/mm (at ~0.3x static defl amplitude); inherent freq Z/X/Y=7±2/7±2/7±2 Hz; shock stiffness Z/X/Y=202/87/87 N/mm; max allowable defl Z/X/Y=36/37/37 mm; damping ratio >=0.18; mount hole pitch L1=220 L2=220; 3 holes per bar; Diagram 1; interface option I; all stainless steel; marine use
EKD/OVICTOR Vibration Isolator catalogue (2023),OVTS special all-stainless wire rope isolator,OVTS-300,"wire rope, stainless bars",,,230/300,124,107,13.5,4.5,,3000,370,129,129,,37,7±2,cat p.50-53; nominal load Z=3000 N X=1410 N Y=1410 N; static defl at nominal 9±2 mm; static stiffness Z/X/Y=370/129/129 N/mm; dynamic stiffness Z/X/Y=800/321/321 N/mm (at ~0.3x static defl amplitude); inherent freq Z/X/Y=7±2/7±2/7±2 Hz; shock stiffness Z/X/Y=317/136/136 N/mm; max allowable defl Z/X/Y=37/38/38 mm; damping ratio >=0.18; mount hole pitch L1=270 L2=200; 3 holes per bar; Diagram 1; interface option II; all stainless steel; marine use; L = 230 upper bar / 300 lower bar
EKD/OVICTOR Vibration Isolator catalogue (2023),OVTS special all-stainless wire rope isolator,OVTS-400,"wire rope, stainless bars",,,320,147,125,17.5,7.5,,4000,470,295,295,,38,8±2,cat p.50-53; nominal load Z=4000 N X=1880 N Y=1880 N; static defl at nominal 9±2 mm; static stiffness Z/X/Y=470/295/295 N/mm; dynamic stiffness Z/X/Y=1418/570/570 N/mm (at ~0.3x static defl amplitude); inherent freq Z/X/Y=8±2/8±2/8±2 Hz; shock stiffness Z/X/Y=476/205/205 N/mm; max allowable defl Z/X/Y=38/40/40 mm; damping ratio >=0.18; mount hole pitch L1=283 L2=283; 2 holes per bar; Diagram 1; interface option I; all stainless steel; marine use
EKD/OVICTOR Vibration Isolator catalogue (2023),OVTS special all-stainless wire rope isolator,OVTS-600,"wire rope, stainless bars",,,320,147,125,17.5,8,,6000,600,260,260,,38,8±2,cat p.50-53; nominal load Z=6000 N X=2820 N Y=2820 N; static defl at nominal 9±2 mm; static stiffness Z/X/Y=600/260/260 N/mm; dynamic stiffness Z/X/Y=1724/694/694 N/mm (at ~0.3x static defl amplitude); inherent freq Z/X/Y=8±2/7±2/7±2 Hz; shock stiffness Z/X/Y=525/226/226 N/mm; max allowable defl Z/X/Y=38/40/40 mm; damping ratio >=0.18; mount hole pitch L1=283 L2=283; 2 holes per bar; Diagram 1; interface option I; all stainless steel; marine use
EKD/OVICTOR Vibration Isolator catalogue (2023),OVTS special all-stainless wire rope isolator,OVTS-800,"wire rope, stainless bars",,,428,195,173,see Diagram 3 (15 / 2-22),14,,8000,665,200,200,,73,5±2,cat p.50-53; nominal load Z=8000 N X=3760 N Y=3760 N; static defl at nominal 12±2 mm; static stiffness Z/X/Y=665/200/200 N/mm; dynamic stiffness Z/X/Y=980/394/394 N/mm (at ~0.3x static defl amplitude); inherent freq Z/X/Y=5±2/5±2/5±2 Hz; shock stiffness Z/X/Y=432/186/186 N/mm; max allowable defl Z/X/Y=73/76/76 mm; damping ratio >=0.18; mount hole pitch L1=388 L2=388; 3 holes per bar; Diagram 3; interface option I; all stainless steel; marine use
EKD/OVICTOR Vibration Isolator catalogue (2023),OVTS special all-stainless wire rope isolator,OVTS-1000,"wire rope, stainless bars",,,428,195,173,see Diagram 3 (15 / 2-22),16,,10000,835,280,280,,73,5±2,cat p.50-53; nominal load Z=10000 N X=4700 N Y=4700 N; static defl at nominal 12±2 mm; static stiffness Z/X/Y=835/280/280 N/mm; dynamic stiffness Z/X/Y=1264/507/507 N/mm (at ~0.3x static defl amplitude); inherent freq Z/X/Y=5±2/5±2/5±2 Hz; shock stiffness Z/X/Y=570/245/245 N/mm; max allowable defl Z/X/Y=73/76/76 mm; damping ratio >=0.18; mount hole pitch L1=388 L2=388; 3 holes per bar; Diagram 3; interface option I; all stainless steel; marine use
EKD/OVICTOR Vibration Isolator catalogue (2023),OVTS special all-stainless wire rope isolator,OVTS-1200,"wire rope, stainless bars",,,428,195,173,see Diagram 3 (15 / 2-22),18,,12000,1200,450,450,,73,5±2,cat p.50-53; nominal load Z=12000 N X=5600 N Y=5600 N; static defl at nominal 10±2 mm; static stiffness Z/X/Y=1200/450/450 N/mm; dynamic stiffness Z/X/Y=1545/620/620 N/mm (at ~0.3x static defl amplitude); inherent freq Z/X/Y=5±2/5±2/5±2 Hz; shock stiffness Z/X/Y=710/305/305 N/mm; max allowable defl Z/X/Y=73/76/76 mm; damping ratio >=0.18; mount hole pitch L1=388 L2=388; 3 holes per bar; Diagram 3; interface option I; all stainless steel; marine use
EKD/OVICTOR Vibration Isolator catalogue (2023),OVTN rubber-coated anti-impact isolator,OVTN10-20,elastomer + wire rope hybrid,,,127,111,76,9,,,196.2,105,65,158,,28,10~18,"cat p.54-57; rated loads printed in kg, converted x9.81: vertical 20 kg, lateral 15 kg (=147.2 N), longitudinal 35 kg (=343.4 N); static deformation at rated: vertical 4±1, lateral 6±2, longitudinal 5±1 mm; dynamic stiffness vertical/lateral/longitudinal=105/65/158 N/mm; shock stiffness vertical/lateral/longitudinal=53/31/74 N/mm; max allowable deformation vertical/lateral/longitudinal=28/30/30 mm; inherent freq 10~18 Hz (all sizes); damping ratio 0.1~0.3; mount holes 8-∅9, pitch L1=45 L2=100; elastomer + wire rope; seawater immersion OK; shelf 2y service 10y; shear col = lateral, roll col = longitudinal"
EKD/OVICTOR Vibration Isolator catalogue (2023),OVTN rubber-coated anti-impact isolator,OVTN10-15,elastomer + wire rope hybrid,,,127,111,76,9,,,147.2,78,45,109,,28,10~18,"cat p.54-57; rated loads printed in kg, converted x9.81: vertical 15 kg, lateral 10 kg (=98.1 N), longitudinal 24 kg (=235.4 N); static deformation at rated: vertical 4±1, lateral 6±2, longitudinal 5±1 mm; dynamic stiffness vertical/lateral/longitudinal=78/45/109 N/mm; shock stiffness vertical/lateral/longitudinal=41/21/50 N/mm; max allowable deformation vertical/lateral/longitudinal=28/30/30 mm; inherent freq 10~18 Hz (all sizes); damping ratio 0.1~0.3; mount holes 8-∅9, pitch L1=45 L2=100; elastomer + wire rope; seawater immersion OK; shelf 2y service 10y; shear col = lateral, roll col = longitudinal"
EKD/OVICTOR Vibration Isolator catalogue (2023),OVTN rubber-coated anti-impact isolator,OVTN10-10,elastomer + wire rope hybrid,,,127,111,76,9,,,98.1,52,36,68,,28,10~18,"cat p.54-57; rated loads printed in kg, converted x9.81: vertical 10 kg, lateral 8 kg (=78.5 N), longitudinal 15 kg (=147.2 N); static deformation at rated: vertical 4±1, lateral 6±2, longitudinal 5±1 mm; dynamic stiffness vertical/lateral/longitudinal=52/36/68 N/mm; shock stiffness vertical/lateral/longitudinal=27/17/32 N/mm; max allowable deformation vertical/lateral/longitudinal=28/30/30 mm; inherent freq 10~18 Hz (all sizes); damping ratio 0.1~0.3; mount holes 8-∅9, pitch L1=45 L2=100; elastomer + wire rope; seawater immersion OK; shelf 2y service 10y; shear col = lateral, roll col = longitudinal"
EKD/OVICTOR Vibration Isolator catalogue (2023),OVTN rubber-coated anti-impact isolator,OVTN20-150,elastomer + wire rope hybrid,,,203,165,140,9,,,1471.5,785,476,1203,,89,10~18,"cat p.54-57; rated loads printed in kg, converted x9.81: vertical 150 kg, lateral 105 kg (=1030 N), longitudinal 265 kg (=2599.7 N); static deformation at rated: vertical 5±1, lateral 7±2, longitudinal 6±2 mm; dynamic stiffness vertical/lateral/longitudinal=785/476/1203 N/mm; shock stiffness vertical/lateral/longitudinal=370/231/598 N/mm; max allowable deformation vertical/lateral/longitudinal=89/89/89 mm; inherent freq 10~18 Hz (all sizes); damping ratio 0.1~0.3; mount holes 8-∅9, pitch L1=67 L2=156; elastomer + wire rope; seawater immersion OK; shelf 2y service 10y; shear col = lateral, roll col = longitudinal"
EKD/OVICTOR Vibration Isolator catalogue (2023),OVTN rubber-coated anti-impact isolator,OVTN20-100,elastomer + wire rope hybrid,,,203,165,140,9,,,981,523,274,704,,89,10~18,"cat p.54-57; rated loads printed in kg, converted x9.81: vertical 100 kg, lateral 60 kg (=588.6 N), longitudinal 155 kg (=1520.6 N); static deformation at rated: vertical 5±1, lateral 7±2, longitudinal 6±2 mm; dynamic stiffness vertical/lateral/longitudinal=523/274/704 N/mm; shock stiffness vertical/lateral/longitudinal=243/132/347 N/mm; max allowable deformation vertical/lateral/longitudinal=89/89/89 mm; inherent freq 10~18 Hz (all sizes); damping ratio 0.1~0.3; mount holes 8-∅9, pitch L1=67 L2=156; elastomer + wire rope; seawater immersion OK; shelf 2y service 10y; shear col = lateral, roll col = longitudinal"
EKD/OVICTOR Vibration Isolator catalogue (2023),OVTN rubber-coated anti-impact isolator,OVTN20-50,elastomer + wire rope hybrid,,,203,165,140,9,,,490.5,262,114,299,,89,10~18,"cat p.54-57; rated loads printed in kg, converted x9.81: vertical 50 kg, lateral 25 kg (=245.2 N), longitudinal 65 kg (=637.6 N); static deformation at rated: vertical 5±1, lateral 7±2, longitudinal 6±2 mm; dynamic stiffness vertical/lateral/longitudinal=262/114/299 N/mm; shock stiffness vertical/lateral/longitudinal=124/53/146 N/mm; max allowable deformation vertical/lateral/longitudinal=89/89/89 mm; inherent freq 10~18 Hz (all sizes); damping ratio 0.1~0.3; mount holes 8-∅9, pitch L1=67 L2=156; elastomer + wire rope; seawater immersion OK; shelf 2y service 10y; shear col = lateral, roll col = longitudinal"
EKD/OVICTOR Vibration Isolator catalogue (2023),OVTN rubber-coated anti-impact isolator,OVTN30-250,elastomer + wire rope hybrid,,,241,165,140,9,,,2452.5,1308,795,1993,,89,10~18,"cat p.54-57; rated loads printed in kg, converted x9.81: vertical 250 kg, lateral 170 kg (=1667.7 N), longitudinal 440 kg (=4316.4 N); static deformation at rated: vertical 5±1, lateral 7±2, longitudinal 6±2 mm; dynamic stiffness vertical/lateral/longitudinal=1308/795/1993 N/mm; shock stiffness vertical/lateral/longitudinal=609/389/989 N/mm; max allowable deformation vertical/lateral/longitudinal=89/89/89 mm; inherent freq 10~18 Hz (all sizes); damping ratio 0.1~0.3; mount holes 8-∅9, pitch L1=67 L2=156; elastomer + wire rope; seawater immersion OK; shelf 2y service 10y; shear col = lateral, roll col = longitudinal"
EKD/OVICTOR Vibration Isolator catalogue (2023),OVTN rubber-coated anti-impact isolator,OVTN30-125,elastomer + wire rope hybrid,,,241,165,140,9,,,1226.2,654,342,882,,89,10~18,"cat p.54-57; rated loads printed in kg, converted x9.81: vertical 125 kg, lateral 75 kg (=735.8 N), longitudinal 195 kg (=1913 N); static deformation at rated: vertical 5±1, lateral 7±2, longitudinal 6±2 mm; dynamic stiffness vertical/lateral/longitudinal=654/342/882 N/mm; shock stiffness vertical/lateral/longitudinal=305/165/437 N/mm; max allowable deformation vertical/lateral/longitudinal=89/89/89 mm; inherent freq 10~18 Hz (all sizes); damping ratio 0.1~0.3; mount holes 8-∅9, pitch L1=67 L2=156; elastomer + wire rope; seawater immersion OK; shelf 2y service 10y; shear col = lateral, roll col = longitudinal"
EKD/OVICTOR Vibration Isolator catalogue (2023),OVTN rubber-coated anti-impact isolator,OVTN30-60,elastomer + wire rope hybrid,,,241,165,140,9,,,588.6,314,133,362,,89,10~18,"cat p.54-57; rated loads printed in kg, converted x9.81: vertical 60 kg, lateral 30 kg (=294.3 N), longitudinal 80 kg (=784.8 N); static deformation at rated: vertical 5±1, lateral 7±2, longitudinal 6±2 mm; dynamic stiffness vertical/lateral/longitudinal=314/133/362 N/mm; shock stiffness vertical/lateral/longitudinal=148/62/175 N/mm; max allowable deformation vertical/lateral/longitudinal=89/89/89 mm; inherent freq 10~18 Hz (all sizes); damping ratio 0.1~0.3; mount holes 8-∅9, pitch L1=67 L2=156; elastomer + wire rope; seawater immersion OK; shelf 2y service 10y; shear col = lateral, roll col = longitudinal"
EKD/OVICTOR Vibration Isolator catalogue (2023),OVTN rubber-coated anti-impact isolator,OVTN40-300,elastomer + wire rope hybrid,,,279,235,165,11,,,2943,1569,706,1794,,102,10~18,"cat p.54-57; rated loads printed in kg, converted x9.81: vertical 300 kg, lateral 155 kg (=1520.6 N), longitudinal 395 kg (=3875 N); static deformation at rated: vertical 6±2, lateral 7±2, longitudinal 5±1 mm; dynamic stiffness vertical/lateral/longitudinal=1569/706/1794 N/mm; shock stiffness vertical/lateral/longitudinal=824/347/882 N/mm; max allowable deformation vertical/lateral/longitudinal=102/102/102 mm; inherent freq 10~18 Hz (all sizes); damping ratio 0.1~0.3; mount holes 8-∅11, pitch L1=80 L2=191; elastomer + wire rope; seawater immersion OK; shelf 2y service 10y; shear col = lateral, roll col = longitudinal"
EKD/OVICTOR Vibration Isolator catalogue (2023),OVTN rubber-coated anti-impact isolator,OVTN40-200,elastomer + wire rope hybrid,,,279,235,165,11,,,1962,1046,476,1318,,102,10~18,"cat p.54-57; rated loads printed in kg, converted x9.81: vertical 200 kg, lateral 105 kg (=1030 N), longitudinal 295 kg (=2894 N); static deformation at rated: vertical 6±2, lateral 7±2, longitudinal 5±1 mm; dynamic stiffness vertical/lateral/longitudinal=1046/476/1318 N/mm; shock stiffness vertical/lateral/longitudinal=549/231/648 N/mm; max allowable deformation vertical/lateral/longitudinal=102/102/102 mm; inherent freq 10~18 Hz (all sizes); damping ratio 0.1~0.3; mount holes 8-∅11, pitch L1=80 L2=191; elastomer + wire rope; seawater immersion OK; shelf 2y service 10y; shear col = lateral, roll col = longitudinal"
EKD/OVICTOR Vibration Isolator catalogue (2023),OVTN rubber-coated anti-impact isolator,OVTN40-80,elastomer + wire rope hybrid,,,279,235,165,11,,,784.8,418,206,497,,102,10~18,"cat p.54-57; rated loads printed in kg, converted x9.81: vertical 80 kg, lateral 45 kg (=441.5 N), longitudinal 110 kg (=1079.1 N); static deformation at rated: vertical 6±2, lateral 7±2, longitudinal 5±1 mm; dynamic stiffness vertical/lateral/longitudinal=418/206/497 N/mm; shock stiffness vertical/lateral/longitudinal=220/99/245 N/mm; max allowable deformation vertical/lateral/longitudinal=102/102/102 mm; inherent freq 10~18 Hz (all sizes); damping ratio 0.1~0.3; mount holes 8-∅11, pitch L1=80 L2=191; elastomer + wire rope; seawater immersion OK; shelf 2y service 10y; shear col = lateral, roll col = longitudinal"
EKD/OVICTOR Vibration Isolator catalogue (2023),OVTN rubber-coated anti-impact isolator,OVTN50-1800,elastomer + wire rope hybrid,,,375,240,184,14,,,17658,9416,2224,6102,,95,10~18,"cat p.54-57; rated loads printed in kg, converted x9.81: vertical 1800 kg, lateral 500 kg (=4905 N), longitudinal 1340 kg (=13145.4 N); static deformation at rated: vertical 6±2, lateral 7±2, longitudinal 5±1 mm; dynamic stiffness vertical/lateral/longitudinal=9416/2224/6102 N/mm; shock stiffness vertical/lateral/longitudinal=4435/1078/3021 N/mm; max allowable deformation vertical/lateral/longitudinal=95/95/95 mm; inherent freq 10~18 Hz (all sizes); damping ratio 0.1~0.3; mount holes 8-∅14, pitch L1=115 L2=267; elastomer + wire rope; seawater immersion OK; shelf 2y service 10y; shear col = lateral, roll col = longitudinal"
EKD/OVICTOR Vibration Isolator catalogue (2023),OVTN rubber-coated anti-impact isolator,OVTN50-1000,elastomer + wire rope hybrid,,,375,240,184,14,,,9810,5231,1264,3348,,95,10~18,"cat p.54-57; rated loads printed in kg, converted x9.81: vertical 1000 kg, lateral 280 kg (=2746.8 N), longitudinal 755 kg (=7406.6 N); static deformation at rated: vertical 6±2, lateral 7±2, longitudinal 5±1 mm; dynamic stiffness vertical/lateral/longitudinal=5231/1264/3348 N/mm; shock stiffness vertical/lateral/longitudinal=2542/614/1652 N/mm; max allowable deformation vertical/lateral/longitudinal=95/95/95 mm; inherent freq 10~18 Hz (all sizes); damping ratio 0.1~0.3; mount holes 8-∅14, pitch L1=115 L2=267; elastomer + wire rope; seawater immersion OK; shelf 2y service 10y; shear col = lateral, roll col = longitudinal"
EKD/OVICTOR Vibration Isolator catalogue (2023),OVTN rubber-coated anti-impact isolator,OVTN50-400,elastomer + wire rope hybrid,,,375,240,184,14,,,3924,2092,528,1362,,95,10~18,"cat p.54-57; rated loads printed in kg, converted x9.81: vertical 400 kg, lateral 115 kg (=1128.2 N), longitudinal 300 kg (=2943 N); static deformation at rated: vertical 6±2, lateral 7±2, longitudinal 5±1 mm; dynamic stiffness vertical/lateral/longitudinal=2092/528/1362 N/mm; shock stiffness vertical/lateral/longitudinal=1015/256/672 N/mm; max allowable deformation vertical/lateral/longitudinal=95/95/95 mm; inherent freq 10~18 Hz (all sizes); damping ratio 0.1~0.3; mount holes 8-∅14, pitch L1=115 L2=267; elastomer + wire rope; seawater immersion OK; shelf 2y service 10y; shear col = lateral, roll col = longitudinal"
EKD/OVICTOR Vibration Isolator catalogue (2023),OVTN rubber-coated anti-impact isolator,OVTN60-2400,elastomer + wire rope hybrid,,,546,305,229,20,,,23544,12555,4056,4416,,121,10~18,"cat p.54-57; rated loads printed in kg, converted x9.81: vertical 2400 kg, lateral 900 kg (=8829 N), longitudinal 980 kg (=9613.8 N); static deformation at rated: vertical 7±2, lateral 7±2, longitudinal 6±2 mm; dynamic stiffness vertical/lateral/longitudinal=12555/4056/4416 N/mm; shock stiffness vertical/lateral/longitudinal=6307/2011/2186 N/mm; max allowable deformation vertical/lateral/longitudinal=121/127/127 mm; inherent freq 10~18 Hz (all sizes); damping ratio 0.1~0.3; mount holes 8-∅20, pitch L1=162 L2=378; elastomer + wire rope; seawater immersion OK; shelf 2y service 10y; shear col = lateral, roll col = longitudinal"
EKD/OVICTOR Vibration Isolator catalogue (2023),OVTN rubber-coated anti-impact isolator,OVTN60-1200,elastomer + wire rope hybrid,,,546,305,229,20,,,11772,6277,2042,2246,,121,10~18,"cat p.54-57; rated loads printed in kg, converted x9.81: vertical 1200 kg, lateral 450 kg (=4414.5 N), longitudinal 490 kg (=4806.9 N); static deformation at rated: vertical 7±2, lateral 7±2, longitudinal 6±2 mm; dynamic stiffness vertical/lateral/longitudinal=6277/2042/2246 N/mm; shock stiffness vertical/lateral/longitudinal=3153/1002/1112 N/mm; max allowable deformation vertical/lateral/longitudinal=121/127/127 mm; inherent freq 10~18 Hz (all sizes); damping ratio 0.1~0.3; mount holes 8-∅20, pitch L1=162 L2=378; elastomer + wire rope; seawater immersion OK; shelf 2y service 10y; shear col = lateral, roll col = longitudinal"
EKD/OVICTOR Vibration Isolator catalogue (2023),OVTN rubber-coated anti-impact isolator,OVTN60-600,elastomer + wire rope hybrid,,,546,305,229,20,,,5886,3139,1016,1141,,121,10~18,"cat p.54-57; rated loads printed in kg, converted x9.81: vertical 600 kg, lateral 225 kg (=2207.2 N), longitudinal 245 kg (=2403.5 N); static deformation at rated: vertical 7±2, lateral 7±2, longitudinal 6±2 mm; dynamic stiffness vertical/lateral/longitudinal=3139/1016/1141 N/mm; shock stiffness vertical/lateral/longitudinal=1578/497/561 N/mm; max allowable deformation vertical/lateral/longitudinal=121/127/127 mm; inherent freq 10~18 Hz (all sizes); damping ratio 0.1~0.3; mount holes 8-∅20, pitch L1=162 L2=378; elastomer + wire rope; seawater immersion OK; shelf 2y service 10y; shear col = lateral, roll col = longitudinal"
EKD/OVICTOR Vibration Isolator catalogue (2023),OVTD multi-DOF wire rope hanger,OVTD130-1,wire rope hanger / strut,4.8,,320~400,69,69,8,,,780,,,,,,,"cat p.58-59; rated bearing capacity axial=780 N, 45deg=1040 N, shear=1300 N; L is adjustable range; damping ratio 0.1~0.2; 304 SS std; any mounting angle"
EKD/OVICTOR Vibration Isolator catalogue (2023),OVTD multi-DOF wire rope hanger,OVTD130-2,wire rope hanger / strut,4.8,,320~400,69,69,8,,,2180,,,,,,,"cat p.58-59; rated bearing capacity axial=2180 N, 45deg=2900 N, shear=3620 N; L is adjustable range; damping ratio 0.1~0.2; 304 SS std; any mounting angle"
EKD/OVICTOR Vibration Isolator catalogue (2023),OVTD multi-DOF wire rope hanger,OVTD170-1,wire rope hanger / strut,6.4,,360~440,86,86,8,,,1040,,,,,,,"cat p.58-59; rated bearing capacity axial=1040 N, 45deg=1300 N, shear=1700 N; L is adjustable range; damping ratio 0.1~0.2; 304 SS std; any mounting angle"
EKD/OVICTOR Vibration Isolator catalogue (2023),OVTD multi-DOF wire rope hanger,OVTD170-2,wire rope hanger / strut,6.4,,360~440,86,86,8,,,2900,,,,,,,"cat p.58-59; rated bearing capacity axial=2900 N, 45deg=3600 N, shear=4750 N; L is adjustable range; damping ratio 0.1~0.2; 304 SS std; any mounting angle"
EKD/OVICTOR Vibration Isolator catalogue (2023),OVTD multi-DOF wire rope hanger,OVTD240-1,wire rope hanger / strut,9.5,,425~505,126,126,10,,,1560,,,,,,,"cat p.58-59; rated bearing capacity axial=1560 N, 45deg=2080 N, shear=2400 N; L is adjustable range; damping ratio 0.1~0.2; 304 SS std; any mounting angle"
EKD/OVICTOR Vibration Isolator catalogue (2023),OVTD multi-DOF wire rope hanger,OVTD240-2,wire rope hanger / strut,9.5,,425~505,126,126,10,,,4370,,,,,,,"cat p.58-59; rated bearing capacity axial=4370 N, 45deg=5820 N, shear=6720 N; L is adjustable range; damping ratio 0.1~0.2; 304 SS std; any mounting angle"
EKD/OVICTOR Vibration Isolator catalogue (2023),OVTD multi-DOF wire rope hanger,OVTD600-1,wire rope hanger / strut,12.7,,445~535,160,160,12,,,3120,,,,,,,"cat p.58-59; rated bearing capacity axial=3120 N, 45deg=4160 N, shear=6000 N; L is adjustable range; damping ratio 0.1~0.2; 304 SS std; any mounting angle"
EKD/OVICTOR Vibration Isolator catalogue (2023),OVTD multi-DOF wire rope hanger,OVTD600-2,wire rope hanger / strut,12.7,,445~535,160,160,12,,,8740,,,,,,,"cat p.58-59; rated bearing capacity axial=8740 N, 45deg=10650 N, shear=14500 N; L is adjustable range; damping ratio 0.1~0.2; 304 SS std; any mounting angle"
EKD/OVICTOR Vibration Isolator catalogue (2023),OVTD multi-DOF wire rope hanger,OVTD1100-1,wire rope hanger / strut,15.9,,665~800,182,182,16,,,5460,,,,,,,"cat p.58-59; rated bearing capacity axial=5460 N, 45deg=7800 N, shear=11000 N; L is adjustable range; damping ratio 0.1~0.2; 304 SS std; any mounting angle"
EKD/OVICTOR Vibration Isolator catalogue (2023),OVTD multi-DOF wire rope hanger,OVTD1100-2,wire rope hanger / strut,15.9,,665~800,182,182,16,,,15200,,,,,,,"cat p.58-59; rated bearing capacity axial=15200 N, 45deg=21800 N, shear=30500 N; L is adjustable range; damping ratio 0.1~0.2; 304 SS std; any mounting angle"
EKD/OVICTOR Vibration Isolator catalogue (2023),OVTD multi-DOF wire rope hanger,OVTD4500-1,wire rope hanger / strut,31.8,,1000~1300,300,300,16,,,13000,,,,,,,"cat p.58-59; rated bearing capacity axial=13000 N, 45deg=32500 N, shear=45000 N; L is adjustable range; damping ratio 0.1~0.2; 304 SS std; any mounting angle"
EKD/OVICTOR Vibration Isolator catalogue (2023),OVTD multi-DOF wire rope hanger,OVTD4500-2,wire rope hanger / strut,31.8,,1000~1300,300,300,16,,,36400,,,,,,,"cat p.58-59; rated bearing capacity axial=36400 N, 45deg=91000 N, shear=126000 N; L is adjustable range; damping ratio 0.1~0.2; 304 SS std; any mounting angle"
EKD/OVICTOR Vibration Isolator catalogue (2023),OVTG all-metal pipe clamp,OVTG-14,metal-mesh pipe clamp,,,70,14,42,7,0.15,,,,,,,,15-20,cat p.60-61; pipe bore ∅N=11 mm; hole pitch L1=56; H1=23; T=7; 2 x ∅7 holes; std natural freq 15-20 Hz (custom 10-25 Hz); 304 SS; -70 to +300 C; no load rating published
EKD/OVICTOR Vibration Isolator catalogue (2023),OVTG all-metal pipe clamp,OVTG-22,metal-mesh pipe clamp,,,80,19,50,9,0.25,,,,,,,,15-20,cat p.60-61; pipe bore ∅N=19 mm; hole pitch L1=65; H1=27; T=7; 2 x ∅9 holes; std natural freq 15-20 Hz (custom 10-25 Hz); 304 SS; -70 to +300 C; no load rating published
EKD/OVICTOR Vibration Isolator catalogue (2023),OVTG all-metal pipe clamp,OVTG-25,metal-mesh pipe clamp,,,80,19,50,9,0.25,,,,,,,,15-20,cat p.60-61; pipe bore ∅N=22 mm; hole pitch L1=65; H1=27; T=7; 2 x ∅9 holes; std natural freq 15-20 Hz (custom 10-25 Hz); 304 SS; -70 to +300 C; no load rating published
EKD/OVICTOR Vibration Isolator catalogue (2023),OVTG all-metal pipe clamp,OVTG-27,metal-mesh pipe clamp,,,80,19,50,9,0.25,,,,,,,,15-20,cat p.60-61; pipe bore ∅N=22 mm; hole pitch L1=65; H1=27; T=7; 2 x ∅9 holes; std natural freq 15-20 Hz (custom 10-25 Hz); 304 SS; -70 to +300 C; no load rating published
EKD/OVICTOR Vibration Isolator catalogue (2023),OVTG all-metal pipe clamp,OVTG-32,metal-mesh pipe clamp,,,100,24,60,11,0.4,,,,,,,,15-20,cat p.60-61; pipe bore ∅N=29 mm; hole pitch L1=80; H1=32; T=7; 2 x ∅11 holes; std natural freq 15-20 Hz (custom 10-25 Hz); 304 SS; -70 to +300 C; no load rating published
EKD/OVICTOR Vibration Isolator catalogue (2023),OVTG all-metal pipe clamp,OVTG-38,metal-mesh pipe clamp,,,105,24,65,11,0.45,,,,,,,,15-20,cat p.60-61; pipe bore ∅N=35 mm; hole pitch L1=85; H1=34.5; T=7; 2 x ∅11 holes; std natural freq 15-20 Hz (custom 10-25 Hz); 304 SS; -70 to +300 C; no load rating published
EKD/OVICTOR Vibration Isolator catalogue (2023),OVTG all-metal pipe clamp,OVTG-45,metal-mesh pipe clamp,,,125,29,82,13,0.9,,,,,,,,15-20,cat p.60-61; pipe bore ∅N=41 mm; hole pitch L1=105; H1=43; T=8; 2 x ∅13 holes; std natural freq 15-20 Hz (custom 10-25 Hz); 304 SS; -70 to +300 C; no load rating published
EKD/OVICTOR Vibration Isolator catalogue (2023),OVTG all-metal pipe clamp,OVTG-50,metal-mesh pipe clamp,,,135,29,92,16,1.1,,,,,,,,15-20,cat p.60-61; pipe bore ∅N=46 mm; hole pitch L1=115; H1=48; T=8; 2 x ∅16 holes; std natural freq 15-20 Hz (custom 10-25 Hz); 304 SS; -70 to +300 C; no load rating published
EKD/OVICTOR Vibration Isolator catalogue (2023),OVTG all-metal pipe clamp,OVTG-57,metal-mesh pipe clamp,,,160,34,102,16,1.5,,,,,,,,15-20,cat p.60-61; pipe bore ∅N=53 mm; hole pitch L1=130; H1=53; T=8; 2 x ∅16 holes; std natural freq 15-20 Hz (custom 10-25 Hz); 304 SS; -70 to +300 C; no load rating published
EKD/OVICTOR Vibration Isolator catalogue (2023),OVTG all-metal pipe clamp,OVTG-85,metal-mesh pipe clamp,,,2110,46,140,16,3.2,,,,,,,,15-20,"cat p.60-61; pipe bore ∅N=80 mm; hole pitch L1=175; H1=75; T=15; 2 x ∅16 holes; std natural freq 15-20 Hz (custom 10-25 Hz); 304 SS; -70 to +300 C; no load rating published; printed as ""OVYG-85"" with L=2110 - both look like misprints (L likely 210)"
EKD/OVICTOR Vibration Isolator catalogue (2023),OVTG all-metal pipe clamp,OVTG-100,metal-mesh pipe clamp,,,230,46,164,18,4,,,,,,,,15-20,cat p.60-61; pipe bore ∅N=94 mm; hole pitch L1=195; H1=87; T=15; 2 x ∅18 holes; std natural freq 15-20 Hz (custom 10-25 Hz); 304 SS; -70 to +300 C; no load rating published
EKD/OVICTOR Vibration Isolator catalogue (2023),OVTG all-metal pipe clamp,OVTG-114,metal-mesh pipe clamp,,,250,46,178,18,4.5,,,,,,,,15-20,cat p.60-61; pipe bore ∅N=108 mm; hole pitch L1=210; H1=94; T=15; 2 x ∅18 holes; std natural freq 15-20 Hz (custom 10-25 Hz); 304 SS; -70 to +300 C; no load rating published
EKD/OVICTOR Vibration Isolator catalogue (2023),OVTG all-metal pipe clamp,OVTG-133,metal-mesh pipe clamp,,,270,46,197,18,5.5,,,,,,,,15-20,cat p.60-61; pipe bore ∅N=127 mm; hole pitch L1=230; H1=103.5; T=15; 2 x ∅18 holes; std natural freq 15-20 Hz (custom 10-25 Hz); 304 SS; -70 to +300 C; no load rating published
EKD/OVICTOR Vibration Isolator catalogue (2023),OVTG all-metal pipe clamp,OVTG-150,metal-mesh pipe clamp,,,290,51,216,18,7.2,,,,,,,,15-20,cat p.60-61; pipe bore ∅N=144 mm; hole pitch L1=250; H1=113; T=16; 2 x ∅18 holes; std natural freq 15-20 Hz (custom 10-25 Hz); 304 SS; -70 to +300 C; no load rating published
EKD/OVICTOR Vibration Isolator catalogue (2023),OVTG all-metal pipe clamp,OVTG-200,metal-mesh pipe clamp,,,340,51,266,18,9.5,,,,,,,,15-20,cat p.60-61; pipe bore ∅N=194 mm; hole pitch L1=300; H1=138; T=16; 2 x ∅18 holes; std natural freq 15-20 Hz (custom 10-25 Hz); 304 SS; -70 to +300 C; no load rating published
EKD/OVICTOR Vibration Isolator catalogue (2023),OVTG all-metal pipe clamp,OVTG-250,metal-mesh pipe clamp,,,390,51,320,18,11.5,,,,,,,,15-20,cat p.60-61; pipe bore ∅N=244 mm; hole pitch L1=350; H1=163; T=16; 2 x ∅18 holes; std natural freq 15-20 Hz (custom 10-25 Hz); 304 SS; -70 to +300 C; no load rating published
EKD/OVICTOR Vibration Isolator catalogue (2023),OVTG all-metal pipe clamp,OVTG-300,metal-mesh pipe clamp,,,440,56,370,20,17.3,,,,,,,,15-20,cat p.60-61; pipe bore ∅N=294 mm; hole pitch L1=400; H1=190; T=18; 2 x ∅20 holes; std natural freq 15-20 Hz (custom 10-25 Hz); 304 SS; -70 to +300 C; no load rating published
EKD/OVICTOR Vibration Isolator catalogue (2023),OVTG all-metal pipe clamp,OVTG-350,metal-mesh pipe clamp,,,490,56,420,20,20.5,,,,,,,,15-20,cat p.60-61; pipe bore ∅N=344 mm; hole pitch L1=450; H1=215; T=18; 2 x ∅20 holes; std natural freq 15-20 Hz (custom 10-25 Hz); 304 SS; -70 to +300 C; no load rating published
EKD/OVICTOR Vibration Isolator catalogue (2023),OVTG all-metal pipe clamp,OVTG-400,metal-mesh pipe clamp,,,570,100,484,22,50,,,,,,,,15-20,cat p.60-61; pipe bore ∅N=392 mm; hole pitch L1=520; H1=248; T=22; 4 x ∅22 holes; B1=60; std natural freq 15-20 Hz (custom 10-25 Hz); 304 SS; -70 to +300 C; no load rating published
EKD/OVICTOR Vibration Isolator catalogue (2023),OVTG all-metal pipe clamp,OVTG-450,metal-mesh pipe clamp,,,620,100,534,22,60,,,,,,,,15-20,cat p.60-61; pipe bore ∅N=442 mm; hole pitch L1=570; H1=273; T=22; 4 x ∅22 holes; B1=60; std natural freq 15-20 Hz (custom 10-25 Hz); 304 SS; -70 to +300 C; no load rating published
EKD/OVICTOR Vibration Isolator catalogue (2023),OVTG all-metal pipe clamp,OVTG-500,metal-mesh pipe clamp,,,670,100,584,22,65,,,,,,,,15-20,cat p.60-61; pipe bore ∅N=492 mm; hole pitch L1=620; H1=298; T=22; 4 x ∅22 holes; B1=60; std natural freq 15-20 Hz (custom 10-25 Hz); 304 SS; -70 to +300 C; no load rating published
EKD/OVICTOR Vibration Isolator catalogue (2023),OVTG all-metal pipe clamp,OVTG-600,metal-mesh pipe clamp,,,770,100,684,22,75,,,,,,,,15-20,cat p.60-61; pipe bore ∅N=592 mm; hole pitch L1=720; H1=348; T=22; 4 x ∅22 holes; B1=60; std natural freq 15-20 Hz (custom 10-25 Hz); 304 SS; -70 to +300 C; no load rating published
EKD/OVICTOR Vibration Isolator catalogue (2023),OVTG all-metal pipe clamp,OVTG-700,metal-mesh pipe clamp,,,870,100,784,22,85,,,,,,,,15-20,cat p.60-61; pipe bore ∅N=692 mm; hole pitch L1=820; H1=398; T=22; 4 x ∅22 holes; B1=60; std natural freq 15-20 Hz (custom 10-25 Hz); 304 SS; -70 to +300 C; no load rating published
EKD/OVICTOR Vibration Isolator catalogue (2023),OVTG all-metal pipe clamp,OVTG-800,metal-mesh pipe clamp,,,970,100,884,22,95,,,,,,,,15-20,cat p.60-61; pipe bore ∅N=792 mm; hole pitch L1=920; H1=448; T=22; 4 x ∅22 holes; B1=60; std natural freq 15-20 Hz (custom 10-25 Hz); 304 SS; -70 to +300 C; no load rating published
EKD/OVICTOR Vibration Isolator catalogue (2023),OVTG all-metal pipe clamp,OVTG-900,metal-mesh pipe clamp,,,1070,100,984,22,105,,,,,,,,15-20,cat p.60-61; pipe bore ∅N=892 mm; hole pitch L1=1020; H1=498; T=22; 4 x ∅22 holes; B1=60; std natural freq 15-20 Hz (custom 10-25 Hz); 304 SS; -70 to +300 C; no load rating published
EKD/OVICTOR Vibration Isolator catalogue (2023),OVTX all-metal (metal rubber) isolator,OVTX-25-8,"metal-mesh cushion, 3-way equal stiffness",,,125,125,125,6.5,3,,245.2,,,,,,8±1,"cat p.62-63; rated load printed 25 kg, converted x9.81; deformation at rated 5±1.5 mm; damping 0.1~0.24; round body ∅A=125 (used as length & width), ∅B=100, h=105, stud M8, bolt PCD ∅C=112; weight is max; survives 15x rated load; built-in limit stop"
EKD/OVICTOR Vibration Isolator catalogue (2023),OVTX all-metal (metal rubber) isolator,OVTX-40-6,"metal-mesh cushion, 3-way equal stiffness",,,125,125,125,6.5,3,,392.4,,,,,,6±1,"cat p.62-63; rated load printed 40 kg, converted x9.81; deformation at rated 8±1.5 mm; damping 0.1~0.24; round body ∅A=125 (used as length & width), ∅B=100, h=105, stud M8, bolt PCD ∅C=112; weight is max; survives 15x rated load; built-in limit stop"
EKD/OVICTOR Vibration Isolator catalogue (2023),OVTX all-metal (metal rubber) isolator,OVTX-60-8,"metal-mesh cushion, 3-way equal stiffness",,,125,125,125,6.5,3,,588.6,,,,,,8±1,"cat p.62-63; rated load printed 60 kg, converted x9.81; deformation at rated 5±1.5 mm; damping 0.1~0.24; round body ∅A=125 (used as length & width), ∅B=100, h=105, stud M8, bolt PCD ∅C=112; weight is max; survives 15x rated load; built-in limit stop"
EKD/OVICTOR Vibration Isolator catalogue (2023),OVTX all-metal (metal rubber) isolator,OVTX-85-8,"metal-mesh cushion, 3-way equal stiffness",,,150,150,145.5,13,5,,833.9,,,,,,8±1,"cat p.62-63; rated load printed 85 kg, converted x9.81; deformation at rated 5±1.5 mm; damping 0.1~0.24; round body ∅A=150 (used as length & width), ∅B=110, h=121.5, stud M12, bolt PCD ∅C=130; weight is max; survives 15x rated load; built-in limit stop"
EKD/OVICTOR Vibration Isolator catalogue (2023),OVTX all-metal (metal rubber) isolator,OVTX-100-8,"metal-mesh cushion, 3-way equal stiffness",,,150,150,145.5,13,5,,981,,,,,,8±1,"cat p.62-63; rated load printed 100 kg, converted x9.81; deformation at rated 5±1.5 mm; damping 0.1~0.24; round body ∅A=150 (used as length & width), ∅B=110, h=121.5, stud M12, bolt PCD ∅C=130; weight is max; survives 15x rated load; built-in limit stop"
EKD/OVICTOR Vibration Isolator catalogue (2023),OVTX all-metal (metal rubber) isolator,OVTX-100-20,"metal-mesh cushion, 3-way equal stiffness",,,150,150,154.5,13,7,,981,,,,,,20±2,"cat p.62-63; rated load printed 100 kg, converted x9.81; deformation at rated 0.6±0.3 mm; damping 0.1~0.24; round body ∅A=150 (used as length & width), ∅B=110, h=130.5, stud M12, bolt PCD ∅C=130; weight is max; survives 15x rated load; built-in limit stop"
EKD/OVICTOR Vibration Isolator catalogue (2023),OVTX all-metal (metal rubber) isolator,OVTX-150-8,"metal-mesh cushion, 3-way equal stiffness",,,150,150,145.5,13,5,,1471.5,,,,,,8±1,"cat p.62-63; rated load printed 150 kg, converted x9.81; deformation at rated 5±1.5 mm; damping 0.1~0.24; round body ∅A=150 (used as length & width), ∅B=110, h=121.5, stud M12, bolt PCD ∅C=130; weight is max; survives 15x rated load; built-in limit stop"
EKD/OVICTOR Vibration Isolator catalogue (2023),Rubber BE-type shock absorber,BE3,"rubber mount, anti-shedding (E/EA interchangeable)",,,70,36,40,7,0.1,,30,12.1,11,31,,,10±1.5,"cat p.64-65; nominal load Z forward (pedestal)=30 N, Z backward (hanging)=20 N, Y=40 N, X=15 N; dynamic stiffness Z fwd/Z bwd/Y/X=12.1/13.3/31/11 N/mm; deformation 3.5-5.0 mm; damping 0.07-0.11; stud M8; hole pitch L1=54; 2 x ∅7 holes; shear col = X, roll col = Y"
EKD/OVICTOR Vibration Isolator catalogue (2023),Rubber BE-type shock absorber,BE5,"rubber mount, anti-shedding (E/EA interchangeable)",,,70,36,40,7,0.1,,50,20,18.5,48,,,10±1.5,"cat p.64-65; nominal load Z forward (pedestal)=50 N, Z backward (hanging)=35 N, Y=60 N, X=25 N; dynamic stiffness Z fwd/Z bwd/Y/X=20/22/48/18.5 N/mm; deformation 3.5-5.0 mm; damping 0.07-0.11; stud M8; hole pitch L1=54; 2 x ∅7 holes; shear col = X, roll col = Y"
EKD/OVICTOR Vibration Isolator catalogue (2023),Rubber BE-type shock absorber,BE10,"rubber mount, anti-shedding (E/EA interchangeable)",,,70,36,40,7,0.1,,100,40,37,96,,,10±1.5,"cat p.64-65; nominal load Z forward (pedestal)=100 N, Z backward (hanging)=70 N, Y=120 N, X=50 N; dynamic stiffness Z fwd/Z bwd/Y/X=40/44/96/37 N/mm; deformation 3.5-5.0 mm; damping 0.07-0.11; stud M8; hole pitch L1=54; 2 x ∅7 holes; shear col = X, roll col = Y"
EKD/OVICTOR Vibration Isolator catalogue (2023),Rubber BE-type shock absorber,BE15,"rubber mount, anti-shedding (E/EA interchangeable)",,,70,36,40,7,0.1,,150,60,55,145,,,10±1.5,"cat p.64-65; nominal load Z forward (pedestal)=150 N, Z backward (hanging)=100 N, Y=170 N, X=70 N; dynamic stiffness Z fwd/Z bwd/Y/X=60/67/145/55 N/mm; deformation 3.5-5.0 mm; damping 0.07-0.11; stud M8; hole pitch L1=54; 2 x ∅7 holes; shear col = X, roll col = Y"
EKD/OVICTOR Vibration Isolator catalogue (2023),Rubber BE-type shock absorber,BE25,"rubber mount, anti-shedding (E/EA interchangeable)",,,70,40,40,7,0.15,,250,100,92,241,,,10±1.5,"cat p.64-65; nominal load Z forward (pedestal)=250 N, Z backward (hanging)=170 N, Y=300 N, X=150 N; dynamic stiffness Z fwd/Z bwd/Y/X=100/110/241/92 N/mm; deformation 3.5-5.0 mm; damping 0.07-0.11; stud M8; hole pitch L1=54; 2 x ∅7 holes; shear col = X, roll col = Y"
EKD/OVICTOR Vibration Isolator catalogue (2023),Rubber BE-type shock absorber,BE40,"rubber mount, anti-shedding (E/EA interchangeable)",,,85,55,46,9,0.25,,400,161,148,387,,,10±1.5,"cat p.64-65; nominal load Z forward (pedestal)=400 N, Z backward (hanging)=280 N, Y=450 N, X=200 N; dynamic stiffness Z fwd/Z bwd/Y/X=161/178/387/148 N/mm; deformation 3.5-5.0 mm; damping 0.07-0.11; stud M10; hole pitch L1=68; 2 x ∅9 holes; shear col = X, roll col = Y"
EKD/OVICTOR Vibration Isolator catalogue (2023),Rubber BE-type shock absorber,BE60,"rubber mount, anti-shedding (E/EA interchangeable)",,,100,65,50,9,0.4,,600,242,222,580,,,10±1.5,"cat p.64-65; nominal load Z forward (pedestal)=600 N, Z backward (hanging)=400 N, Y=700 N, X=300 N; dynamic stiffness Z fwd/Z bwd/Y/X=242/266/580/222 N/mm; deformation 3.5-5.0 mm; damping 0.07-0.11; stud M12; hole pitch L1=80; 2 x ∅9 holes; shear col = X, roll col = Y"
EKD/OVICTOR Vibration Isolator catalogue (2023),Rubber BE-type shock absorber,BE85,"rubber mount, anti-shedding (E/EA interchangeable)",,,120,70,60,11,0.7,,850,342,315,822,,,10±1.5,"cat p.64-65; nominal load Z forward (pedestal)=850 N, Z backward (hanging)=600 N, Y=1000 N, X=400 N; dynamic stiffness Z fwd/Z bwd/Y/X=342/377/822/315 N/mm; deformation 3.5-5.0 mm; damping 0.07-0.11; stud M14; hole pitch L1=100; 2 x ∅11 holes; shear col = X, roll col = Y"
EKD/OVICTOR Vibration Isolator catalogue (2023),Rubber BE-type shock absorber,BE120,"rubber mount, anti-shedding (E/EA interchangeable)",,,140,85,60,13,1,,1200,483,445,1280,,,10±1.5,"cat p.64-65; nominal load Z forward (pedestal)=1200 N, Z backward (hanging)=800 N, Y=1350 N, X=600 N; dynamic stiffness Z fwd/Z bwd/Y/X=483/533/1280/445 N/mm; deformation 3.5-5.0 mm; damping 0.07-0.11; stud M16; hole pitch L1=112; 2 x ∅13 holes; shear col = X, roll col = Y"
EKD/OVICTOR Vibration Isolator catalogue (2023),Rubber BE-type shock absorber,BE160,"rubber mount, anti-shedding (E/EA interchangeable)",,,145,90,62,13,1.2,,1600,644,560,1570,,,10±1.5,"cat p.64-65; nominal load Z forward (pedestal)=1600 N, Z backward (hanging)=1100 N, Y=1800 N, X=800 N; dynamic stiffness Z fwd/Z bwd/Y/X=644/710/1570/560 N/mm; deformation 3.5-5.0 mm; damping 0.07-0.11; stud M18; hole pitch L1=115; 2 x ∅13 holes; shear col = X, roll col = Y"
EKD/OVICTOR Vibration Isolator catalogue (2023),Rubber BE-type shock absorber,BE220,"rubber mount, anti-shedding (E/EA interchangeable)",,,150,105,70,15,1.5,,2200,880,816,2268,,,10±1.5,"cat p.64-65; nominal load Z forward (pedestal)=2200 N, Z backward (hanging)=1500 N, Y=2400 N, X=1100 N; dynamic stiffness Z fwd/Z bwd/Y/X=880/977/2268/816 N/mm; deformation 3.5-5.0 mm; damping 0.07-0.11; stud M22; hole pitch L1=120; 2 x ∅15 holes; shear col = X, roll col = Y"
EKD/OVICTOR Vibration Isolator catalogue (2023),Rubber BE-type shock absorber,BE300,"rubber mount, anti-shedding (E/EA interchangeable)",,,155,115,75,15,1.8,,3000,1210,1110,3093,,,10±1.5,"cat p.64-65; nominal load Z forward (pedestal)=3000 N, Z backward (hanging)=2000 N, Y=3300 N, X=1500 N; dynamic stiffness Z fwd/Z bwd/Y/X=1210/1332/3093/1110 N/mm; deformation 3.5-5.0 mm; damping 0.07-0.11; stud M24; hole pitch L1=125; 4 x ∅15 holes, B1=60; shear col = X, roll col = Y"
EKD/OVICTOR Vibration Isolator catalogue (2023),Rubber BE-type shock absorber,BE400,"rubber mount, anti-shedding (E/EA interchangeable)",,,175,120,80,17,2.3,,4000,1610,1480,4120,,,10±1.5,"cat p.64-65; nominal load Z forward (pedestal)=4000 N, Z backward (hanging)=2800 N, Y=4300 N, X=1800 N; dynamic stiffness Z fwd/Z bwd/Y/X=1610/1776/4120/1480 N/mm; deformation 3.5-5.0 mm; damping 0.07-0.11; stud M27; hole pitch L1=140; 4 x ∅17 holes, B1=65; shear col = X, roll col = Y"
EKD/OVICTOR Vibration Isolator catalogue (2023),Rubber B-type reinforced shock absorber,B1-1,"small rubber mount (instruments, lamps)",,,32,32,62.2,M4,0.04,,4.5,,,,,,15±2,"cat p.66; nominal load Z=4.5 N; static deformation at rated: ambient 1.2~2.0, low temp 0.9~2.0, high temp 1.2~2.3 mm; damping 0.02; A=32 B=25 (square flange, A used as length & width); stud d=M4, d1=M6"
EKD/OVICTOR Vibration Isolator catalogue (2023),Rubber B-type reinforced shock absorber,B1-2,"small rubber mount (instruments, lamps)",,,32,32,62.2,M4,0.04,,9,,,,,,15±2,"cat p.66; nominal load Z=9 N; static deformation at rated: ambient 1.2~2.0, low temp 0.9~2.0, high temp 1.2~2.3 mm; damping 0.02; A=32 B=25 (square flange, A used as length & width); stud d=M4, d1=M6"
EKD/OVICTOR Vibration Isolator catalogue (2023),Rubber B-type reinforced shock absorber,B1-3,"small rubber mount (instruments, lamps)",,,32,32,62.2,M4,0.04,,13.5,,,,,,15±2,"cat p.66; nominal load Z=13.5 N; static deformation at rated: ambient 1.2~2.0, low temp 0.9~2.0, high temp 1.2~2.3 mm; damping 0.02; A=32 B=25 (square flange, A used as length & width); stud d=M4, d1=M6"
EKD/OVICTOR Vibration Isolator catalogue (2023),Rubber B-type reinforced shock absorber,B1-4,"small rubber mount (instruments, lamps)",,,32,32,62.2,M4,0.04,,18,,,,,,15±2,"cat p.66; nominal load Z=18 N; static deformation at rated: ambient 1.2~2.0, low temp 0.9~2.0, high temp 1.2~2.3 mm; damping 0.02; A=32 B=25 (square flange, A used as length & width); stud d=M4, d1=M6"
EKD/OVICTOR Vibration Isolator catalogue (2023),Rubber B-type reinforced shock absorber,B1-5,"small rubber mount (instruments, lamps)",,,32,32,62.2,M4,0.04,,22.5,,,,,,15±2,"cat p.66; nominal load Z=22.5 N; static deformation at rated: ambient 1.2~2.0, low temp 0.9~2.0, high temp 1.2~2.3 mm; damping 0.02; A=32 B=25 (square flange, A used as length & width); stud d=M4, d1=M6"
EKD/OVICTOR Vibration Isolator catalogue (2023),Rubber B-type reinforced shock absorber,B2-4,"small rubber mount (instruments, lamps)",,,45,45,89.5,M6,0.1,,18,,,,,,15±2,"cat p.66; nominal load Z=18 N; static deformation at rated: ambient 1.2~2.0, low temp 0.9~2.0, high temp 1.2~2.3 mm; damping 0.05; A=45 B=35 (square flange, A used as length & width); stud d=M6, d1=M8"
EKD/OVICTOR Vibration Isolator catalogue (2023),Rubber B-type reinforced shock absorber,B2-5,"small rubber mount (instruments, lamps)",,,45,45,89.5,M6,0.1,,27,,,,,,15±2,"cat p.66; nominal load Z=27 N; static deformation at rated: ambient 1.2~2.0, low temp 0.9~2.0, high temp 1.2~2.3 mm; damping 0.05; A=45 B=35 (square flange, A used as length & width); stud d=M6, d1=M8"
EKD/OVICTOR Vibration Isolator catalogue (2023),Rubber B-type reinforced shock absorber,B2-6,"small rubber mount (instruments, lamps)",,,45,45,89.5,M6,0.1,,36,,,,,,15±2,"cat p.66; nominal load Z=36 N; static deformation at rated: ambient 1.2~2.0, low temp 0.9~2.0, high temp 1.2~2.3 mm; damping 0.05; A=45 B=35 (square flange, A used as length & width); stud d=M6, d1=M8"
EKD/OVICTOR Vibration Isolator catalogue (2023),Rubber B-type reinforced shock absorber,B2-10,"small rubber mount (instruments, lamps)",,,45,45,89.5,M6,0.1,,45,,,,,,15±2,"cat p.66; nominal load Z=45 N; static deformation at rated: ambient 1.2~2.0, low temp 0.9~2.0, high temp 1.2~2.3 mm; damping 0.05; A=45 B=35 (square flange, A used as length & width); stud d=M6, d1=M8"
EKD/OVICTOR Vibration Isolator catalogue (2023),Rubber B-type reinforced shock absorber,B2-12,"small rubber mount (instruments, lamps)",,,45,45,89.5,M6,0.1,,54,,,,,,15±2,"cat p.66; nominal load Z=54 N; static deformation at rated: ambient 1.2~2.0, low temp 0.9~2.0, high temp 1.2~2.3 mm; damping 0.05; A=45 B=35 (square flange, A used as length & width); stud d=M6, d1=M8"
EKD/OVICTOR Vibration Isolator catalogue (2023),Rubber B-type reinforced shock absorber,B3-15,"small rubber mount (instruments, lamps)",,,57,57,121,M10,0.3,,67.5,,,,,,15±2,"cat p.66; nominal load Z=67.5 N; static deformation at rated: ambient 1.2~2.0, low temp 0.9~2.0, high temp 1.2~2.3 mm; damping 0.05; A=57 B=45 (square flange, A used as length & width); stud d=M10, d1=M12"
EKD/OVICTOR Vibration Isolator catalogue (2023),Rubber B-type reinforced shock absorber,B3-20,"small rubber mount (instruments, lamps)",,,57,57,121,M10,0.3,,90,,,,,,15±2,"cat p.66; nominal load Z=90 N; static deformation at rated: ambient 1.2~2.0, low temp 0.9~2.0, high temp 1.2~2.3 mm; damping 0.05; A=57 B=45 (square flange, A used as length & width); stud d=M10, d1=M12"
EKD/OVICTOR Vibration Isolator catalogue (2023),Rubber B-type reinforced shock absorber,B3-25,"small rubber mount (instruments, lamps)",,,57,57,121,M10,0.3,,112.5,,,,,,15±2,"cat p.66; nominal load Z=112.5 N; static deformation at rated: ambient 1.2~2.0, low temp 0.9~2.0, high temp 1.2~2.3 mm; damping 0.05; A=57 B=45 (square flange, A used as length & width); stud d=M10, d1=M12"
EKD/OVICTOR Vibration Isolator catalogue (2023),Rubber B-type reinforced shock absorber,B3-35,"small rubber mount (instruments, lamps)",,,57,57,121,M10,0.3,,157.5,,,,,,15±2,"cat p.66; nominal load Z=157.5 N; static deformation at rated: ambient 1.2~2.0, low temp 0.9~2.0, high temp 1.2~2.3 mm; damping 0.05; A=57 B=45 (square flange, A used as length & width); stud d=M10, d1=M12"
EKD/OVICTOR Vibration Isolator catalogue (2023),Rubber E/EA-type shock absorber,E10,"rubber mount, anti-shedding",,,70,35,40,7,0.18,,100,330,350,500,,,28.5,"cat p.67-68; nominal load Z=100 X=50 Y=100 N; static deformation 0.6±0.3 mm; dynamic stiffness Z/X/Y=330/350/500 N/mm; inherent freq Z/X/Y=28.5/29.5/35 Hz; damping 0.08~0.12; stud M8; holes 2-∅7; L1=54 L2=40 H1=27; shear col = X, roll col = Y"
EKD/OVICTOR Vibration Isolator catalogue (2023),Rubber E/EA-type shock absorber,E15,"rubber mount, anti-shedding",,,70,40,40,7,0.22,,150,450,430,660,,,27,"cat p.67-68; nominal load Z=150 X=100 Y=150 N; static deformation 0.7±0.3 mm; dynamic stiffness Z/X/Y=450/430/660 N/mm; inherent freq Z/X/Y=27/27/33 Hz; damping 0.08~0.12; stud M8; holes 2-∅7; L1=54 L2=40 H1=27; shear col = X, roll col = Y"
EKD/OVICTOR Vibration Isolator catalogue (2023),Rubber E/EA-type shock absorber,E25,"rubber mount, anti-shedding",,,70,40,40,7,0.22,,250,750,690,880,,,27,"cat p.67-68; nominal load Z=250 X=100 Y=250 N; static deformation 0.9±0.3 mm; dynamic stiffness Z/X/Y=750/690/880 N/mm; inherent freq Z/X/Y=27/26/29.5 Hz; damping 0.08~0.12; stud M8; holes 2-∅7; L1=54 L2=40 H1=27; shear col = X, roll col = Y"
EKD/OVICTOR Vibration Isolator catalogue (2023),Rubber E/EA-type shock absorber,EA25,"rubber mount, anti-shedding (EA: softer)",,,70,48,40,7,0.22,,250,500,560,950,,,22,"cat p.67-68; nominal load Z=250 X=100 Y=250 N; static deformation 1.0±0.4 mm; dynamic stiffness Z/X/Y=500/560/950 N/mm; inherent freq Z/X/Y=22/23.5/30.5 Hz; damping 0.08~0.12; stud M8; holes 2-∅7; L1=54 L2=40 H1=27 B1=40; shear col = X, roll col = Y"
EKD/OVICTOR Vibration Isolator catalogue (2023),Rubber E/EA-type shock absorber,E40,"rubber mount, anti-shedding",,,85,55,46,9,0.42,,400,1300,740,1100,,,28.5,"cat p.67-68; nominal load Z=400 X=150 Y=400 N; static deformation 0.7±0.3 mm; dynamic stiffness Z/X/Y=1300/740/1100 N/mm; inherent freq Z/X/Y=28.5/21.5/26 Hz; damping 0.08~0.12; stud M10; holes 2-∅9; L1=68 L2=48 H1=32; shear col = X, roll col = Y"
EKD/OVICTOR Vibration Isolator catalogue (2023),Rubber E/EA-type shock absorber,EA40,"rubber mount, anti-shedding (EA: softer)",,,85,63,46,9,0.42,,400,870,800,1000,,,23,"cat p.67-68; nominal load Z=400 X=150 Y=400 N; static deformation 1.2±0.4 mm; dynamic stiffness Z/X/Y=870/800/1000 N/mm; inherent freq Z/X/Y=23/22.5/25 Hz; damping 0.08~0.12; stud M10; holes 2-∅9; L1=68 L2=48 H1=32 B1=55; shear col = X, roll col = Y"
EKD/OVICTOR Vibration Isolator catalogue (2023),Rubber E/EA-type shock absorber,E60,"rubber mount, anti-shedding",,,100,65,50,9.2,0.72,,600,1600,900,1400,,,25.5,"cat p.67-68; nominal load Z=600 X=250 Y=600 N; static deformation 0.7±0.3 mm; dynamic stiffness Z/X/Y=1600/900/1400 N/mm; inherent freq Z/X/Y=25.5/19.5/24 Hz; damping 0.08~0.12; stud M12; holes 2-∅9.2; L1=80 L2=56 H1=35; shear col = X, roll col = Y"
EKD/OVICTOR Vibration Isolator catalogue (2023),Rubber E/EA-type shock absorber,EA60,"rubber mount, anti-shedding (EA: softer)",,,100,73,50,9,0.72,,600,1500,900,1900,,,25,"cat p.67-68; nominal load Z=600 X=250 Y=600 N; static deformation 1.2±0.4 mm; dynamic stiffness Z/X/Y=1500/900/1900 N/mm; inherent freq Z/X/Y=25/19.5/28 Hz; damping 0.08~0.12; stud M12; holes 2-∅9; L1=80 L2=56 H1=35 B1=65; shear col = X, roll col = Y"
EKD/OVICTOR Vibration Isolator catalogue (2023),Rubber E/EA-type shock absorber,E85,"rubber mount, anti-shedding",,,120,70,60,11,1.14,,850,2000,1000,1900,,,24,"cat p.67-68; nominal load Z=850 X=350 Y=850 N; static deformation 0.6±0.3 mm; dynamic stiffness Z/X/Y=2000/1000/1900 N/mm; inherent freq Z/X/Y=24/17/23.5 Hz; damping 0.08~0.12; stud M14; holes 2-∅11; L1=100 L2=76 H1=42; shear col = X, roll col = Y"
EKD/OVICTOR Vibration Isolator catalogue (2023),Rubber E/EA-type shock absorber,EA85,"rubber mount, anti-shedding (EA: softer)",,,120,80,60,11,1.14,,850,1850,1000,2100,,,23,"cat p.67-68; nominal load Z=850 X=350 Y=850 N; static deformation 1.0±0.4 mm; dynamic stiffness Z/X/Y=1850/1000/2100 N/mm; inherent freq Z/X/Y=23/17/25 Hz; damping 0.08~0.12; stud M14; holes 2-∅11; L1=100 L2=76 H1=42 B1=70; shear col = X, roll col = Y"
EKD/OVICTOR Vibration Isolator catalogue (2023),Rubber E/EA-type shock absorber,E120,"rubber mount, anti-shedding",,,140,85,60,13,1.6,,1200,2500,1100,2100,,,23,"cat p.67-68; nominal load Z=1200 X=500 Y=1100 N; static deformation 0.9±0.3 mm; dynamic stiffness Z/X/Y=2500/1100/2100 N/mm; inherent freq Z/X/Y=23/15/21 Hz; damping 0.08~0.12; stud M16; holes 2-∅13; L1=112 L2=80 H1=46; shear col = X, roll col = Y"
EKD/OVICTOR Vibration Isolator catalogue (2023),Rubber E/EA-type shock absorber,EA120,"rubber mount, anti-shedding (EA: softer)",,,140,101,60,13,1.6,,1200,1530,800,1700,,,18,"cat p.67-68; nominal load Z=1200 X=500 Y=1100 N; static deformation 1.5±0.4 mm; dynamic stiffness Z/X/Y=1530/800/1700 N/mm; inherent freq Z/X/Y=18/13/19 Hz; damping 0.08~0.12; stud M16; holes 2-∅13; L1=112 L2=80 H1=46 B1=85; shear col = X, roll col = Y"
EKD/OVICTOR Vibration Isolator catalogue (2023),Rubber E/EA-type shock absorber,E160,"rubber mount, anti-shedding",,,145,108,60,13,1.95,,1600,5500,1400,2800,,,29,"cat p.67-68; nominal load Z=1600 X=700 Y=1500 N; static deformation 0.6±0.3 mm; dynamic stiffness Z/X/Y=5500/1400/2800 N/mm; inherent freq Z/X/Y=29/14.5/21 Hz; damping 0.08~0.12; stud M18; holes 2-∅13; L1=115 L2=81 H1=42 B1=90; shear col = X, roll col = Y"
EKD/OVICTOR Vibration Isolator catalogue (2023),Rubber E/EA-type shock absorber,EA160,"rubber mount, anti-shedding (EA: softer)",,,145,108,60,13,1.95,,1600,4000,1150,2450,,,25,"cat p.67-68; nominal load Z=1600 X=700 Y=1500 N; static deformation 1.0±0.4 mm; dynamic stiffness Z/X/Y=4000/1150/2450 N/mm; inherent freq Z/X/Y=25/13.5/19.5 Hz; damping 0.08~0.12; stud M18; holes 2-∅13; L1=115 L2=81 H1=42 B1=90; shear col = X, roll col = Y"
EKD/OVICTOR Vibration Isolator catalogue (2023),Rubber E/EA-type shock absorber,E220,"rubber mount, anti-shedding",,,150,118,60,15,2.37,,2200,7000,1500,3500,,,28,"cat p.67-68; nominal load Z=2200 X=800 Y=1900 N; static deformation 0.6±0.3 mm; dynamic stiffness Z/X/Y=7000/1500/3500 N/mm; inherent freq Z/X/Y=28/13/20 Hz; damping 0.08~0.12; stud M22; holes 2-∅15; L1=120 L2=86 H1=42 B1=110; shear col = X, roll col = Y"
EKD/OVICTOR Vibration Isolator catalogue (2023),Rubber E/EA-type shock absorber,EA220,"rubber mount, anti-shedding (EA: softer)",,,150,118,60,15,2.37,,2200,4500,1400,2800,,,22.5,"cat p.67-68; nominal load Z=2200 X=800 Y=1900 N; static deformation 1.1±0.4 mm; dynamic stiffness Z/X/Y=4500/1400/2800 N/mm; inherent freq Z/X/Y=22.5/12.5/18 Hz; damping 0.08~0.12; stud M22; holes 2-∅15; L1=120 L2=86 H1=42 B1=110; shear col = X, roll col = Y"
EKD/OVICTOR Vibration Isolator catalogue (2023),Rubber E/EA-type shock absorber,E300,"rubber mount, anti-shedding",,,155,125,65,15,2.9,,3000,11000,2260,5500,,,30,"cat p.67-68; nominal load Z=3000 X=900 Y=2100 N; static deformation 0.6±0.3 mm; dynamic stiffness Z/X/Y=11000/2260/5500 N/mm; inherent freq Z/X/Y=30/13.5/21.5 Hz; damping 0.08~0.12; stud M24; holes 4-∅15; L1=125 L2=88 H1=47 B1=105 B2=60; shear col = X, roll col = Y"
EKD/OVICTOR Vibration Isolator catalogue (2023),Rubber E/EA-type shock absorber,EA300,"rubber mount, anti-shedding (EA: softer)",,,155,125,65,15,2.9,,3000,5600,1500,3350,,,21.5,"cat p.67-68; nominal load Z=3000 X=900 Y=2100 N; static deformation 1.1±0.4 mm; dynamic stiffness Z/X/Y=5600/1500/3350 N/mm; inherent freq Z/X/Y=21.5/11/16.5 Hz; damping 0.08~0.12; stud M24; holes 4-∅15; L1=125 L2=88 H1=47 B1=105 B2=60; shear col = X, roll col = Y"
EKD/OVICTOR Vibration Isolator catalogue (2023),Rubber E/EA-type shock absorber,E400,"rubber mount, anti-shedding",,,175,130,65,17,3.4,,4000,13000,2400,6200,,,28.5,"cat p.67-68; nominal load Z=4000 X=1000 Y=2600 N; static deformation 0.7±0.3 mm; dynamic stiffness Z/X/Y=13000/2400/6200 N/mm; inherent freq Z/X/Y=28.5/12/20 Hz; damping 0.08~0.12; stud M27; holes 4-∅17; L1=140 L2=96 H1=47 B1=110 B2=65; shear col = X, roll col = Y"
EKD/OVICTOR Vibration Isolator catalogue (2023),Rubber E/EA-type shock absorber,EA400,"rubber mount, anti-shedding (EA: softer)",,,175,130,65,17,3.4,,4000,6500,1700,5000,,,20,"cat p.67-68; nominal load Z=4000 X=1000 Y=2600 N; static deformation 1.4±0.4 mm; dynamic stiffness Z/X/Y=6500/1700/5000 N/mm; inherent freq Z/X/Y=20/10.5/17.5 Hz; damping 0.08~0.12; stud M27; holes 4-∅17; L1=140 L2=96 H1=47 B1=110 B2=65; shear col = X, roll col = Y"
EKD/OVICTOR Vibration Isolator catalogue (2023),Rubber 6JX-type shock absorber,6JX-25N,"closed-structure rubber mount, axial (Z) load",,,126,70,60,12,1,196.2,245.2,,,,,,8±1.5,"cat p.69; rated vertical load 25 kg, application range 20~25 kg, converted x9.81; deformation at rated 7±1.5 mm; damping 0.06~0.10; ∅D=70 ∅D1=70 L1(hole pitch)=100 H1=8 stud ∅d1=10, 2 x ∅12 holes; N suffix = higher-damping variant"
EKD/OVICTOR Vibration Isolator catalogue (2023),Rubber 6JX-type shock absorber,6JX-25,"closed-structure rubber mount, axial (Z) load",,,126,70,60,12,1,196.2,245.2,,,,,,7±1.5,"cat p.69; rated vertical load 25 kg, application range 20~25 kg, converted x9.81; deformation at rated 7±1.5 mm; damping 0.04~0.06; ∅D=70 ∅D1=70 L1(hole pitch)=100 H1=8 stud ∅d1=10, 2 x ∅12 holes; N suffix = higher-damping variant"
EKD/OVICTOR Vibration Isolator catalogue (2023),Rubber 6JX-type shock absorber,6JX-45N,"closed-structure rubber mount, axial (Z) load",,,150,76,66,14,1.05,245.2,441.5,,,,,,8±1.5,"cat p.69; rated vertical load 45 kg, application range 25~45 kg, converted x9.81; deformation at rated 7±1.5 mm; damping 0.06~0.10; ∅D=76 ∅D1=76 L1(hole pitch)=120 H1=10 stud ∅d1=14, 2 x ∅14 holes; N suffix = higher-damping variant"
EKD/OVICTOR Vibration Isolator catalogue (2023),Rubber 6JX-type shock absorber,6JX-45,"closed-structure rubber mount, axial (Z) load",,,150,76,66,14,1.05,245.2,441.5,,,,,,7±1.5,"cat p.69; rated vertical load 45 kg, application range 25~45 kg, converted x9.81; deformation at rated 7±1.5 mm; damping 0.04~0.06; ∅D=76 ∅D1=76 L1(hole pitch)=120 H1=10 stud ∅d1=14, 2 x ∅14 holes; N suffix = higher-damping variant"
EKD/OVICTOR Vibration Isolator catalogue (2023),Rubber 6JX-type shock absorber,6JX-70N,"closed-structure rubber mount, axial (Z) load",,,168,82,68,16,1.26,441.5,686.7,,,,,,8±1.5,"cat p.69; rated vertical load 70 kg, application range 45~70 kg, converted x9.81; deformation at rated 8±1.5 mm; damping 0.06~0.10; ∅D=82 ∅D1=82 L1(hole pitch)=136 H1=12 stud ∅d1=16, 2 x ∅16 holes; N suffix = higher-damping variant"
EKD/OVICTOR Vibration Isolator catalogue (2023),Rubber 6JX-type shock absorber,6JX-70,"closed-structure rubber mount, axial (Z) load",,,168,82,68,16,1.26,441.5,686.7,,,,,,7±1.5,"cat p.69; rated vertical load 70 kg, application range 45~70 kg, converted x9.81; deformation at rated 8±1.5 mm; damping 0.04~0.06; ∅D=82 ∅D1=82 L1(hole pitch)=136 H1=12 stud ∅d1=16, 2 x ∅16 holes; N suffix = higher-damping variant"
EKD/OVICTOR Vibration Isolator catalogue (2023),Rubber 6JX-type shock absorber,6JX-100N,"closed-structure rubber mount, axial (Z) load",,,168,82,70,16,1.36,686.7,981,,,,,,8±1.5,"cat p.69; rated vertical load 100 kg, application range 70~100 kg, converted x9.81; deformation at rated 8±1.5 mm; damping 0.06~0.10; ∅D=82 ∅D1=82 L1(hole pitch)=136 H1=12 stud ∅d1=16, 2 x ∅16 holes; N suffix = higher-damping variant"
EKD/OVICTOR Vibration Isolator catalogue (2023),Rubber 6JX-type shock absorber,6JX-100,"closed-structure rubber mount, axial (Z) load",,,168,82,70,16,1.36,686.7,981,,,,,,7±1.5,"cat p.69; rated vertical load 100 kg, application range 70~100 kg, converted x9.81; deformation at rated 8±1.5 mm; damping 0.04~0.06; ∅D=82 ∅D1=82 L1(hole pitch)=136 H1=12 stud ∅d1=16, 2 x ∅16 holes; N suffix = higher-damping variant"
EKD/OVICTOR Vibration Isolator catalogue (2023),Rubber 6JX-type shock absorber,6JX-200N,"closed-structure rubber mount, axial (Z) load",,,172,88,80,16,1.9,981,1962,,,,,,8±1.5,"cat p.69; rated vertical load 200 kg, application range 100~200 kg, converted x9.81; deformation at rated 10±2 mm; damping 0.06~0.10; ∅D=88 ∅D1=88 L1(hole pitch)=140 H1=13 stud ∅d1=19, 2 x ∅16 holes; N suffix = higher-damping variant"
EKD/OVICTOR Vibration Isolator catalogue (2023),Rubber 6JX-type shock absorber,6JX-200,"closed-structure rubber mount, axial (Z) load",,,172,88,80,16,1.9,981,1962,,,,,,7±1.5,"cat p.69; rated vertical load 200 kg, application range 100~200 kg, converted x9.81; deformation at rated 10±2 mm; damping 0.04~0.06; ∅D=88 ∅D1=88 L1(hole pitch)=140 H1=13 stud ∅d1=19, 2 x ∅16 holes; N suffix = higher-damping variant"
EKD/OVICTOR Vibration Isolator catalogue (2023),Rubber 6JX-type shock absorber,6JX-400N,"closed-structure rubber mount, axial (Z) load",,,248,140,108,20,7.3,1962,3924,,,,,,8±1.5,"cat p.69; rated vertical load 400 kg, application range 200~400 kg, converted x9.81; deformation at rated 14±2 mm; damping 0.06~0.10; ∅D=140 ∅D1=165 L1(hole pitch)=210 H1=18 stud ∅d1=26, 2 x ∅20 holes; N suffix = higher-damping variant"
EKD/OVICTOR Vibration Isolator catalogue (2023),Rubber 6JX-type shock absorber,6JX-400,"closed-structure rubber mount, axial (Z) load",,,248,140,108,20,7.3,1962,3924,,,,,,7±1.5,"cat p.69; rated vertical load 400 kg, application range 200~400 kg, converted x9.81; deformation at rated 14±2 mm; damping 0.04~0.06; ∅D=140 ∅D1=165 L1(hole pitch)=210 H1=18 stud ∅d1=26, 2 x ∅20 holes; N suffix = higher-damping variant"
EKD/OVICTOR Vibration Isolator catalogue (2023),Rubber 6JX-type shock absorber,6JX-600N,"closed-structure rubber mount, axial (Z) load",,,260,150,112,22,9,3924,5886,,,,,,8±1.5,"cat p.69; rated vertical load 600 kg, application range 400~600 kg, converted x9.81; deformation at rated 16±2 mm; damping 0.06~0.10; ∅D=150 ∅D1=170 L1(hole pitch)=220 H1=20 stud ∅d1=30, 2 x ∅22 holes; N suffix = higher-damping variant"
EKD/OVICTOR Vibration Isolator catalogue (2023),Rubber 6JX-type shock absorber,6JX-600,"closed-structure rubber mount, axial (Z) load",,,260,150,112,22,9,3924,5886,,,,,,7±1.5,"cat p.69; rated vertical load 600 kg, application range 400~600 kg, converted x9.81; deformation at rated 16±2 mm; damping 0.04~0.06; ∅D=150 ∅D1=170 L1(hole pitch)=220 H1=20 stud ∅d1=30, 2 x ∅22 holes; N suffix = higher-damping variant"
EKD/OVICTOR Vibration Isolator catalogue (2023),Rubber 6JX-type shock absorber,6JX-900N,"closed-structure rubber mount, axial (Z) load",,,290,165,115,24,12.5,3924,8829,,,,,,8±1,"cat p.69; rated vertical load 900 kg, application range 400~900 kg, converted x9.81; deformation at rated 18±3 mm; damping 0.08~0.12; ∅D=165 ∅D1=190 L1(hole pitch)=244 H1=22 stud ∅d1=33, 2 x ∅24 holes; N suffix = higher-damping variant"
EKD/OVICTOR Vibration Isolator catalogue (2023),Rubber 6JX-type shock absorber,6JX-900,"closed-structure rubber mount, axial (Z) load",,,290,165,115,24,12.5,3924,8829,,,,,,6±1.5,"cat p.69; rated vertical load 900 kg, application range 400~900 kg, converted x9.81; deformation at rated 18±3 mm; damping 0.05~0.08; ∅D=165 ∅D1=190 L1(hole pitch)=244 H1=22 stud ∅d1=33, 2 x ∅24 holes; N suffix = higher-damping variant"
EKD/OVICTOR Vibration Isolator catalogue (2023),Rubber 6JX-type shock absorber,6JX-1200N,"closed-structure rubber mount, axial (Z) load",,,340,193,135,26,21,5886,11772,,,,,,8±1,"cat p.69; rated vertical load 1200 kg, application range 600~1200 kg, converted x9.81; deformation at rated 22±4 mm; damping 0.08~0.12; ∅D=193 ∅D1=224 L1(hole pitch)=288 H1=26 stud ∅d1=36, 2 x ∅26 holes; N suffix = higher-damping variant"
EKD/OVICTOR Vibration Isolator catalogue (2023),Rubber 6JX-type shock absorber,6JX-1200,"closed-structure rubber mount, axial (Z) load",,,340,193,135,26,21,5886,11772,,,,,,6±1.5,"cat p.69; rated vertical load 1200 kg, application range 600~1200 kg, converted x9.81; deformation at rated 22±4 mm; damping 0.05~0.08; ∅D=193 ∅D1=224 L1(hole pitch)=288 H1=26 stud ∅d1=36, 2 x ∅26 holes; N suffix = higher-damping variant"
EKD/OVICTOR Vibration Isolator catalogue (2023),Rubber SH-series isolator,SH-500,marine machinery rubber isolator,,,230,90,68,,5.4,,4905,,,,,,,"cat p.70-71; nominal load 500 kg, converted x9.81; deformation 0.6~1.1 mm; operating temp -5~+70 C; L1=160 L2=198 L3=100 H1=22 H2=16"
EKD/OVICTOR Vibration Isolator catalogue (2023),Rubber SH-series isolator,SH-750,marine machinery rubber isolator,,,280,110,68,,8.2,,7357.5,,,,,,,"cat p.70-71; nominal load 750 kg, converted x9.81; deformation 0.6~1.1 mm; operating temp -5~+70 C; L1=200 L2=238 L3=100 H1=22 H2=16"
EKD/OVICTOR Vibration Isolator catalogue (2023),Rubber SH-series isolator,SH-1150,marine machinery rubber isolator,,,,,,,10.2,,11281.5,,,,,,,"cat p.70-71; nominal load 1150 kg, converted x9.81; deformation 0.4~0.9 mm; operating temp -5~+70 C; dimensions only as figure on p.70 (not tabulated)"
EKD/OVICTOR Vibration Isolator catalogue (2023),Rubber SH-series isolator,SH-1750,marine machinery rubber isolator,,,,,,,19.1,,17167.5,,,,,,,"cat p.70-71; nominal load 1750 kg, converted x9.81; deformation 0.4~0.9 mm; operating temp -5~+70 C; dimensions only as figure on p.70 (not tabulated)"
EKD/OVICTOR Vibration Isolator catalogue (2023),Rubber SH-series isolator,SH-2200A,marine machinery rubber isolator,,,,,,,25.9,,21582,,,,,,,"cat p.70-71; nominal load 2200 kg, converted x9.81; deformation 0.3~0.9 mm; operating temp -5~+70 C; L4=150 L5=145 only; other dims as figure"
EKD/OVICTOR Vibration Isolator catalogue (2023),Rubber SH-series isolator,SH-2200B,marine machinery rubber isolator,,,,,,,25,,21582,,,,,,,"cat p.70-71; nominal load 2200 kg, converted x9.81; deformation 0.3~0.9 mm; operating temp -5~+70 C; L4=140 L5=180 only; other dims as figure"
EKD/OVICTOR Vibration Isolator catalogue (2023),Rubber WH/WHG-series isolator,WH-150,"low-frequency rubber isolator, horizontal mounting",,,185,127,80,15,3,,1500,,,,,,6±1,cat p.72-73; rated load Z=1500 N; static deformation 12±2 mm; L1=150 W1=65; 4 x ∅15 holes; 1 x M18 studs; oil/seawater/salt-fog resistant
EKD/OVICTOR Vibration Isolator catalogue (2023),Rubber WH/WHG-series isolator,WH-250,"low-frequency rubber isolator, horizontal mounting",,,185,127,80,17,3.3,,2500,,,,,,6±1,cat p.72-73; rated load Z=2500 N; static deformation 12±2 mm; L1=150 W1=65; 4 x ∅17 holes; 1 x M22 studs; oil/seawater/salt-fog resistant
EKD/OVICTOR Vibration Isolator catalogue (2023),Rubber WH/WHG-series isolator,WH-400,"low-frequency rubber isolator, horizontal mounting",,,185,127,80,19,3.5,,4000,,,,,,6±1,cat p.72-73; rated load Z=4000 N; static deformation 12±2 mm; L1=150 W1=65; 4 x ∅19 holes; 1 x M24 studs; oil/seawater/salt-fog resistant
EKD/OVICTOR Vibration Isolator catalogue (2023),Rubber WH/WHG-series isolator,WHG-600,"low-frequency rubber isolator, horizontal mounting",,,280,144,100,14,14.2,,6000,,,,,,6±1.5,cat p.72-73; rated load Z=6000 N; static deformation 12±2 mm; L1=243 L2=140 W1=112 A=110; 4 x ∅14 holes; 2 x M16 studs; oil/seawater/salt-fog resistant
EKD/OVICTOR Vibration Isolator catalogue (2023),Rubber WH/WHG-series isolator,WHG-800,"low-frequency rubber isolator, horizontal mounting",,,334,144,100,14,17.1,,8000,,,,,,6±1.5,cat p.72-73; rated load Z=8000 N; static deformation 12±2 mm; L1=297 L2=194 W1=112 A=110; 4 x ∅14 holes; 3 x M16 studs; oil/seawater/salt-fog resistant
EKD/OVICTOR Vibration Isolator catalogue (2023),Rubber WH/WHG-series isolator,WHG-1200,"low-frequency rubber isolator, horizontal mounting",,,340,204,130,20,28.1,,12000,,,,,,6±1.5,cat p.72-73; rated load Z=12000 N; static deformation 12±2 mm; L1=296 L2=200 W1=115 A=168; 4 x ∅20 holes; 3 x M24 studs; oil/seawater/salt-fog resistant
EKD/OVICTOR Vibration Isolator catalogue (2023),Rubber WH/WHG-series isolator,WHG-1750,"low-frequency rubber isolator, horizontal mounting",,,460,204,130,20,38.3,,17500,,,,,,6±1.5,cat p.72-73; rated load Z=17500 N; static deformation 12±2 mm; L1=403 L2=240 W1=115 A=168; 4 x ∅20 holes; 3 x M24 studs; oil/seawater/salt-fog resistant
