source,family,model,stroke_mm,energy_per_cycle_nm,energy_per_hour_nm,eff_mass_min_kg,eff_mass_max_kg,max_force_n,thread,body_dia_mm,length_mm,weight_kg,damping_type,temp_min_c,temp_max_c,notes
ACE Main Catalog 2018 metric p.18-19,MC5-MC75 miniature,MC5M-1-B,4.1,0.68,2040,0.5,4.4,,M5x0.5,5,28,0.003,self-compensating,-10,66,return force 1-5 N; return time 0.2 s; max side load angle 2 deg; body_dia = thread OD; length = threaded body length from drawing; impact velocity 0.15-4 m/s
ACE Main Catalog 2018 metric p.18-19,MC5-MC75 miniature,MC5M-2-B,4.1,0.68,2040,3.8,10.8,,M5x0.5,5,28,0.003,self-compensating,-10,66,return force 1-5 N; return time 0.2 s; max side load angle 2 deg; body_dia = thread OD; length = threaded body length from drawing; impact velocity 0.15-4 m/s
ACE Main Catalog 2018 metric p.18-19,MC5-MC75 miniature,MC5M-3-B,4.1,0.68,2040,9.7,18.7,,M5x0.5,5,28,0.003,self-compensating,-10,66,return force 1-5 N; return time 0.2 s; max side load angle 2 deg; body_dia = thread OD; length = threaded body length from drawing; impact velocity 0.15-4 m/s
ACE Main Catalog 2018 metric p.18-19,MC5-MC75 miniature,MC9M-1-B,5,1.00,2000,0.6,3.2,,M6x0.5,6,26,0.004,self-compensating,-10,66,return force 2-4 N; return time 0.3 s; max side load angle 2 deg; body_dia = thread OD; length = threaded body length from drawing; impact velocity 0.15-4 m/s
ACE Main Catalog 2018 metric p.18-19,MC5-MC75 miniature,MC9M-2-B,5,1.00,2000,0.8,4.1,,M6x0.5,6,26,0.004,self-compensating,-10,66,return force 2-4 N; return time 0.3 s; max side load angle 2 deg; body_dia = thread OD; length = threaded body length from drawing; impact velocity 0.15-4 m/s
ACE Main Catalog 2018 metric p.18-19,MC5-MC75 miniature,MC10MH-B,5,1.25,4000,0.7,5.0,,M8x1,8,28.5,0.008,self-compensating,-10,66,return force 2-4 N; return time 0.3 s; max side load angle 3 deg; body_dia = thread OD; length = threaded body length from drawing; impact velocity 0.15-4 m/s
ACE Main Catalog 2018 metric p.18-19,MC5-MC75 miniature,MC10ML-B,5,1.25,4000,0.3,2.7,,M8x1,8,28.5,0.008,self-compensating,-10,66,return force 2-4 N; return time 0.3 s; max side load angle 3 deg; body_dia = thread OD; length = threaded body length from drawing; impact velocity 0.15-4 m/s
ACE Main Catalog 2018 metric p.18-19,MC5-MC75 miniature,MC30M-1,8,3.50,5600,0.4,1.9,,M8x1,8,40.9,0.010,self-compensating,-10,66,return force 2-6 N; return time 0.3 s; max side load angle 2 deg; body_dia = thread OD; length = threaded body length from drawing; impact velocity 0.15-4 m/s
ACE Main Catalog 2018 metric p.18-19,MC5-MC75 miniature,MC30M-2,8,3.50,5600,1.8,5.4,,M8x1,8,40.9,0.010,self-compensating,-10,66,return force 2-6 N; return time 0.3 s; max side load angle 2 deg; body_dia = thread OD; length = threaded body length from drawing; impact velocity 0.15-4 m/s
ACE Main Catalog 2018 metric p.18-19,MC5-MC75 miniature,MC30M-3,8,3.50,5600,5.0,15.0,,M8x1,8,40.9,0.010,self-compensating,-10,66,return force 2-6 N; return time 0.3 s; max side load angle 2 deg; body_dia = thread OD; length = threaded body length from drawing; impact velocity 0.15-4 m/s
ACE Main Catalog 2018 metric p.18-19,MC5-MC75 miniature,MC25,6.6,2.80,22600,1.8,5.4,,3/8-32 UNF / M10x1,10,43,0.020,self-compensating,-10,66,return force 3-6 N; return time 0.3 s; max side load angle 2 deg; body_dia = thread OD; length = threaded body length from drawing; impact velocity 0.15-4 m/s
ACE Main Catalog 2018 metric p.18-19,MC5-MC75 miniature,MC25H,6.6,2.80,22600,4.6,13.6,,3/8-32 UNF / M10x1,10,43,0.020,self-compensating,-10,66,return force 3-6 N; return time 0.3 s; max side load angle 2 deg; body_dia = thread OD; length = threaded body length from drawing; impact velocity 0.15-4 m/s
ACE Main Catalog 2018 metric p.18-19,MC5-MC75 miniature,MC25L,6.6,2.80,22600,0.7,2.2,,3/8-32 UNF / M10x1,10,43,0.020,self-compensating,-10,66,return force 3-6 N; return time 0.3 s; max side load angle 2 deg; body_dia = thread OD; length = threaded body length from drawing; impact velocity 0.15-4 m/s
ACE Main Catalog 2018 metric p.18-19,MC5-MC75 miniature,MC75-1,10,9.00,28200,0.3,1.1,,1/2-20 UNF / M12x1,12,52,0.040,self-compensating,-10,66,return force 4-9 N; return time 0.3 s; max side load angle 2 deg; body_dia = thread OD; length = threaded body length from drawing; impact velocity 0.15-4 m/s
ACE Main Catalog 2018 metric p.18-19,MC5-MC75 miniature,MC75-2,10,9.00,28200,0.9,4.8,,1/2-20 UNF / M12x1,12,52,0.040,self-compensating,-10,66,return force 4-9 N; return time 0.3 s; max side load angle 2 deg; body_dia = thread OD; length = threaded body length from drawing; impact velocity 0.15-4 m/s
ACE Main Catalog 2018 metric p.18-19,MC5-MC75 miniature,MC75-3,10,9.00,28200,2.7,36.2,,1/2-20 UNF / M12x1,12,52,0.040,self-compensating,-10,66,return force 4-9 N; return time 0.3 s; max side load angle 2 deg; body_dia = thread OD; length = threaded body length from drawing; impact velocity 0.15-4 m/s
ACE Main Catalog 2018 metric p.18-19,MC5-MC75 miniature,MC75-4,10,9.00,28200,25,72,,1/2-20 UNF / M12x1,12,52,0.040,self-compensating,-10,66,return force 4-9 N; return time 0.3 s; max side load angle 2 deg; body_dia = thread OD; length = threaded body length from drawing; impact velocity 0.15-4 m/s
ACE Main Catalog 2018 metric p.20-21,MC150-MC600 miniature rolling diaphragm,MC150,12.7,20,34000,0.9,10,,9/16-18 UNF / M14x1.5,14,69.1,0.054,self-compensating,0,66,"return force 3-8 N; return time 0.4 s; max side load angle 4 deg; rolling diaphragm, usable inside pneumatic cylinder up to 7 bar; impact velocity 0.06-6 m/s; length = threaded body length from drawing"
ACE Main Catalog 2018 metric p.20-21,MC150-MC600 miniature rolling diaphragm,MC150H,12.7,20,34000,8.6,86,,9/16-18 UNF / M14x1.5,14,69.1,0.054,self-compensating,0,66,"return force 3-8 N; return time 0.4 s; max side load angle 4 deg; rolling diaphragm, usable inside pneumatic cylinder up to 7 bar; impact velocity 0.06-6 m/s; length = threaded body length from drawing"
ACE Main Catalog 2018 metric p.20-21,MC150-MC600 miniature rolling diaphragm,MC150H2,12.7,20,34000,70,200,,9/16-18 UNF / M14x1.5,14,69.1,0.054,self-compensating,0,66,"return force 3-8 N; return time 0.4 s; max side load angle 4 deg; rolling diaphragm, usable inside pneumatic cylinder up to 7 bar; impact velocity 0.06-6 m/s; length = threaded body length from drawing"
ACE Main Catalog 2018 metric p.20-21,MC150-MC600 miniature rolling diaphragm,MC150H3,12.7,20,34000,181,408,,9/16-18 UNF / M14x1.5,14,69.1,0.054,self-compensating,0,66,"return force 3-8 N; return time 1.0 s; max side load angle 4 deg; rolling diaphragm, usable inside pneumatic cylinder up to 7 bar; impact velocity 0.06-6 m/s; length = threaded body length from drawing"
ACE Main Catalog 2018 metric p.20-21,MC150-MC600 miniature rolling diaphragm,MC225,12.7,41,45000,2.3,25,,3/4-16 UNF / M20x1.5,20,79.2,0.154,self-compensating,0,66,"return force 4-9 N; return time 0.3 s; max side load angle 4 deg; rolling diaphragm, usable inside pneumatic cylinder up to 7 bar; impact velocity 0.06-6 m/s; length = threaded body length from drawing"
ACE Main Catalog 2018 metric p.20-21,MC150-MC600 miniature rolling diaphragm,MC225H,12.7,41,45000,23,230,,3/4-16 UNF / M20x1.5,20,79.2,0.154,self-compensating,0,66,"return force 4-9 N; return time 0.3 s; max side load angle 4 deg; rolling diaphragm, usable inside pneumatic cylinder up to 7 bar; impact velocity 0.06-6 m/s; length = threaded body length from drawing"
ACE Main Catalog 2018 metric p.20-21,MC150-MC600 miniature rolling diaphragm,MC225H2,12.7,41,45000,180,910,,3/4-16 UNF / M20x1.5,20,79.2,0.154,self-compensating,0,66,"return force 4-9 N; return time 0.3 s; max side load angle 4 deg; rolling diaphragm, usable inside pneumatic cylinder up to 7 bar; impact velocity 0.06-6 m/s; length = threaded body length from drawing"
ACE Main Catalog 2018 metric p.20-21,MC150-MC600 miniature rolling diaphragm,MC225H3,12.7,41,45000,816,1814,,3/4-16 UNF / M20x1.5,20,79.2,0.154,self-compensating,0,66,"return force 4-9 N; return time 0.3 s; max side load angle 4 deg; rolling diaphragm, usable inside pneumatic cylinder up to 7 bar; impact velocity 0.06-6 m/s; length = threaded body length from drawing"
ACE Main Catalog 2018 metric p.20-21,MC150-MC600 miniature rolling diaphragm,MC600,25.4,136,68000,9,136,,1-12 UNF / M25x1.5,25,110.3,0.258,self-compensating,0,66,"return force 5-10 N; return time 0.6 s; max side load angle 2 deg; rolling diaphragm, usable inside pneumatic cylinder up to 7 bar; impact velocity 0.06-6 m/s; length = threaded body length from drawing"
ACE Main Catalog 2018 metric p.20-21,MC150-MC600 miniature rolling diaphragm,MC600H,25.4,136,68000,113,1130,,1-12 UNF / M25x1.5,25,110.3,0.258,self-compensating,0,66,"return force 5-10 N; return time 0.6 s; max side load angle 2 deg; rolling diaphragm, usable inside pneumatic cylinder up to 7 bar; impact velocity 0.06-6 m/s; length = threaded body length from drawing"
ACE Main Catalog 2018 metric p.20-21,MC150-MC600 miniature rolling diaphragm,MC600H2,25.4,136,68000,400,2300,,1-12 UNF / M25x1.5,25,110.3,0.258,self-compensating,0,66,"return force 5-10 N; return time 0.6 s; max side load angle 2 deg; rolling diaphragm, usable inside pneumatic cylinder up to 7 bar; impact velocity 0.06-6 m/s; length = threaded body length from drawing"
ACE Main Catalog 2018 metric p.20-21,MC150-MC600 miniature rolling diaphragm,MC600H3,25.4,136,68000,2177,4536,,1-12 UNF / M25x1.5,25,110.3,0.258,self-compensating,0,66,"return force 5-10 N; return time 0.6 s; max side load angle 2 deg; rolling diaphragm, usable inside pneumatic cylinder up to 7 bar; impact velocity 0.06-6 m/s; length = threaded body length from drawing"
ACE Main Catalog 2018 metric p.22-23,MC150-MC600 V4A stainless,MC150M-V4A,12.7,20,34000,0.9,10,,M14x1.5,14,,0.054,self-compensating,0,66,stainless steel (V4A) version; return force 3-5 N; return time 0.4 s; max side load angle 4 deg
ACE Main Catalog 2018 metric p.22-23,MC150-MC600 V4A stainless,MC150MH-V4A,12.7,20,34000,8.6,86,,M14x1.5,14,,0.054,self-compensating,0,66,stainless steel (V4A) version; return force 3-5 N; return time 0.4 s; max side load angle 4 deg
ACE Main Catalog 2018 metric p.22-23,MC150-MC600 V4A stainless,MC150MH2-V4A,12.7,20,34000,70,200,,M14x1.5,14,,0.054,self-compensating,0,66,stainless steel (V4A) version; return force 3-5 N; return time 0.4 s; max side load angle 4 deg
ACE Main Catalog 2018 metric p.22-23,MC150-MC600 V4A stainless,MC150MH3-V4A,12.7,20,34000,181,408,,M14x1.5,14,,0.054,self-compensating,0,66,stainless steel (V4A) version; return force 3-5 N; return time 1.0 s; max side load angle 4 deg
ACE Main Catalog 2018 metric p.22-23,MC150-MC600 V4A stainless,MC225M-V4A,12.7,41,45000,2.3,25,,M20x1.5,20,,0.154,self-compensating,0,66,stainless steel (V4A) version; return force 4-6 N; return time 0.3 s; max side load angle 4 deg
ACE Main Catalog 2018 metric p.22-23,MC150-MC600 V4A stainless,MC225MH-V4A,12.7,41,45000,23,230,,M20x1.5,20,,0.154,self-compensating,0,66,stainless steel (V4A) version; return force 4-6 N; return time 0.3 s; max side load angle 4 deg
ACE Main Catalog 2018 metric p.22-23,MC150-MC600 V4A stainless,MC225MH2-V4A,12.7,41,45000,180,910,,M20x1.5,20,,0.154,self-compensating,0,66,stainless steel (V4A) version; return force 4-6 N; return time 0.3 s; max side load angle 4 deg
ACE Main Catalog 2018 metric p.22-23,MC150-MC600 V4A stainless,MC225MH3-V4A,12.7,41,45000,816,1814,,M20x1.5,20,,0.154,self-compensating,0,66,stainless steel (V4A) version; return force 4-6 N; return time 0.3 s; max side load angle 4 deg
ACE Main Catalog 2018 metric p.22-23,MC150-MC600 V4A stainless,MC600M-V4A,25.4,136,68000,9,136,,M25x1.5,25,,0.258,self-compensating,0,66,stainless steel (V4A) version; return force 5-9 N; return time 0.6 s; max side load angle 2 deg
ACE Main Catalog 2018 metric p.22-23,MC150-MC600 V4A stainless,MC600MH-V4A,25.4,136,68000,113,1130,,M25x1.5,25,,0.258,self-compensating,0,66,stainless steel (V4A) version; return force 5-9 N; return time 0.6 s; max side load angle 2 deg
ACE Main Catalog 2018 metric p.22-23,MC150-MC600 V4A stainless,MC600MH2-V4A,25.4,136,68000,400,2300,,M25x1.5,25,,0.258,self-compensating,0,66,stainless steel (V4A) version; return force 5-9 N; return time 0.6 s; max side load angle 2 deg
ACE Main Catalog 2018 metric p.22-23,MC150-MC600 V4A stainless,MC600MH3-V4A,25.4,136,68000,2177,4536,,M25x1.5,25,,0.258,self-compensating,0,66,stainless steel (V4A) version; return force 5-9 N; return time 0.6 s; max side load angle 2 deg
ACE Main Catalog 2018 metric p.24-25,PMCN150-PMCN600 (pneumatic cylinder integration),PMCN150M,12.7,20,34000,0.9,10,,M14x1.5,14,,0.067,self-compensating,0,66,return force 8-80 N (higher return force version); return time 0.4 s; max side load angle 4 deg
ACE Main Catalog 2018 metric p.24-25,PMCN150-PMCN600 (pneumatic cylinder integration),PMCN150MH,12.7,20,34000,8.6,86,,M14x1.5,14,,0.067,self-compensating,0,66,return force 8-80 N (higher return force version); return time 0.4 s; max side load angle 4 deg
ACE Main Catalog 2018 metric p.24-25,PMCN150-PMCN600 (pneumatic cylinder integration),PMCN150MH2,12.7,20,34000,70,200,,M14x1.5,14,,0.067,self-compensating,0,66,return force 8-80 N (higher return force version); return time 0.4 s; max side load angle 4 deg
ACE Main Catalog 2018 metric p.24-25,PMCN150-PMCN600 (pneumatic cylinder integration),PMCN150MH3,12.7,20,34000,181,408,,M14x1.5,14,,0.067,self-compensating,0,66,return force 8-80 N (higher return force version); return time 1.0 s; max side load angle 4 deg
ACE Main Catalog 2018 metric p.24-25,PMCN150-PMCN600 (pneumatic cylinder integration),PMCN225M,12.7,41,45000,2.3,25,,M20x1.5,20,,0.170,self-compensating,0,66,return force 8-85 N (higher return force version); return time 0.3 s; max side load angle 4 deg
ACE Main Catalog 2018 metric p.24-25,PMCN150-PMCN600 (pneumatic cylinder integration),PMCN225MH,12.7,41,45000,23,230,,M20x1.5,20,,0.170,self-compensating,0,66,return force 8-85 N (higher return force version); return time 0.3 s; max side load angle 4 deg
ACE Main Catalog 2018 metric p.24-25,PMCN150-PMCN600 (pneumatic cylinder integration),PMCN225MH2,12.7,41,45000,180,910,,M20x1.5,20,,0.170,self-compensating,0,66,return force 8-85 N (higher return force version); return time 0.3 s; max side load angle 4 deg
ACE Main Catalog 2018 metric p.24-25,PMCN150-PMCN600 (pneumatic cylinder integration),PMCN225MH3,12.7,41,45000,816,1814,,M20x1.5,20,,0.170,self-compensating,0,66,return force 8-85 N (higher return force version); return time 0.3 s; max side load angle 4 deg
ACE Main Catalog 2018 metric p.24-25,PMCN150-PMCN600 (pneumatic cylinder integration),PMCN600M,25.4,136,68000,9,136,,M25x1.5,25,,0.317,self-compensating,0,66,return force 8-90 N (higher return force version); return time 0.6 s; max side load angle 2 deg
ACE Main Catalog 2018 metric p.24-25,PMCN150-PMCN600 (pneumatic cylinder integration),PMCN600MH,25.4,136,68000,113,1130,,M25x1.5,25,,0.317,self-compensating,0,66,return force 8-90 N (higher return force version); return time 0.6 s; max side load angle 2 deg
ACE Main Catalog 2018 metric p.24-25,PMCN150-PMCN600 (pneumatic cylinder integration),PMCN600MH2,25.4,136,68000,400,1043,,M25x1.5,25,,0.317,self-compensating,0,66,return force 8-90 N (higher return force version); return time 0.6 s; max side load angle 2 deg
ACE Main Catalog 2018 metric p.24-25,PMCN150-PMCN600 (pneumatic cylinder integration),PMCN600MH3,25.4,136,68000,2177,4536,,M25x1.5,25,,0.317,self-compensating,0,66,return force 8-90 N (higher return force version); return time 0.6 s; max side load angle 2 deg
ACE Main Catalog 2018 metric p.26-27,PMCN150-PMCN600 V4A stainless,PMCN150M-V4A,12.7,20,34000,0.9,10,,M14x1.5,14,,0.067,self-compensating,0,66,stainless (V4A); return force 8-80 N; return time 0.4 s; max side load angle 4 deg
ACE Main Catalog 2018 metric p.26-27,PMCN150-PMCN600 V4A stainless,PMCN150MH-V4A,12.7,20,34000,8.6,86,,M14x1.5,14,,0.067,self-compensating,0,66,stainless (V4A); return force 8-80 N; return time 0.4 s; max side load angle 4 deg
ACE Main Catalog 2018 metric p.26-27,PMCN150-PMCN600 V4A stainless,PMCN150MH2-V4A,12.7,20,34000,70,200,,M14x1.5,14,,0.067,self-compensating,0,66,stainless (V4A); return force 8-80 N; return time 0.4 s; max side load angle 4 deg
ACE Main Catalog 2018 metric p.26-27,PMCN150-PMCN600 V4A stainless,PMCN150MH3-V4A,12.7,20,34000,181,408,,M14x1.5,14,,0.067,self-compensating,0,66,stainless (V4A); return force 8-80 N; return time 1.0 s; max side load angle 4 deg
ACE Main Catalog 2018 metric p.26-27,PMCN150-PMCN600 V4A stainless,PMCN225M-V4A,12.7,41,45000,2.3,25,,M20x1.5,20,,0.170,self-compensating,0,66,stainless (V4A); return force 8-85 N; return time 0.3 s; max side load angle 4 deg
ACE Main Catalog 2018 metric p.26-27,PMCN150-PMCN600 V4A stainless,PMCN225MH-V4A,12.7,41,45000,23.0,230,,M20x1.5,20,,0.170,self-compensating,0,66,stainless (V4A); return force 8-85 N; return time 0.3 s; max side load angle 4 deg
ACE Main Catalog 2018 metric p.26-27,PMCN150-PMCN600 V4A stainless,PMCN225MH2-V4A,12.7,41,45000,180.0,910,,M20x1.5,20,,0.170,self-compensating,0,66,stainless (V4A); return force 8-85 N; return time 0.3 s; max side load angle 4 deg
ACE Main Catalog 2018 metric p.26-27,PMCN150-PMCN600 V4A stainless,PMCN225MH3-V4A,12.7,41,45000,816.0,1814,,M20x1.5,20,,0.170,self-compensating,0,66,stainless (V4A); return force 8-85 N; return time 0.3 s; max side load angle 4 deg
ACE Main Catalog 2018 metric p.26-27,PMCN150-PMCN600 V4A stainless,PMCN600M-V4A,25.4,136,68000,9.0,136,,M25x1.5,25,,0.317,self-compensating,0,66,stainless (V4A); return force 8-90 N; return time 0.6 s; max side load angle 2 deg
ACE Main Catalog 2018 metric p.26-27,PMCN150-PMCN600 V4A stainless,PMCN600MH-V4A,25.4,136,68000,113.0,1130,,M25x1.5,25,,0.317,self-compensating,0,66,stainless (V4A); return force 8-90 N; return time 0.6 s; max side load angle 2 deg
ACE Main Catalog 2018 metric p.26-27,PMCN150-PMCN600 V4A stainless,PMCN600MH2-V4A,25.4,136,68000,400,2300,,M25x1.5,25,,0.317,self-compensating,0,66,stainless (V4A); return force 8-90 N; return time 0.6 s; max side load angle 2 deg
ACE Main Catalog 2018 metric p.26-27,PMCN150-PMCN600 V4A stainless,PMCN600MH3-V4A,25.4,136,68000,2177.0,4536,,M25x1.5,25,,0.317,self-compensating,0,66,stainless (V4A); return force 8-90 N; return time 0.6 s; max side load angle 2 deg
ACE Main Catalog 2018 metric p.28-29,SC190-SC925 soft contact / self-compensating,SC190-0,16,25,34000,0.7,4,,9/16-18 UNF / M14x1.5,14,87.3,0.080,soft-contact + self-compensating,0,66,eff. mass columns given are self-compensating range; soft-contact range me not published (-0 code); hardness code -0; return force 4-9 N; return time 0.25 s; side load 5 deg; impact velocity 0.15-3.66 m/s
ACE Main Catalog 2018 metric p.28-29,SC190-SC925 soft contact / self-compensating,SC190-1,16,25,34000,1.4,7,,9/16-18 UNF / M14x1.5,14,87.3,0.080,soft-contact + self-compensating,0,66,eff. mass columns given are self-compensating range; soft-contact range me 2.3-6 kg; hardness code -1; return force 4-9 N; return time 0.25 s; side load 5 deg; impact velocity 0.15-3.66 m/s
ACE Main Catalog 2018 metric p.28-29,SC190-SC925 soft contact / self-compensating,SC190-2,16,25,34000,3.6,18,,9/16-18 UNF / M14x1.5,14,87.3,0.080,soft-contact + self-compensating,0,66,eff. mass columns given are self-compensating range; soft-contact range me 5.5-16 kg; hardness code -2; return force 4-9 N; return time 0.25 s; side load 5 deg; impact velocity 0.15-3.66 m/s
ACE Main Catalog 2018 metric p.28-29,SC190-SC925 soft contact / self-compensating,SC190-3,16,25,34000,9,45,,9/16-18 UNF / M14x1.5,14,87.3,0.080,soft-contact + self-compensating,0,66,eff. mass columns given are self-compensating range; soft-contact range me 14-41 kg; hardness code -3; return force 4-9 N; return time 0.25 s; side load 5 deg; impact velocity 0.15-3.66 m/s
ACE Main Catalog 2018 metric p.28-29,SC190-SC925 soft contact / self-compensating,SC190-4,16,25,34000,23,102,,9/16-18 UNF / M14x1.5,14,87.3,0.080,soft-contact + self-compensating,0,66,eff. mass columns given are self-compensating range; soft-contact range me 34-91 kg; hardness code -4; return force 4-9 N; return time 0.25 s; side load 5 deg; impact velocity 0.15-3.66 m/s
ACE Main Catalog 2018 metric p.28-29,SC190-SC925 soft contact / self-compensating,SC300-0,19,33,45000,0.7,4,,3/4-16 UNF / M20x1.5,20,87.4,0.175,soft-contact + self-compensating,0,66,eff. mass columns given are self-compensating range; soft-contact range me not published (-0 code); hardness code -0; return force 5-10 N; return time 0.1 s; side load 5 deg; impact velocity 0.15-3.66 m/s
ACE Main Catalog 2018 metric p.28-29,SC190-SC925 soft contact / self-compensating,SC300-1,19,33,45000,1.4,8,,3/4-16 UNF / M20x1.5,20,87.4,0.175,soft-contact + self-compensating,0,66,eff. mass columns given are self-compensating range; soft-contact range me 2.3-7 kg; hardness code -1; return force 5-10 N; return time 0.1 s; side load 5 deg; impact velocity 0.15-3.66 m/s
ACE Main Catalog 2018 metric p.28-29,SC190-SC925 soft contact / self-compensating,SC300-2,19,33,45000,4.5,27,,3/4-16 UNF / M20x1.5,20,87.4,0.175,soft-contact + self-compensating,0,66,eff. mass columns given are self-compensating range; soft-contact range me 7-23 kg; hardness code -2; return force 5-10 N; return time 0.1 s; side load 5 deg; impact velocity 0.15-3.66 m/s
ACE Main Catalog 2018 metric p.28-29,SC190-SC925 soft contact / self-compensating,SC300-3,19,33,45000,14,82,,3/4-16 UNF / M20x1.5,20,87.4,0.175,soft-contact + self-compensating,0,66,eff. mass columns given are self-compensating range; soft-contact range me 23-68 kg; hardness code -3; return force 5-10 N; return time 0.1 s; side load 5 deg; impact velocity 0.15-3.66 m/s
ACE Main Catalog 2018 metric p.28-29,SC190-SC925 soft contact / self-compensating,SC300-4,19,33,45000,32,204,,3/4-16 UNF / M20x1.5,20,87.4,0.175,soft-contact + self-compensating,0,66,eff. mass columns given are self-compensating range; soft-contact range me 68-181 kg; hardness code -4; return force 5-10 N; return time 0.1 s; side load 5 deg; impact velocity 0.15-3.66 m/s
ACE Main Catalog 2018 metric p.28-29,SC190-SC925 soft contact / self-compensating,SC650-0,25.4,73,68000,2.3,14,,1-12 UNF / M25x1.5,25,106.4,0.335,soft-contact + self-compensating,0,66,eff. mass columns given are self-compensating range; soft-contact range me not published (-0 code); hardness code -0; return force 11-32 N; return time 0.20 s; side load 5 deg; impact velocity 0.15-3.66 m/s
ACE Main Catalog 2018 metric p.28-29,SC190-SC925 soft contact / self-compensating,SC650-1,25.4,73,68000,8,45,,1-12 UNF / M25x1.5,25,106.4,0.335,soft-contact + self-compensating,0,66,eff. mass columns given are self-compensating range; soft-contact range me 11-36 kg; hardness code -1; return force 11-32 N; return time 0.20 s; side load 5 deg; impact velocity 0.15-3.66 m/s
ACE Main Catalog 2018 metric p.28-29,SC190-SC925 soft contact / self-compensating,SC650-2,25.4,73,68000,23,136,,1-12 UNF / M25x1.5,25,106.4,0.335,soft-contact + self-compensating,0,66,eff. mass columns given are self-compensating range; soft-contact range me 34-113 kg; hardness code -2; return force 11-32 N; return time 0.20 s; side load 5 deg; impact velocity 0.15-3.66 m/s
ACE Main Catalog 2018 metric p.28-29,SC190-SC925 soft contact / self-compensating,SC650-3,25.4,73,68000,68,408,,1-12 UNF / M25x1.5,25,106.4,0.335,soft-contact + self-compensating,0,66,eff. mass columns given are self-compensating range; soft-contact range me 109-363 kg; hardness code -3; return force 11-32 N; return time 0.20 s; side load 5 deg; impact velocity 0.15-3.66 m/s
ACE Main Catalog 2018 metric p.28-29,SC190-SC925 soft contact / self-compensating,SC650-4,25.4,73,68000,204,1180,,1-12 UNF / M25x1.5,25,106.4,0.335,soft-contact + self-compensating,0,66,eff. mass columns given are self-compensating range; soft-contact range me 363-1089 kg; hardness code -4; return force 11-32 N; return time 0.20 s; side load 5 deg; impact velocity 0.15-3.66 m/s
ACE Main Catalog 2018 metric p.28-29,SC190-SC925 soft contact / self-compensating,SC925-0,40,110,90000,4.5,29,,1-12 UNF / M25x1.5,25,138,0.420,soft-contact + self-compensating,0,66,eff. mass columns given are self-compensating range; soft-contact range me 8-25 kg; hardness code -0; return force 11-32 N; return time 0.40 s; side load 5 deg; impact velocity 0.15-3.66 m/s
ACE Main Catalog 2018 metric p.28-29,SC190-SC925 soft contact / self-compensating,SC925-1,40,110,90000,14,90,,1-12 UNF / M25x1.5,25,138,0.420,soft-contact + self-compensating,0,66,eff. mass columns given are self-compensating range; soft-contact range me 22-72 kg; hardness code -1; return force 11-32 N; return time 0.40 s; side load 5 deg; impact velocity 0.15-3.66 m/s
ACE Main Catalog 2018 metric p.28-29,SC190-SC925 soft contact / self-compensating,SC925-2,40,110,90000,40,227,,1-12 UNF / M25x1.5,25,138,0.420,soft-contact + self-compensating,0,66,eff. mass columns given are self-compensating range; soft-contact range me 59-208 kg; hardness code -2; return force 11-32 N; return time 0.40 s; side load 5 deg; impact velocity 0.15-3.66 m/s
ACE Main Catalog 2018 metric p.28-29,SC190-SC925 soft contact / self-compensating,SC925-3,40,110,90000,113,726,,1-12 UNF / M25x1.5,25,138,0.420,soft-contact + self-compensating,0,66,eff. mass columns given are self-compensating range; soft-contact range me 181-612 kg; hardness code -3; return force 11-32 N; return time 0.40 s; side load 5 deg; impact velocity 0.15-3.66 m/s
ACE Main Catalog 2018 metric p.28-29,SC190-SC925 soft contact / self-compensating,SC925-4,40,110,90000,340,2088,,1-12 UNF / M25x1.5,25,138,0.420,soft-contact + self-compensating,0,66,eff. mass columns given are self-compensating range; soft-contact range me 544-1952 kg; hardness code -4; return force 11-32 N; return time 0.40 s; side load 5 deg; impact velocity 0.15-3.66 m/s
ACE Main Catalog 2018 metric p.30-31,SC2 25-190 piston tube,SC25M-5,8,10,16000,1,5,,M10x1,10,72,0.029,self-compensating,0,66,SC-squared (piston tube) series; hardness code -5; return force 4.5-14 N; return time 0.3 s; side load 2 deg; impact velocity 0.1-5.7 m/s
ACE Main Catalog 2018 metric p.30-31,SC2 25-190 piston tube,SC25M-6,8,10,16000,4,44,,M10x1,10,72,0.029,self-compensating,0,66,SC-squared (piston tube) series; hardness code -6; return force 4.5-14 N; return time 0.3 s; side load 2 deg; impact velocity 0.1-5.7 m/s
ACE Main Catalog 2018 metric p.30-31,SC2 25-190 piston tube,SC25M-7,8,10,16000,42,500,,M10x1,10,72,0.029,self-compensating,0,66,SC-squared (piston tube) series; hardness code -7; return force 4.5-14 N; return time 0.3 s; side load 2 deg; impact velocity 0.1-5.7 m/s
ACE Main Catalog 2018 metric p.30-31,SC2 25-190 piston tube,SC75M-5,10,16,30000,1,8,,M12x1,12,78,0.047,self-compensating,0,66,SC-squared (piston tube) series; hardness code -5; return force 6-19 N; return time 0.3 s; side load 2 deg; impact velocity 0.1-5.7 m/s
ACE Main Catalog 2018 metric p.30-31,SC2 25-190 piston tube,SC75M-6,10,16,30000,7,78,,M12x1,12,78,0.047,self-compensating,0,66,SC-squared (piston tube) series; hardness code -6; return force 6-19 N; return time 0.3 s; side load 2 deg; impact velocity 0.1-5.7 m/s
ACE Main Catalog 2018 metric p.30-31,SC2 25-190 piston tube,SC75M-7,10,16,30000,75,800,,M12x1,12,78,0.047,self-compensating,0,66,SC-squared (piston tube) series; hardness code -7; return force 6-19 N; return time 0.3 s; side load 2 deg; impact velocity 0.1-5.7 m/s
ACE Main Catalog 2018 metric p.30-31,SC2 25-190 piston tube,SC190M-5,12,31,50000,2,16,,M14x1.5,14,77,0.059,self-compensating,0,66,SC-squared (piston tube) series; hardness code -5; return force 6-19 N; return time 0.4 s; side load 2 deg; impact velocity 0.1-5.7 m/s
ACE Main Catalog 2018 metric p.30-31,SC2 25-190 piston tube,SC190M-6,12,31,50000,13,140,,M14x1.5,14,77,0.059,self-compensating,0,66,SC-squared (piston tube) series; hardness code -6; return force 6-19 N; return time 0.4 s; side load 2 deg; impact velocity 0.1-5.7 m/s
ACE Main Catalog 2018 metric p.30-31,SC2 25-190 piston tube,SC190M-7,12,31,50000,136,1550,,M14x1.5,14,77,0.059,self-compensating,0,66,SC-squared (piston tube) series; hardness code -7; return force 6-19 N; return time 0.4 s; side load 2 deg; impact velocity 0.1-5.7 m/s
ACE Main Catalog 2018 metric p.32-33,SC2 300-650 piston tube,SC300-5,15,73,45000,11,45,,3/4-16 UNF / M20x1.5,20,79.5,0.150,self-compensating,0,66,SC-squared (piston tube) series; hardness code -5; return force 8-18 N; return time 0.2 s; side load 5 deg; impact velocity 0.09-3.66 m/s
ACE Main Catalog 2018 metric p.32-33,SC2 300-650 piston tube,SC300-6,15,73,45000,34,136,,3/4-16 UNF / M20x1.5,20,79.5,0.150,self-compensating,0,66,SC-squared (piston tube) series; hardness code -6; return force 8-18 N; return time 0.2 s; side load 5 deg; impact velocity 0.09-3.66 m/s
ACE Main Catalog 2018 metric p.32-33,SC2 300-650 piston tube,SC300-7,15,73,45000,91,181,,3/4-16 UNF / M20x1.5,20,79.5,0.150,self-compensating,0,66,SC-squared (piston tube) series; hardness code -7; return force 8-18 N; return time 0.2 s; side load 5 deg; impact velocity 0.09-3.66 m/s
ACE Main Catalog 2018 metric p.32-33,SC2 300-650 piston tube,SC300-8,15,73,45000,135,680,,3/4-16 UNF / M20x1.5,20,79.5,0.150,self-compensating,0,66,SC-squared (piston tube) series; hardness code -8; return force 8-18 N; return time 0.2 s; side load 5 deg; impact velocity 0.09-3.66 m/s
ACE Main Catalog 2018 metric p.32-33,SC2 300-650 piston tube,SC300-9,15,73,45000,320,1950,,3/4-16 UNF / M20x1.5,20,79.5,0.150,self-compensating,0,66,SC-squared (piston tube) series; hardness code -9; return force 8-18 N; return time 0.2 s; side load 5 deg; impact velocity 0.09-3.66 m/s
ACE Main Catalog 2018 metric p.32-33,SC2 300-650 piston tube,SC650-5,23,210,68000,23,113,,1-12 UNF / M25x1.5,25,106,0.310,self-compensating,0,66,SC-squared (piston tube) series; hardness code -5; return force 11-33 N; return time 0.3 s; side load 5 deg; impact velocity 0.09-3.66 m/s
ACE Main Catalog 2018 metric p.32-33,SC2 300-650 piston tube,SC650-6,23,210,68000,90,360,,1-12 UNF / M25x1.5,25,106,0.310,self-compensating,0,66,SC-squared (piston tube) series; hardness code -6; return force 11-33 N; return time 0.3 s; side load 5 deg; impact velocity 0.09-3.66 m/s
ACE Main Catalog 2018 metric p.32-33,SC2 300-650 piston tube,SC650-7,23,210,68000,320,1090,,1-12 UNF / M25x1.5,25,106,0.310,self-compensating,0,66,SC-squared (piston tube) series; hardness code -7; return force 11-33 N; return time 0.3 s; side load 5 deg; impact velocity 0.09-3.66 m/s
ACE Main Catalog 2018 metric p.32-33,SC2 300-650 piston tube,SC650-8,23,210,68000,770,2630,,1-12 UNF / M25x1.5,25,106,0.310,self-compensating,0,66,SC-squared (piston tube) series; hardness code -8; return force 11-33 N; return time 0.3 s; side load 5 deg; impact velocity 0.09-3.66 m/s
ACE Main Catalog 2018 metric p.32-33,SC2 300-650 piston tube,SC650-9,23,210,68000,1800,6350,,1-12 UNF / M25x1.5,25,106,0.310,self-compensating,0,66,SC-squared (piston tube) series; hardness code -9; return force 11-33 N; return time 0.3 s; side load 5 deg; impact velocity 0.09-3.66 m/s
ACE Main Catalog 2018 metric p.34-35,SC25-HC to SC650-HC high cycle,SC25M-5-HC,4,2.25,16000,1,5,,M10x1,10,72,0.030,self-compensating,0,66,HC = high cycle / short stroke; return force 9-14 N; return time 0.3 s; side load 2 deg; impact velocity 0.03-4.5 m/s
ACE Main Catalog 2018 metric p.34-35,SC25-HC to SC650-HC high cycle,SC25M-6-HC,4,2.25,16000,4,44,,M10x1,10,72,0.030,self-compensating,0,66,HC = high cycle / short stroke; return force 9-14 N; return time 0.3 s; side load 2 deg; impact velocity 0.03-4.5 m/s
ACE Main Catalog 2018 metric p.34-35,SC25-HC to SC650-HC high cycle,SC25M-7-HC,4,2.25,16000,42,500,,M10x1,10,72,0.030,self-compensating,0,66,HC = high cycle / short stroke; return force 9-14 N; return time 0.3 s; side load 2 deg; impact velocity 0.03-4.5 m/s
ACE Main Catalog 2018 metric p.34-35,SC25-HC to SC650-HC high cycle,SC75M-5-HC,5,8.5,30000,1,8,,M12x1,12,78,0.045,self-compensating,0,66,HC = high cycle / short stroke; return force 8.5-15 N; return time 0.3 s; side load 2 deg; impact velocity 0.03-4.5 m/s
ACE Main Catalog 2018 metric p.34-35,SC25-HC to SC650-HC high cycle,SC75M-6-HC,5,8.5,30000,7,124,,M12x1,12,78,0.045,self-compensating,0,66,HC = high cycle / short stroke; return force 8.5-15 N; return time 0.3 s; side load 2 deg; impact velocity 0.03-4.5 m/s
ACE Main Catalog 2018 metric p.34-35,SC25-HC to SC650-HC high cycle,SC75M-7-HC,5,8.5,30000,75,800,,M12x1,12,78,0.045,self-compensating,0,66,HC = high cycle / short stroke; return force 8.5-15 N; return time 0.3 s; side load 2 deg; impact velocity 0.03-4.5 m/s
ACE Main Catalog 2018 metric p.34-35,SC25-HC to SC650-HC high cycle,SC190M-5-HC,8,20,50000,2,16,,M14x1.5,14,77,0.059,self-compensating,0,66,HC = high cycle / short stroke; return force 12-25 N; return time 0.4 s; side load 2 deg; impact velocity 0.03-4.5 m/s
ACE Main Catalog 2018 metric p.34-35,SC25-HC to SC650-HC high cycle,SC190M-6-HC,8,20,50000,13,140,,M14x1.5,14,77,0.059,self-compensating,0,66,HC = high cycle / short stroke; return force 12-25 N; return time 0.4 s; side load 2 deg; impact velocity 0.03-4.5 m/s
ACE Main Catalog 2018 metric p.34-35,SC25-HC to SC650-HC high cycle,SC190M-7-HC,8,20,50000,136,1540,,M14x1.5,14,77,0.059,self-compensating,0,66,HC = high cycle / short stroke; return force 12-25 N; return time 0.4 s; side load 2 deg; impact velocity 0.03-4.5 m/s
ACE Main Catalog 2018 metric p.34-35,SC25-HC to SC650-HC high cycle,SC300-5-HC,8,73,45000,11,45,,3/4-16 UNF / M20x1.5,20,80,0.164,self-compensating,0,66,HC = high cycle / short stroke; return force 12-17 N; return time 0.2 s; side load 5 deg; impact velocity 0.03-4.5 m/s
ACE Main Catalog 2018 metric p.34-35,SC25-HC to SC650-HC high cycle,SC300-6-HC,8,73,45000,34,136,,3/4-16 UNF / M20x1.5,20,80,0.164,self-compensating,0,66,HC = high cycle / short stroke; return force 12-17 N; return time 0.2 s; side load 5 deg; impact velocity 0.03-4.5 m/s
ACE Main Catalog 2018 metric p.34-35,SC25-HC to SC650-HC high cycle,SC300-7-HC,8,73,45000,91,181,,3/4-16 UNF / M20x1.5,20,80,0.164,self-compensating,0,66,HC = high cycle / short stroke; return force 12-17 N; return time 0.2 s; side load 5 deg; impact velocity 0.03-4.5 m/s
ACE Main Catalog 2018 metric p.34-35,SC25-HC to SC650-HC high cycle,SC300-8-HC,8,73,45000,135,680,,3/4-16 UNF / M20x1.5,20,80,0.164,self-compensating,0,66,HC = high cycle / short stroke; return force 12-17 N; return time 0.2 s; side load 5 deg; impact velocity 0.03-4.5 m/s
ACE Main Catalog 2018 metric p.34-35,SC25-HC to SC650-HC high cycle,SC300-9-HC,8,73,45000,318,885,,3/4-16 UNF / M20x1.5,20,80,0.164,self-compensating,0,66,HC = high cycle / short stroke; return force 12-17 N; return time 0.2 s; side load 5 deg; impact velocity 0.03-4.5 m/s
ACE Main Catalog 2018 metric p.34-35,SC25-HC to SC650-HC high cycle,SC650-5-HC,15,136,68000,23,113,,1-12 UNF / M25x1.5,25,106,0.315,self-compensating,0,66,HC = high cycle / short stroke; return force 22-37 N; return time 0.3 s; side load 5 deg; impact velocity 0.03-4.5 m/s
ACE Main Catalog 2018 metric p.34-35,SC25-HC to SC650-HC high cycle,SC650-6-HC,15,136,68000,91,363,,1-12 UNF / M25x1.5,25,106,0.315,self-compensating,0,66,HC = high cycle / short stroke; return force 22-37 N; return time 0.3 s; side load 5 deg; impact velocity 0.03-4.5 m/s
ACE Main Catalog 2018 metric p.34-35,SC25-HC to SC650-HC high cycle,SC650-7-HC,15,136,68000,318,1090,,1-12 UNF / M25x1.5,25,106,0.315,self-compensating,0,66,HC = high cycle / short stroke; return force 22-37 N; return time 0.3 s; side load 5 deg; impact velocity 0.03-4.5 m/s
ACE Main Catalog 2018 metric p.34-35,SC25-HC to SC650-HC high cycle,SC650-8-HC,15,136,68000,770,2630,,1-12 UNF / M25x1.5,25,106,0.315,self-compensating,0,66,HC = high cycle / short stroke; return force 22-37 N; return time 0.3 s; side load 5 deg; impact velocity 0.03-4.5 m/s
ACE Main Catalog 2018 metric p.34-35,SC25-HC to SC650-HC high cycle,SC650-9-HC,15,136,68000,1800,6350,,1-12 UNF / M25x1.5,25,106,0.315,self-compensating,0,66,HC = high cycle / short stroke; return force 22-37 N; return time 0.3 s; side load 5 deg; impact velocity 0.03-4.5 m/s
ACE Main Catalog 2018 metric p.36-37,MA30-MA900 miniature adjustable,MA30M,8,3.5,5650,0.23,15,,M8x1,8,48.3,0.013,adjustable,0,66,return force 1.7-5.3 N; return time 0.3 s; side load 2 deg; impact velocity 0.15-4.5 m/s
ACE Main Catalog 2018 metric p.36-37,MA30-MA900 miniature adjustable,MA50M,7.2,5.5,13550,4.5,20,,M10x1,10,49.8,0.025,adjustable,0,66,return force 3-6 N; return time 0.3 s; side load 2 deg; impact velocity 0.15-4.5 m/s
ACE Main Catalog 2018 metric p.36-37,MA30-MA900 miniature adjustable,MA35,10.2,4,6000,6,57,,1/2-20 UNF / M12x1,12,65.7,0.043,adjustable,0,66,return force 5-11 N; return time 0.2 s; side load 2 deg; impact velocity 0.15-4.5 m/s
ACE Main Catalog 2018 metric p.36-37,MA30-MA900 miniature adjustable,MA150,12.7,22,35000,1,109,,9/16-18 UNF / M14x1.5,14,69.1,0.061,adjustable,0,66,return force 3-5 N; return time 0.4 s; side load 2 deg; impact velocity 0.15-4.5 m/s
ACE Main Catalog 2018 metric p.36-37,MA30-MA900 miniature adjustable,MA225,19,25,45000,2.30,226,,3/4-16 UNF / M20x1.5,20,88.6,0.173,adjustable,0,66,return force 5-10 N; return time 0.4 s; side load 2 deg; impact velocity 0.15-4.5 m/s
ACE Main Catalog 2018 metric p.36-37,MA30-MA900 miniature adjustable,MA600,25.4,68,68000,9,1360,,1-12 UNF / M25x1.5,25,106.1,0.352,adjustable,0,66,return force 10-30 N; return time 0.2 s; side load 2 deg; impact velocity 0.15-4.5 m/s
ACE Main Catalog 2018 metric p.36-37,MA30-MA900 miniature adjustable,MA900,40,100,90000,14,2040,,1-12 UNF / M25x1.5,25,137.8,0.414,adjustable,0,66,return force 10-35 N; return time 0.4 s; side load 1 deg; impact velocity 0.15-4.5 m/s
ACE Main Catalog 2018 metric p.38-39,3/8x1 adjustable,AS3/8X1,25.4,68,68000,4.54,567,,1-12 UNF,,,0.198,adjustable,-12,66,return force 27-49 N; return time 0.03 s; side load 5 deg; impact velocity 0.5-4.6 m/s; NA = non-threaded body
ACE Main Catalog 2018 metric p.38-39,3/8x1 adjustable,NA3/8x1,25.4,68,68000,4.54,577,,N/A,,,0.198,adjustable,-12,66,return force 30-49 N; return time 0.13 s; side load 5 deg; impact velocity 0.5-4.6 m/s; NA = non-threaded body
ACE Main Catalog 2018 metric p.56-57,MC33-MC64 MAGNUM,MC3325-0,23.2,170,75000,3,11,,1-1/4-12 UNF / M33x1.5,33,138,0.51,self-compensating,-12,66,eff. weight code -0; E4 with air/oil tank 124000 Nm/h; E4 with oil recirculation 169000 Nm/h; return force 45-90 N; return time 0.03 s; side load 4 deg; length = A max (extended); threaded body L2 = 83 mm; impact velocity 0.15-5 m/s
ACE Main Catalog 2018 metric p.56-57,MC33-MC64 MAGNUM,MC3325-1,23.2,170,75000,9,40,,1-1/4-12 UNF / M33x1.5,33,138,0.51,self-compensating,-12,66,eff. weight code -1; E4 with air/oil tank 124000 Nm/h; E4 with oil recirculation 169000 Nm/h; return force 45-90 N; return time 0.03 s; side load 4 deg; length = A max (extended); threaded body L2 = 83 mm; impact velocity 0.15-5 m/s
ACE Main Catalog 2018 metric p.56-57,MC33-MC64 MAGNUM,MC3325-2,23.2,170,75000,30,120,,1-1/4-12 UNF / M33x1.5,33,138,0.51,self-compensating,-12,66,eff. weight code -2; E4 with air/oil tank 124000 Nm/h; E4 with oil recirculation 169000 Nm/h; return force 45-90 N; return time 0.03 s; side load 4 deg; length = A max (extended); threaded body L2 = 83 mm; impact velocity 0.15-5 m/s
ACE Main Catalog 2018 metric p.56-57,MC33-MC64 MAGNUM,MC3325-3,23.2,170,75000,100,420,,1-1/4-12 UNF / M33x1.5,33,138,0.51,self-compensating,-12,66,eff. weight code -3; E4 with air/oil tank 124000 Nm/h; E4 with oil recirculation 169000 Nm/h; return force 45-90 N; return time 0.03 s; side load 4 deg; length = A max (extended); threaded body L2 = 83 mm; impact velocity 0.15-5 m/s
ACE Main Catalog 2018 metric p.56-57,MC33-MC64 MAGNUM,MC3325-4,23.2,170,75000,350,1420,,1-1/4-12 UNF / M33x1.5,33,138,0.51,self-compensating,-12,66,eff. weight code -4; E4 with air/oil tank 124000 Nm/h; E4 with oil recirculation 169000 Nm/h; return force 45-90 N; return time 0.03 s; side load 4 deg; length = A max (extended); threaded body L2 = 83 mm; impact velocity 0.15-5 m/s
ACE Main Catalog 2018 metric p.56-57,MC33-MC64 MAGNUM,MC3350-0,48.6,330,85000,5,22,,1-1/4-12 UNF / M33x1.5,33,189,0.63,self-compensating,-12,66,eff. weight code -0; E4 with air/oil tank 135000 Nm/h; E4 with oil recirculation 180000 Nm/h; return force 45-135 N; return time 0.06 s; side load 3 deg; length = A max (extended); threaded body L2 = 108 mm; impact velocity 0.15-5 m/s
ACE Main Catalog 2018 metric p.56-57,MC33-MC64 MAGNUM,MC3350-1,48.6,330,85000,18,70,,1-1/4-12 UNF / M33x1.5,33,189,0.63,self-compensating,-12,66,eff. weight code -1; E4 with air/oil tank 135000 Nm/h; E4 with oil recirculation 180000 Nm/h; return force 45-135 N; return time 0.06 s; side load 3 deg; length = A max (extended); threaded body L2 = 108 mm; impact velocity 0.15-5 m/s
ACE Main Catalog 2018 metric p.56-57,MC33-MC64 MAGNUM,MC3350-2,48.6,330,85000,60,250,,1-1/4-12 UNF / M33x1.5,33,189,0.63,self-compensating,-12,66,eff. weight code -2; E4 with air/oil tank 135000 Nm/h; E4 with oil recirculation 180000 Nm/h; return force 45-135 N; return time 0.06 s; side load 3 deg; length = A max (extended); threaded body L2 = 108 mm; impact velocity 0.15-5 m/s
ACE Main Catalog 2018 metric p.56-57,MC33-MC64 MAGNUM,MC3350-3,48.6,330,85000,210,840,,1-1/4-12 UNF / M33x1.5,33,189,0.63,self-compensating,-12,66,eff. weight code -3; E4 with air/oil tank 135000 Nm/h; E4 with oil recirculation 180000 Nm/h; return force 45-135 N; return time 0.06 s; side load 3 deg; length = A max (extended); threaded body L2 = 108 mm; impact velocity 0.15-5 m/s
ACE Main Catalog 2018 metric p.56-57,MC33-MC64 MAGNUM,MC3350-4,48.6,330,85000,710,2830,,1-1/4-12 UNF / M33x1.5,33,189,0.63,self-compensating,-12,66,eff. weight code -4; E4 with air/oil tank 135000 Nm/h; E4 with oil recirculation 180000 Nm/h; return force 45-135 N; return time 0.06 s; side load 3 deg; length = A max (extended); threaded body L2 = 108 mm; impact velocity 0.15-5 m/s
ACE Main Catalog 2018 metric p.58,MC33-MC64 MAGNUM,MC4525-0,23.1,370,107000,7,27,,1-3/4-12 UNF / M45x1.5,45,145,1.13,self-compensating,-12,66,eff. weight code -0; E4 with air/oil tank 158000 Nm/h; E4 with oil recirculation 192000 Nm/h; return force 70-100 N; return time 0.03 s; side load 4 deg; length = A max (extended); threaded body L2 = 95 mm; impact velocity 0.15-5 m/s
ACE Main Catalog 2018 metric p.58,MC33-MC64 MAGNUM,MC4525-1,23.1,370,107000,20,90,,1-3/4-12 UNF / M45x1.5,45,145,1.13,self-compensating,-12,66,eff. weight code -1; E4 with air/oil tank 158000 Nm/h; E4 with oil recirculation 192000 Nm/h; return force 70-100 N; return time 0.03 s; side load 4 deg; length = A max (extended); threaded body L2 = 95 mm; impact velocity 0.15-5 m/s
ACE Main Catalog 2018 metric p.58,MC33-MC64 MAGNUM,MC4525-2,23.1,370,107000,80,310,,1-3/4-12 UNF / M45x1.5,45,145,1.13,self-compensating,-12,66,eff. weight code -2; E4 with air/oil tank 158000 Nm/h; E4 with oil recirculation 192000 Nm/h; return force 70-100 N; return time 0.03 s; side load 4 deg; length = A max (extended); threaded body L2 = 95 mm; impact velocity 0.15-5 m/s
ACE Main Catalog 2018 metric p.58,MC33-MC64 MAGNUM,MC4525-3,23.1,370,107000,260,1050,,1-3/4-12 UNF / M45x1.5,45,145,1.13,self-compensating,-12,66,eff. weight code -3; E4 with air/oil tank 158000 Nm/h; E4 with oil recirculation 192000 Nm/h; return force 70-100 N; return time 0.03 s; side load 4 deg; length = A max (extended); threaded body L2 = 95 mm; impact velocity 0.15-5 m/s
ACE Main Catalog 2018 metric p.58,MC33-MC64 MAGNUM,MC4525-4,23.1,370,107000,890,3540,,1-3/4-12 UNF / M45x1.5,45,145,1.13,self-compensating,-12,66,eff. weight code -4; E4 with air/oil tank 158000 Nm/h; E4 with oil recirculation 192000 Nm/h; return force 70-100 N; return time 0.03 s; side load 4 deg; length = A max (extended); threaded body L2 = 95 mm; impact velocity 0.15-5 m/s
ACE Main Catalog 2018 metric p.58,MC33-MC64 MAGNUM,MC4550-0,48.5,740,112000,13,54,,1-3/4-12 UNF / M45x1.5,45,195,1.36,self-compensating,-12,66,eff. weight code -0; E4 with air/oil tank 192000 Nm/h; E4 with oil recirculation 248000 Nm/h; return force 70-145 N; return time 0.08 s; side load 3 deg; length = A max (extended); threaded body L2 = 120 mm; impact velocity 0.15-5 m/s
ACE Main Catalog 2018 metric p.58,MC33-MC64 MAGNUM,MC4550-1,48.5,740,112000,45,180,,1-3/4-12 UNF / M45x1.5,45,195,1.36,self-compensating,-12,66,eff. weight code -1; E4 with air/oil tank 192000 Nm/h; E4 with oil recirculation 248000 Nm/h; return force 70-145 N; return time 0.08 s; side load 3 deg; length = A max (extended); threaded body L2 = 120 mm; impact velocity 0.15-5 m/s
ACE Main Catalog 2018 metric p.58,MC33-MC64 MAGNUM,MC4550-2,48.5,740,112000,150,620,,1-3/4-12 UNF / M45x1.5,45,195,1.36,self-compensating,-12,66,eff. weight code -2; E4 with air/oil tank 192000 Nm/h; E4 with oil recirculation 248000 Nm/h; return force 70-145 N; return time 0.08 s; side load 3 deg; length = A max (extended); threaded body L2 = 120 mm; impact velocity 0.15-5 m/s
ACE Main Catalog 2018 metric p.58,MC33-MC64 MAGNUM,MC4550-3,48.5,740,112000,520,2090,,1-3/4-12 UNF / M45x1.5,45,195,1.36,self-compensating,-12,66,eff. weight code -3; E4 with air/oil tank 192000 Nm/h; E4 with oil recirculation 248000 Nm/h; return force 70-145 N; return time 0.08 s; side load 3 deg; length = A max (extended); threaded body L2 = 120 mm; impact velocity 0.15-5 m/s
ACE Main Catalog 2018 metric p.58,MC33-MC64 MAGNUM,MC4550-4,48.5,740,112000,1800,7100,,1-3/4-12 UNF / M45x1.5,45,195,1.36,self-compensating,-12,66,eff. weight code -4; E4 with air/oil tank 192000 Nm/h; E4 with oil recirculation 248000 Nm/h; return force 70-145 N; return time 0.08 s; side load 3 deg; length = A max (extended); threaded body L2 = 120 mm; impact velocity 0.15-5 m/s
ACE Main Catalog 2018 metric p.58,MC33-MC64 MAGNUM,MC4575-0,73.9,1130,146000,20,80,,1-3/4-12 UNF / M45x1.5,45,246,1.59,self-compensating,-12,66,eff. weight code -0; E4 with air/oil tank 225000 Nm/h; E4 with oil recirculation 282000 Nm/h; return force 50-180 N; return time 0.11 s; side load 2 deg; length = A max (extended); threaded body L2 = 145 mm; impact velocity 0.15-5 m/s
ACE Main Catalog 2018 metric p.58,MC33-MC64 MAGNUM,MC4575-1,73.9,1130,146000,70,270,,1-3/4-12 UNF / M45x1.5,45,246,1.59,self-compensating,-12,66,eff. weight code -1; E4 with air/oil tank 225000 Nm/h; E4 with oil recirculation 282000 Nm/h; return force 50-180 N; return time 0.11 s; side load 2 deg; length = A max (extended); threaded body L2 = 145 mm; impact velocity 0.15-5 m/s
ACE Main Catalog 2018 metric p.58,MC33-MC64 MAGNUM,MC4575-2,73.9,1130,146000,230,930,,1-3/4-12 UNF / M45x1.5,45,246,1.59,self-compensating,-12,66,eff. weight code -2; E4 with air/oil tank 225000 Nm/h; E4 with oil recirculation 282000 Nm/h; return force 50-180 N; return time 0.11 s; side load 2 deg; length = A max (extended); threaded body L2 = 145 mm; impact velocity 0.15-5 m/s
ACE Main Catalog 2018 metric p.58,MC33-MC64 MAGNUM,MC4575-3,73.9,1130,146000,790,3140,,1-3/4-12 UNF / M45x1.5,45,246,1.59,self-compensating,-12,66,eff. weight code -3; E4 with air/oil tank 225000 Nm/h; E4 with oil recirculation 282000 Nm/h; return force 50-180 N; return time 0.11 s; side load 2 deg; length = A max (extended); threaded body L2 = 145 mm; impact velocity 0.15-5 m/s
ACE Main Catalog 2018 metric p.58,MC33-MC64 MAGNUM,MC4575-4,73.9,1130,146000,2650,10600,,1-3/4-12 UNF / M45x1.5,45,246,1.59,self-compensating,-12,66,eff. weight code -4; E4 with air/oil tank 225000 Nm/h; E4 with oil recirculation 282000 Nm/h; return force 50-180 N; return time 0.11 s; side load 2 deg; length = A max (extended); threaded body L2 = 145 mm; impact velocity 0.15-5 m/s
ACE Main Catalog 2018 metric p.59,MC33-MC64 MAGNUM,MC6450-0,48.6,1870,146000,35,140,,2-1/2-12 UNF / M64x2,64,225,2.90,self-compensating,-12,66,eff. weight code -0; E4 with air/oil tank 293000 Nm/h; E4 with oil recirculation 384000 Nm/h; return force 90-155 N; return time 0.12 s; side load 4 deg; length = A max (extended); threaded body L2 = 140 mm; impact velocity 0.15-5 m/s
ACE Main Catalog 2018 metric p.59,MC33-MC64 MAGNUM,MC6450-1,48.6,1870,146000,140,540,,2-1/2-12 UNF / M64x2,64,225,2.90,self-compensating,-12,66,eff. weight code -1; E4 with air/oil tank 293000 Nm/h; E4 with oil recirculation 384000 Nm/h; return force 90-155 N; return time 0.12 s; side load 4 deg; length = A max (extended); threaded body L2 = 140 mm; impact velocity 0.15-5 m/s
ACE Main Catalog 2018 metric p.59,MC33-MC64 MAGNUM,MC6450-2,48.6,1870,146000,460,1850,,2-1/2-12 UNF / M64x2,64,225,2.90,self-compensating,-12,66,eff. weight code -2; E4 with air/oil tank 293000 Nm/h; E4 with oil recirculation 384000 Nm/h; return force 90-155 N; return time 0.12 s; side load 4 deg; length = A max (extended); threaded body L2 = 140 mm; impact velocity 0.15-5 m/s
ACE Main Catalog 2018 metric p.59,MC33-MC64 MAGNUM,MC6450-3,48.6,1870,146000,1600,6300,,2-1/2-12 UNF / M64x2,64,225,2.90,self-compensating,-12,66,eff. weight code -3; E4 with air/oil tank 293000 Nm/h; E4 with oil recirculation 384000 Nm/h; return force 90-155 N; return time 0.12 s; side load 4 deg; length = A max (extended); threaded body L2 = 140 mm; impact velocity 0.15-5 m/s
ACE Main Catalog 2018 metric p.59,MC33-MC64 MAGNUM,MC6450-4,48.6,1870,146000,5300,21200,,2-1/2-12 UNF / M64x2,64,225,2.90,self-compensating,-12,66,eff. weight code -4; E4 with air/oil tank 293000 Nm/h; E4 with oil recirculation 384000 Nm/h; return force 90-155 N; return time 0.12 s; side load 4 deg; length = A max (extended); threaded body L2 = 140 mm; impact velocity 0.15-5 m/s
ACE Main Catalog 2018 metric p.59,MC33-MC64 MAGNUM,MC64100-0,99.4,3730,192000,70,280,,2-1/2-12 UNF / M64x2,64,326,3.70,self-compensating,-12,66,eff. weight code -0; E4 with air/oil tank 384000 Nm/h; E4 with oil recirculation 497000 Nm/h; return force 105-270 N; return time 0.34 s; side load 3 deg; length = A max (extended); threaded body L2 = 191 mm; impact velocity 0.15-5 m/s
ACE Main Catalog 2018 metric p.59,MC33-MC64 MAGNUM,MC64100-1,99.4,3730,192000,270,1100,,2-1/2-12 UNF / M64x2,64,326,3.70,self-compensating,-12,66,eff. weight code -1; E4 with air/oil tank 384000 Nm/h; E4 with oil recirculation 497000 Nm/h; return force 105-270 N; return time 0.34 s; side load 3 deg; length = A max (extended); threaded body L2 = 191 mm; impact velocity 0.15-5 m/s
ACE Main Catalog 2018 metric p.59,MC33-MC64 MAGNUM,MC64100-2,99.4,3730,192000,930,3700,,2-1/2-12 UNF / M64x2,64,326,3.70,self-compensating,-12,66,eff. weight code -2; E4 with air/oil tank 384000 Nm/h; E4 with oil recirculation 497000 Nm/h; return force 105-270 N; return time 0.34 s; side load 3 deg; length = A max (extended); threaded body L2 = 191 mm; impact velocity 0.15-5 m/s
ACE Main Catalog 2018 metric p.59,MC33-MC64 MAGNUM,MC64100-3,99.4,3730,192000,3150,12600,,2-1/2-12 UNF / M64x2,64,326,3.70,self-compensating,-12,66,eff. weight code -3; E4 with air/oil tank 384000 Nm/h; E4 with oil recirculation 497000 Nm/h; return force 105-270 N; return time 0.34 s; side load 3 deg; length = A max (extended); threaded body L2 = 191 mm; impact velocity 0.15-5 m/s
ACE Main Catalog 2018 metric p.59,MC33-MC64 MAGNUM,MC64100-4,99.4,3730,192000,10600,42500,,2-1/2-12 UNF / M64x2,64,326,3.70,self-compensating,-12,66,eff. weight code -4; E4 with air/oil tank 384000 Nm/h; E4 with oil recirculation 497000 Nm/h; return force 105-270 N; return time 0.34 s; side load 3 deg; length = A max (extended); threaded body L2 = 191 mm; impact velocity 0.15-5 m/s
ACE Main Catalog 2018 metric p.59,MC33-MC64 MAGNUM,MC64150-0,150,5650,248000,100,460,,2-1/2-12 UNF / M64x2,64,450,5.10,self-compensating,-12,66,eff. weight code -0; E4 with air/oil tank 497000 Nm/h; E4 with oil recirculation 644000 Nm/h; return force 75-365 N; return time 0.48 s; side load 2 deg; length = A max (extended); threaded body L2 = 241 mm; impact velocity 0.15-5 m/s
ACE Main Catalog 2018 metric p.59,MC33-MC64 MAGNUM,MC64150-1,150,5650,248000,140,1640,,2-1/2-12 UNF / M64x2,64,450,5.10,self-compensating,-12,66,eff. weight code -1; E4 with air/oil tank 497000 Nm/h; E4 with oil recirculation 644000 Nm/h; return force 75-365 N; return time 0.48 s; side load 2 deg; length = A max (extended); threaded body L2 = 241 mm; impact velocity 0.15-5 m/s
ACE Main Catalog 2018 metric p.59,MC33-MC64 MAGNUM,MC64150-2,150,5650,248000,1390,5600,,2-1/2-12 UNF / M64x2,64,450,5.10,self-compensating,-12,66,eff. weight code -2; E4 with air/oil tank 497000 Nm/h; E4 with oil recirculation 644000 Nm/h; return force 75-365 N; return time 0.48 s; side load 2 deg; length = A max (extended); threaded body L2 = 241 mm; impact velocity 0.15-5 m/s
ACE Main Catalog 2018 metric p.59,MC33-MC64 MAGNUM,MC64150-3,150,5650,248000,4700,18800,,2-1/2-12 UNF / M64x2,64,450,5.10,self-compensating,-12,66,eff. weight code -3; E4 with air/oil tank 497000 Nm/h; E4 with oil recirculation 644000 Nm/h; return force 75-365 N; return time 0.48 s; side load 2 deg; length = A max (extended); threaded body L2 = 241 mm; impact velocity 0.15-5 m/s
ACE Main Catalog 2018 metric p.59,MC33-MC64 MAGNUM,MC64150-4,150,5650,248000,16000,63700,,2-1/2-12 UNF / M64x2,64,450,5.10,self-compensating,-12,66,eff. weight code -4; E4 with air/oil tank 497000 Nm/h; E4 with oil recirculation 644000 Nm/h; return force 75-365 N; return time 0.48 s; side load 2 deg; length = A max (extended); threaded body L2 = 241 mm; impact velocity 0.15-5 m/s
ACE Main Catalog 2018 metric p.60-61,MC33-MC64 V4A stainless,MC3325M-0-V4A,23.2,170,75000,3,11,,M33x1.5,33,151.2,0.51,self-compensating,-12,66,stainless (V4A); eff. weight code -0; return force 45-90 N; return time 0.03 s; side load 4 deg; length = A max
ACE Main Catalog 2018 metric p.60-61,MC33-MC64 V4A stainless,MC3325M-1-V4A,23.2,170,75000,9,40,,M33x1.5,33,151.2,0.51,self-compensating,-12,66,stainless (V4A); eff. weight code -1; return force 45-90 N; return time 0.03 s; side load 4 deg; length = A max
ACE Main Catalog 2018 metric p.60-61,MC33-MC64 V4A stainless,MC3325M-2-V4A,23.2,170,75000,30,120,,M33x1.5,33,151.2,0.51,self-compensating,-12,66,stainless (V4A); eff. weight code -2; return force 45-90 N; return time 0.03 s; side load 4 deg; length = A max
ACE Main Catalog 2018 metric p.60-61,MC33-MC64 V4A stainless,MC3325M-3-V4A,23.2,170,75000,100,420,,M33x1.5,33,151.2,0.51,self-compensating,-12,66,stainless (V4A); eff. weight code -3; return force 45-90 N; return time 0.03 s; side load 4 deg; length = A max
ACE Main Catalog 2018 metric p.60-61,MC33-MC64 V4A stainless,MC3325M-4-V4A,23.2,170,75000,350,1420,,M33x1.5,33,151.2,0.51,self-compensating,-12,66,stainless (V4A); eff. weight code -4; return force 45-90 N; return time 0.03 s; side load 4 deg; length = A max
ACE Main Catalog 2018 metric p.60-61,MC33-MC64 V4A stainless,MC3350M-0-V4A,48.6,330,85000,5,22,,M33x1.5,33,202.2,0.63,self-compensating,-12,66,stainless (V4A); eff. weight code -0; return force 45-135 N; return time 0.06 s; side load 3 deg; length = A max
ACE Main Catalog 2018 metric p.60-61,MC33-MC64 V4A stainless,MC3350M-1-V4A,48.6,330,85000,18,70,,M33x1.5,33,202.2,0.63,self-compensating,-12,66,stainless (V4A); eff. weight code -1; return force 45-135 N; return time 0.06 s; side load 3 deg; length = A max
ACE Main Catalog 2018 metric p.60-61,MC33-MC64 V4A stainless,MC3350M-2-V4A,48.6,330,85000,60,250,,M33x1.5,33,202.2,0.63,self-compensating,-12,66,stainless (V4A); eff. weight code -2; return force 45-135 N; return time 0.06 s; side load 3 deg; length = A max
ACE Main Catalog 2018 metric p.60-61,MC33-MC64 V4A stainless,MC3350M-3-V4A,48.6,330,85000,240,840,,M33x1.5,33,202.2,0.63,self-compensating,-12,66,stainless (V4A); eff. weight code -3; return force 45-135 N; return time 0.06 s; side load 3 deg; length = A max
ACE Main Catalog 2018 metric p.60-61,MC33-MC64 V4A stainless,MC3350M-4-V4A,48.6,330,85000,710,2830,,M33x1.5,33,202.2,0.63,self-compensating,-12,66,stainless (V4A); eff. weight code -4; return force 45-135 N; return time 0.06 s; side load 3 deg; length = A max
ACE Main Catalog 2018 metric p.62,MC33-MC64 V4A stainless,MC4525M-0-V4A,23.1,370,107000,7,27,,M45x1.5,45,164.5,1.14,self-compensating,-12,66,stainless (V4A); eff. weight code -0; return force 70-100 N; return time 0.03 s; side load 4 deg; length = A max
ACE Main Catalog 2018 metric p.62,MC33-MC64 V4A stainless,MC4525M-1-V4A,23.1,370,107000,20,90,,M45x1.5,45,164.5,1.14,self-compensating,-12,66,stainless (V4A); eff. weight code -1; return force 70-100 N; return time 0.03 s; side load 4 deg; length = A max
ACE Main Catalog 2018 metric p.62,MC33-MC64 V4A stainless,MC4525M-2-V4A,23.1,370,107000,80,310,,M45x1.5,45,164.5,1.14,self-compensating,-12,66,stainless (V4A); eff. weight code -2; return force 70-100 N; return time 0.03 s; side load 4 deg; length = A max
ACE Main Catalog 2018 metric p.62,MC33-MC64 V4A stainless,MC4525M-3-V4A,23.1,370,107000,260,1050,,M45x1.5,45,164.5,1.14,self-compensating,-12,66,stainless (V4A); eff. weight code -3; return force 70-100 N; return time 0.03 s; side load 4 deg; length = A max
ACE Main Catalog 2018 metric p.62,MC33-MC64 V4A stainless,MC4525M-4-V4A,23.1,370,107000,890,3540,,M45x1.5,45,164.5,1.14,self-compensating,-12,66,stainless (V4A); eff. weight code -4; return force 70-100 N; return time 0.03 s; side load 4 deg; length = A max
ACE Main Catalog 2018 metric p.62,MC33-MC64 V4A stainless,MC4550M-0-V4A,48.5,740,112000,13,54,,M45x1.5,45,214.4,1.36,self-compensating,-12,66,stainless (V4A); eff. weight code -0; return force 70-145 N; return time 0.08 s; side load 3 deg; length = A max
ACE Main Catalog 2018 metric p.62,MC33-MC64 V4A stainless,MC4550M-1-V4A,48.5,740,112000,45,180,,M45x1.5,45,214.4,1.36,self-compensating,-12,66,stainless (V4A); eff. weight code -1; return force 70-145 N; return time 0.08 s; side load 3 deg; length = A max
ACE Main Catalog 2018 metric p.62,MC33-MC64 V4A stainless,MC4550M-2-V4A,48.5,740,112000,150,620,,M45x1.5,45,214.4,1.36,self-compensating,-12,66,stainless (V4A); eff. weight code -2; return force 70-145 N; return time 0.08 s; side load 3 deg; length = A max
ACE Main Catalog 2018 metric p.62,MC33-MC64 V4A stainless,MC4550M-3-V4A,48.5,740,112000,520,2090,,M45x1.5,45,214.4,1.36,self-compensating,-12,66,stainless (V4A); eff. weight code -3; return force 70-145 N; return time 0.08 s; side load 3 deg; length = A max
ACE Main Catalog 2018 metric p.62,MC33-MC64 V4A stainless,MC4550M-4-V4A,48.5,740,112000,1800,7100,,M45x1.5,45,214.4,1.36,self-compensating,-12,66,stainless (V4A); eff. weight code -4; return force 70-145 N; return time 0.08 s; side load 3 deg; length = A max
ACE Main Catalog 2018 metric p.62,MC33-MC64 V4A stainless,MC4575M-0-V4A,73.9,1130,146000,20,80,,M45x1.5,45,265.4,1.59,self-compensating,-12,66,stainless (V4A); eff. weight code -0; return force 50-180 N; return time 0.11 s; side load 2 deg; length = A max
ACE Main Catalog 2018 metric p.62,MC33-MC64 V4A stainless,MC4575M-1-V4A,73.9,1130,146000,70,270,,M45x1.5,45,265.4,1.59,self-compensating,-12,66,stainless (V4A); eff. weight code -1; return force 50-180 N; return time 0.11 s; side load 2 deg; length = A max
ACE Main Catalog 2018 metric p.62,MC33-MC64 V4A stainless,MC4575M-2-V4A,73.9,1130,146000,230,930,,M45x1.5,45,265.4,1.59,self-compensating,-12,66,stainless (V4A); eff. weight code -2; return force 50-180 N; return time 0.11 s; side load 2 deg; length = A max
ACE Main Catalog 2018 metric p.62,MC33-MC64 V4A stainless,MC4575M-3-V4A,73.9,1130,146000,790,3140,,M45x1.5,45,265.4,1.59,self-compensating,-12,66,stainless (V4A); eff. weight code -3; return force 50-180 N; return time 0.11 s; side load 2 deg; length = A max
ACE Main Catalog 2018 metric p.62,MC33-MC64 V4A stainless,MC4575M-4-V4A,73.9,1130,146000,2650,10600,,M45x1.5,45,265.4,1.59,self-compensating,-12,66,stainless (V4A); eff. weight code -4; return force 50-180 N; return time 0.11 s; side load 2 deg; length = A max
ACE Main Catalog 2018 metric p.63,MC33-MC64 V4A stainless,MC6450M-0-V4A,48.6,1870,146000,35,140,,M64x2,64,244.1,2.90,self-compensating,-12,66,stainless (V4A); eff. weight code -0; return force 90-155 N; return time 0.12 s; side load 4 deg; length = A max
ACE Main Catalog 2018 metric p.63,MC33-MC64 V4A stainless,MC6450M-1-V4A,48.6,1870,146000,140,540,,M64x2,64,244.1,2.90,self-compensating,-12,66,stainless (V4A); eff. weight code -1; return force 90-155 N; return time 0.12 s; side load 4 deg; length = A max
ACE Main Catalog 2018 metric p.63,MC33-MC64 V4A stainless,MC6450M-2-V4A,48.6,1870,146000,460,1850,,M64x2,64,244.1,2.90,self-compensating,-12,66,stainless (V4A); eff. weight code -2; return force 90-155 N; return time 0.12 s; side load 4 deg; length = A max
ACE Main Catalog 2018 metric p.63,MC33-MC64 V4A stainless,MC6450M-3-V4A,48.6,1870,146000,1600,6300,,M64x2,64,244.1,2.90,self-compensating,-12,66,stainless (V4A); eff. weight code -3; return force 90-155 N; return time 0.12 s; side load 4 deg; length = A max
ACE Main Catalog 2018 metric p.63,MC33-MC64 V4A stainless,MC6450M-4-V4A,48.6,1870,146000,5300,21200,,M64x2,64,244.1,2.90,self-compensating,-12,66,stainless (V4A); eff. weight code -4; return force 90-155 N; return time 0.12 s; side load 4 deg; length = A max
ACE Main Catalog 2018 metric p.63,MC33-MC64 V4A stainless,MC64100M-0-V4A,99.4,3730,192000,70,280,,M64x2,64,345.1,3.70,self-compensating,-12,66,stainless (V4A); eff. weight code -0; return force 105-270 N; return time 0.34 s; side load 3 deg; length = A max
ACE Main Catalog 2018 metric p.63,MC33-MC64 V4A stainless,MC64100M-1-V4A,99.4,3730,192000,270,1100,,M64x2,64,345.1,3.70,self-compensating,-12,66,stainless (V4A); eff. weight code -1; return force 105-270 N; return time 0.34 s; side load 3 deg; length = A max
ACE Main Catalog 2018 metric p.63,MC33-MC64 V4A stainless,MC64100M-2-V4A,99.4,3730,192000,930,3700,,M64x2,64,345.1,3.70,self-compensating,-12,66,stainless (V4A); eff. weight code -2; return force 105-270 N; return time 0.34 s; side load 3 deg; length = A max
ACE Main Catalog 2018 metric p.63,MC33-MC64 V4A stainless,MC64100M-3-V4A,99.4,3730,192000,3150,12600,,M64x2,64,345.1,3.70,self-compensating,-12,66,stainless (V4A); eff. weight code -3; return force 105-270 N; return time 0.34 s; side load 3 deg; length = A max
ACE Main Catalog 2018 metric p.63,MC33-MC64 V4A stainless,MC64100M-4-V4A,99.4,3730,192000,10600,42500,,M64x2,64,345.1,3.70,self-compensating,-12,66,stainless (V4A); eff. weight code -4; return force 105-270 N; return time 0.34 s; side load 3 deg; length = A max
ACE Main Catalog 2018 metric p.64-65,MC33-MC64 HT high temperature,MC3325-0-HT,23.2,170,215000,3,11,,1-1/4-12 UNF / M33x1.5,33,138,0.51,self-compensating,0,150,"HT version; E4 at 20 C 215000 Nm/h, E4 at 100 C 82000 Nm/h; eff. weight code -0; side load 4 deg"
ACE Main Catalog 2018 metric p.64-65,MC33-MC64 HT high temperature,MC3325-1-HT,23.2,170,215000,9,40,,1-1/4-12 UNF / M33x1.5,33,138,0.51,self-compensating,0,150,"HT version; E4 at 20 C 215000 Nm/h, E4 at 100 C 82000 Nm/h; eff. weight code -1; side load 4 deg"
ACE Main Catalog 2018 metric p.64-65,MC33-MC64 HT high temperature,MC3325-2-HT,23.2,170,215000,30,120,,1-1/4-12 UNF / M33x1.5,33,138,0.51,self-compensating,0,150,"HT version; E4 at 20 C 215000 Nm/h, E4 at 100 C 82000 Nm/h; eff. weight code -2; side load 4 deg"
ACE Main Catalog 2018 metric p.64-65,MC33-MC64 HT high temperature,MC3325-3-HT,23.2,170,215000,100,420,,1-1/4-12 UNF / M33x1.5,33,138,0.51,self-compensating,0,150,"HT version; E4 at 20 C 215000 Nm/h, E4 at 100 C 82000 Nm/h; eff. weight code -3; side load 4 deg"
ACE Main Catalog 2018 metric p.64-65,MC33-MC64 HT high temperature,MC3325-4-HT,23.2,170,215000,350,1420,,1-1/4-12 UNF / M33x1.5,33,138,0.51,self-compensating,0,150,"HT version; E4 at 20 C 215000 Nm/h, E4 at 100 C 82000 Nm/h; eff. weight code -4; side load 4 deg"
ACE Main Catalog 2018 metric p.64-65,MC33-MC64 HT high temperature,MC3350-0-HT,48.6,330,244000,5,22,,1-1/4-12 UNF / M33x1.5,33,189,0.63,self-compensating,0,150,"HT version; E4 at 20 C 244000 Nm/h, E4 at 100 C 93000 Nm/h; eff. weight code -0; side load 3 deg"
ACE Main Catalog 2018 metric p.64-65,MC33-MC64 HT high temperature,MC3350-1-HT,48.6,330,244000,18,70,,1-1/4-12 UNF / M33x1.5,33,189,0.63,self-compensating,0,150,"HT version; E4 at 20 C 244000 Nm/h, E4 at 100 C 93000 Nm/h; eff. weight code -1; side load 3 deg"
ACE Main Catalog 2018 metric p.64-65,MC33-MC64 HT high temperature,MC3350-2-HT,48.6,330,244000,60,250,,1-1/4-12 UNF / M33x1.5,33,189,0.63,self-compensating,0,150,"HT version; E4 at 20 C 244000 Nm/h, E4 at 100 C 93000 Nm/h; eff. weight code -2; side load 3 deg"
ACE Main Catalog 2018 metric p.64-65,MC33-MC64 HT high temperature,MC3350-3-HT,48.6,330,244000,240,840,,1-1/4-12 UNF / M33x1.5,33,189,0.63,self-compensating,0,150,"HT version; E4 at 20 C 244000 Nm/h, E4 at 100 C 93000 Nm/h; eff. weight code -3; side load 3 deg"
ACE Main Catalog 2018 metric p.64-65,MC33-MC64 HT high temperature,MC3350-4-HT,48.6,330,244000,710,2830,,1-1/4-12 UNF / M33x1.5,33,189,0.63,self-compensating,0,150,"HT version; E4 at 20 C 244000 Nm/h, E4 at 100 C 93000 Nm/h; eff. weight code -4; side load 3 deg"
ACE Main Catalog 2018 metric p.66,MC33-MC64 HT high temperature,MC4525-0-HT,23.1,370,307000,7,27,,1-3/4-12 UNF / M45x1.5,45,151,1.13,self-compensating,0,150,"HT version; E4 at 20 C 307000 Nm/h, E4 at 100 C 117000 Nm/h; eff. weight code -0; side load 4 deg"
ACE Main Catalog 2018 metric p.66,MC33-MC64 HT high temperature,MC4525-1-HT,23.1,370,307000,20,90,,1-3/4-12 UNF / M45x1.5,45,151,1.13,self-compensating,0,150,"HT version; E4 at 20 C 307000 Nm/h, E4 at 100 C 117000 Nm/h; eff. weight code -1; side load 4 deg"
ACE Main Catalog 2018 metric p.66,MC33-MC64 HT high temperature,MC4525-2-HT,23.1,370,307000,80,310,,1-3/4-12 UNF / M45x1.5,45,151,1.13,self-compensating,0,150,"HT version; E4 at 20 C 307000 Nm/h, E4 at 100 C 117000 Nm/h; eff. weight code -2; side load 4 deg"
ACE Main Catalog 2018 metric p.66,MC33-MC64 HT high temperature,MC4525-3-HT,23.1,370,307000,260,1050,,1-3/4-12 UNF / M45x1.5,45,151,1.13,self-compensating,0,150,"HT version; E4 at 20 C 307000 Nm/h, E4 at 100 C 117000 Nm/h; eff. weight code -3; side load 4 deg"
ACE Main Catalog 2018 metric p.66,MC33-MC64 HT high temperature,MC4525-4-HT,23.1,370,307000,890,3540,,1-3/4-12 UNF / M45x1.5,45,151,1.13,self-compensating,0,150,"HT version; E4 at 20 C 307000 Nm/h, E4 at 100 C 117000 Nm/h; eff. weight code -4; side load 4 deg"
ACE Main Catalog 2018 metric p.66,MC33-MC64 HT high temperature,MC4550-0-HT,48.5,740,321000,13,54,,1-3/4-12 UNF / M45x1.5,45,195,1.36,self-compensating,0,150,"HT version; E4 at 20 C 321000 Nm/h, E4 at 100 C 122000 Nm/h; eff. weight code -0; side load 3 deg"
ACE Main Catalog 2018 metric p.66,MC33-MC64 HT high temperature,MC4550-1-HT,48.5,740,321000,45,180,,1-3/4-12 UNF / M45x1.5,45,195,1.36,self-compensating,0,150,"HT version; E4 at 20 C 321000 Nm/h, E4 at 100 C 122000 Nm/h; eff. weight code -1; side load 3 deg"
ACE Main Catalog 2018 metric p.66,MC33-MC64 HT high temperature,MC4550-2-HT,48.5,740,321000,154,620,,1-3/4-12 UNF / M45x1.5,45,195,1.36,self-compensating,0,150,"HT version; E4 at 20 C 321000 Nm/h, E4 at 100 C 122000 Nm/h; eff. weight code -2; side load 3 deg"
ACE Main Catalog 2018 metric p.66,MC33-MC64 HT high temperature,MC4550-3-HT,48.5,740,321000,522,2090,,1-3/4-12 UNF / M45x1.5,45,195,1.36,self-compensating,0,150,"HT version; E4 at 20 C 321000 Nm/h, E4 at 100 C 122000 Nm/h; eff. weight code -3; side load 3 deg"
ACE Main Catalog 2018 metric p.66,MC33-MC64 HT high temperature,MC4550-4-HT,48.5,740,321000,1800,7100,,1-3/4-12 UNF / M45x1.5,45,195,1.36,self-compensating,0,150,"HT version; E4 at 20 C 321000 Nm/h, E4 at 100 C 122000 Nm/h; eff. weight code -4; side load 3 deg"
ACE Main Catalog 2018 metric p.67,MC33-MC64 HT high temperature,MC6450-0-HT,48.6,1870,419000,35,140,,2-1/2-12 UNF / M64x2,64,225,2.90,self-compensating,0,150,"HT version; E4 at 20 C 419000 Nm/h, E4 at 100 C 159000 Nm/h; eff. weight code -0; side load 4 deg"
ACE Main Catalog 2018 metric p.67,MC33-MC64 HT high temperature,MC6450-1-HT,48.6,1870,419000,140,540,,2-1/2-12 UNF / M64x2,64,225,2.90,self-compensating,0,150,"HT version; E4 at 20 C 419000 Nm/h, E4 at 100 C 159000 Nm/h; eff. weight code -1; side load 4 deg"
ACE Main Catalog 2018 metric p.67,MC33-MC64 HT high temperature,MC6450-2-HT,48.6,1870,419000,460,1850,,2-1/2-12 UNF / M64x2,64,225,2.90,self-compensating,0,150,"HT version; E4 at 20 C 419000 Nm/h, E4 at 100 C 159000 Nm/h; eff. weight code -2; side load 4 deg"
ACE Main Catalog 2018 metric p.67,MC33-MC64 HT high temperature,MC6450-3-HT,48.6,1870,419000,1600,6300,,2-1/2-12 UNF / M64x2,64,225,2.90,self-compensating,0,150,"HT version; E4 at 20 C 419000 Nm/h, E4 at 100 C 159000 Nm/h; eff. weight code -3; side load 4 deg"
ACE Main Catalog 2018 metric p.67,MC33-MC64 HT high temperature,MC6450-4-HT,48.6,1870,419000,5300,21200,,2-1/2-12 UNF / M64x2,64,225,2.90,self-compensating,0,150,"HT version; E4 at 20 C 419000 Nm/h, E4 at 100 C 159000 Nm/h; eff. weight code -4; side load 4 deg"
ACE Main Catalog 2018 metric p.67,MC33-MC64 HT high temperature,MC64100-0-HT,99.4,3730,550000,70,280,,2-1/2-12 UNF / M64x2,64,326,3.70,self-compensating,0,150,"HT version; E4 at 20 C 550000 Nm/h, E4 at 100 C 200000 Nm/h; eff. weight code -0; side load 3 deg"
ACE Main Catalog 2018 metric p.67,MC33-MC64 HT high temperature,MC64100-1-HT,99.4,3730,550000,270,1100,,2-1/2-12 UNF / M64x2,64,326,3.70,self-compensating,0,150,"HT version; E4 at 20 C 550000 Nm/h, E4 at 100 C 200000 Nm/h; eff. weight code -1; side load 3 deg"
ACE Main Catalog 2018 metric p.67,MC33-MC64 HT high temperature,MC64100-2-HT,99.4,3730,550000,930,3700,,2-1/2-12 UNF / M64x2,64,326,3.70,self-compensating,0,150,"HT version; E4 at 20 C 550000 Nm/h, E4 at 100 C 200000 Nm/h; eff. weight code -2; side load 3 deg"
ACE Main Catalog 2018 metric p.67,MC33-MC64 HT high temperature,MC64100-3-HT,99.4,3730,550000,3150,12600,,2-1/2-12 UNF / M64x2,64,326,3.70,self-compensating,0,150,"HT version; E4 at 20 C 550000 Nm/h, E4 at 100 C 200000 Nm/h; eff. weight code -3; side load 3 deg"
ACE Main Catalog 2018 metric p.67,MC33-MC64 HT high temperature,MC64100-4-HT,99.4,3730,550000,10600,42500,,2-1/2-12 UNF / M64x2,64,326,3.70,self-compensating,0,150,"HT version; E4 at 20 C 550000 Nm/h, E4 at 100 C 200000 Nm/h; eff. weight code -4; side load 3 deg"
ACE Main Catalog 2018 metric p.68-69,MC33-MC64 LT low temperature,MC3325-0-LT,23.2,170,75000,3,11,,1-1/4-12 UNF / M33x1.5,33,138,0.51,self-compensating,-50,66,LT version; eff. weight code -0; return time 0.08 s at -50 C; side load 4 deg
ACE Main Catalog 2018 metric p.68-69,MC33-MC64 LT low temperature,MC3325-1-LT,23.2,170,75000,9,40,,1-1/4-12 UNF / M33x1.5,33,138,0.51,self-compensating,-50,66,LT version; eff. weight code -1; return time 0.08 s at -50 C; side load 4 deg
ACE Main Catalog 2018 metric p.68-69,MC33-MC64 LT low temperature,MC3325-2-LT,23.2,170,75000,30,120,,1-1/4-12 UNF / M33x1.5,33,138,0.51,self-compensating,-50,66,LT version; eff. weight code -2; return time 0.08 s at -50 C; side load 4 deg
ACE Main Catalog 2018 metric p.68-69,MC33-MC64 LT low temperature,MC3325-3-LT,23.2,170,75000,100,420,,1-1/4-12 UNF / M33x1.5,33,138,0.51,self-compensating,-50,66,LT version; eff. weight code -3; return time 0.08 s at -50 C; side load 4 deg
ACE Main Catalog 2018 metric p.68-69,MC33-MC64 LT low temperature,MC3325-4-LT,23.2,170,75000,350,1420,,1-1/4-12 UNF / M33x1.5,33,138,0.51,self-compensating,-50,66,LT version; eff. weight code -4; return time 0.08 s at -50 C; side load 4 deg
ACE Main Catalog 2018 metric p.68-69,MC33-MC64 LT low temperature,MC3350-0-LT,48.6,330,85000,5,22,,1-1/4-12 UNF / M33x1.5,33,189,0.63,self-compensating,-50,66,LT version; eff. weight code -0; return time 0.16 s at -50 C; side load 3 deg
ACE Main Catalog 2018 metric p.68-69,MC33-MC64 LT low temperature,MC3350-1-LT,48.6,330,85000,18,70,,1-1/4-12 UNF / M33x1.5,33,189,0.63,self-compensating,-50,66,LT version; eff. weight code -1; return time 0.16 s at -50 C; side load 3 deg
ACE Main Catalog 2018 metric p.68-69,MC33-MC64 LT low temperature,MC3350-2-LT,48.6,330,85000,60,250,,1-1/4-12 UNF / M33x1.5,33,189,0.63,self-compensating,-50,66,LT version; eff. weight code -2; return time 0.16 s at -50 C; side load 3 deg
ACE Main Catalog 2018 metric p.68-69,MC33-MC64 LT low temperature,MC3350-3-LT,48.6,330,85000,240,840,,1-1/4-12 UNF / M33x1.5,33,189,0.63,self-compensating,-50,66,LT version; eff. weight code -3; return time 0.16 s at -50 C; side load 3 deg
ACE Main Catalog 2018 metric p.68-69,MC33-MC64 LT low temperature,MC3350-4-LT,48.6,330,85000,710,2830,,1-1/4-12 UNF / M33x1.5,33,189,0.63,self-compensating,-50,66,LT version; eff. weight code -4; return time 0.16 s at -50 C; side load 3 deg
ACE Main Catalog 2018 metric p.70,MC33-MC64 LT low temperature,MC4525-0-LT,23.1,370,107000,7,27,,1-3/4-12 UNF / M45x1.5,45,151,1.13,self-compensating,-50,66,LT version; eff. weight code -0; return time 0.08 s at -50 C; side load 4 deg
ACE Main Catalog 2018 metric p.70,MC33-MC64 LT low temperature,MC4525-1-LT,23.1,370,107000,20,90,,1-3/4-12 UNF / M45x1.5,45,151,1.13,self-compensating,-50,66,LT version; eff. weight code -1; return time 0.08 s at -50 C; side load 4 deg
ACE Main Catalog 2018 metric p.70,MC33-MC64 LT low temperature,MC4525-2-LT,23.1,370,107000,80,310,,1-3/4-12 UNF / M45x1.5,45,151,1.13,self-compensating,-50,66,LT version; eff. weight code -2; return time 0.08 s at -50 C; side load 4 deg
ACE Main Catalog 2018 metric p.70,MC33-MC64 LT low temperature,MC4525-3-LT,23.1,370,107000,260,1050,,1-3/4-12 UNF / M45x1.5,45,151,1.13,self-compensating,-50,66,LT version; eff. weight code -3; return time 0.08 s at -50 C; side load 4 deg
ACE Main Catalog 2018 metric p.70,MC33-MC64 LT low temperature,MC4525-4-LT,23.1,370,107000,890,3540,,1-3/4-12 UNF / M45x1.5,45,151,1.13,self-compensating,-50,66,LT version; eff. weight code -4; return time 0.08 s at -50 C; side load 4 deg
ACE Main Catalog 2018 metric p.70,MC33-MC64 LT low temperature,MC4550-0-LT,48.5,740,112000,13,54,,1-3/4-12 UNF / M45x1.5,45,195,1.36,self-compensating,-50,66,LT version; eff. weight code -0; return time 0.16 s at -50 C; side load 3 deg
ACE Main Catalog 2018 metric p.70,MC33-MC64 LT low temperature,MC4550-1-LT,48.5,740,112000,45,180,,1-3/4-12 UNF / M45x1.5,45,195,1.36,self-compensating,-50,66,LT version; eff. weight code -1; return time 0.16 s at -50 C; side load 3 deg
ACE Main Catalog 2018 metric p.70,MC33-MC64 LT low temperature,MC4550-2-LT,48.5,740,112000,150,620,,1-3/4-12 UNF / M45x1.5,45,195,1.36,self-compensating,-50,66,LT version; eff. weight code -2; return time 0.16 s at -50 C; side load 3 deg
ACE Main Catalog 2018 metric p.70,MC33-MC64 LT low temperature,MC4550-3-LT,48.5,740,112000,520,2090,,1-3/4-12 UNF / M45x1.5,45,195,1.36,self-compensating,-50,66,LT version; eff. weight code -3; return time 0.16 s at -50 C; side load 3 deg
ACE Main Catalog 2018 metric p.70,MC33-MC64 LT low temperature,MC4550-4-LT,48.5,740,112000,1800,7100,,1-3/4-12 UNF / M45x1.5,45,195,1.36,self-compensating,-50,66,LT version; eff. weight code -4; return time 0.16 s at -50 C; side load 3 deg
ACE Main Catalog 2018 metric p.70,MC33-MC64 LT low temperature,MC4575-0-LT,73.9,1130,146000,20,80,,1-3/4-12 UNF / M45x1.5,45,246,1.59,self-compensating,-50,66,LT version; eff. weight code -0; return time 0.24 s at -50 C; side load 2 deg
ACE Main Catalog 2018 metric p.70,MC33-MC64 LT low temperature,MC4575-1-LT,73.9,1130,146000,70,270,,1-3/4-12 UNF / M45x1.5,45,246,1.59,self-compensating,-50,66,LT version; eff. weight code -1; return time 0.24 s at -50 C; side load 2 deg
ACE Main Catalog 2018 metric p.70,MC33-MC64 LT low temperature,MC4575-2-LT,73.9,1130,146000,230,930,,1-3/4-12 UNF / M45x1.5,45,246,1.59,self-compensating,-50,66,LT version; eff. weight code -2; return time 0.24 s at -50 C; side load 2 deg
ACE Main Catalog 2018 metric p.70,MC33-MC64 LT low temperature,MC4575-3-LT,73.9,1130,146000,790,3140,,1-3/4-12 UNF / M45x1.5,45,246,1.59,self-compensating,-50,66,LT version; eff. weight code -3; return time 0.24 s at -50 C; side load 2 deg
ACE Main Catalog 2018 metric p.70,MC33-MC64 LT low temperature,MC4575-4-LT,73.9,1130,146000,2650,10600,,1-3/4-12 UNF / M45x1.5,45,246,1.59,self-compensating,-50,66,LT version; eff. weight code -4; return time 0.24 s at -50 C; side load 2 deg
ACE Main Catalog 2018 metric p.71,MC33-MC64 LT low temperature,MC6450-0-LT,48.6,1870,146000,35,140,,2-1/2-12 UNF / M64x2,64,225,2.90,self-compensating,-50,66,LT version; eff. weight code -0; return time 0.24 s at -50 C; side load 4 deg
ACE Main Catalog 2018 metric p.71,MC33-MC64 LT low temperature,MC6450-1-LT,48.6,1870,146000,140,540,,2-1/2-12 UNF / M64x2,64,225,2.90,self-compensating,-50,66,LT version; eff. weight code -1; return time 0.24 s at -50 C; side load 4 deg
ACE Main Catalog 2018 metric p.71,MC33-MC64 LT low temperature,MC6450-2-LT,48.6,1870,146000,460,1850,,2-1/2-12 UNF / M64x2,64,225,2.90,self-compensating,-50,66,LT version; eff. weight code -2; return time 0.24 s at -50 C; side load 4 deg
ACE Main Catalog 2018 metric p.71,MC33-MC64 LT low temperature,MC6450-3-LT,48.6,1870,146000,1600,6300,,2-1/2-12 UNF / M64x2,64,225,2.90,self-compensating,-50,66,LT version; eff. weight code -3; return time 0.24 s at -50 C; side load 4 deg
ACE Main Catalog 2018 metric p.71,MC33-MC64 LT low temperature,MC6450-4-LT,48.6,1870,146000,5300,21200,,2-1/2-12 UNF / M64x2,64,225,2.90,self-compensating,-50,66,LT version; eff. weight code -4; return time 0.24 s at -50 C; side load 4 deg
ACE Main Catalog 2018 metric p.71,MC33-MC64 LT low temperature,MC64100-0-LT,99.4,3730,192000,70,280,,2-1/2-12 UNF / M64x2,64,326,3.70,self-compensating,-50,66,LT version; eff. weight code -0; return time 0.68 s at -50 C; side load 3 deg
ACE Main Catalog 2018 metric p.71,MC33-MC64 LT low temperature,MC64100-1-LT,99.4,3730,192000,270,1100,,2-1/2-12 UNF / M64x2,64,326,3.70,self-compensating,-50,66,LT version; eff. weight code -1; return time 0.60 s at -50 C; side load 3 deg
ACE Main Catalog 2018 metric p.71,MC33-MC64 LT low temperature,MC64100-2-LT,99.4,3730,192000,930,3700,,2-1/2-12 UNF / M64x2,64,326,3.70,self-compensating,-50,66,LT version; eff. weight code -2; return time 0.68 s at -50 C; side load 3 deg
ACE Main Catalog 2018 metric p.71,MC33-MC64 LT low temperature,MC64100-3-LT,99.4,3730,192000,3150,12600,,2-1/2-12 UNF / M64x2,64,326,3.70,self-compensating,-50,66,LT version; eff. weight code -3; return time 0.68 s at -50 C; side load 3 deg
ACE Main Catalog 2018 metric p.71,MC33-MC64 LT low temperature,MC64100-4-LT,99.4,3730,192000,10600,42500,,2-1/2-12 UNF / M64x2,64,326,3.70,self-compensating,-50,66,LT version; eff. weight code -4; return time 0.68 s at -50 C; side load 3 deg
ACE Main Catalog 2018 metric p.71,MC33-MC64 LT low temperature,MC64150-0-LT,150,5650,248000,100,460,,2-1/2-12 UNF / M64x2,64,450,5.10,self-compensating,-50,66,LT version; eff. weight code -0; return time 0.96 s at -50 C; side load 2 deg
ACE Main Catalog 2018 metric p.71,MC33-MC64 LT low temperature,MC64150-1-LT,150,5650,248000,410,1640,,2-1/2-12 UNF / M64x2,64,450,5.10,self-compensating,-50,66,LT version; eff. weight code -1; return time 0.96 s at -50 C; side load 2 deg
ACE Main Catalog 2018 metric p.71,MC33-MC64 LT low temperature,MC64150-2-LT,150,5650,248000,1390,5600,,2-1/2-12 UNF / M64x2,64,450,5.10,self-compensating,-50,66,LT version; eff. weight code -2; return time 0.96 s at -50 C; side load 2 deg
ACE Main Catalog 2018 metric p.71,MC33-MC64 LT low temperature,MC64150-3-LT,150,5650,248000,4700,18800,,2-1/2-12 UNF / M64x2,64,450,5.10,self-compensating,-50,66,LT version; eff. weight code -3; return time 0.96 s at -50 C; side load 2 deg
ACE Main Catalog 2018 metric p.71,MC33-MC64 LT low temperature,MC64150-4-LT,150,5650,248000,16000,63700,,2-1/2-12 UNF / M64x2,64,450,5.10,self-compensating,-50,66,LT version; eff. weight code -4; return time 0.96 s at -50 C; side load 2 deg
ACE Main Catalog 2018 metric p.72-73,SC33-SC45 soft contact heavy eff. weight,SC3325-5,23.2,155,75000,1360,2721,,1-1/4-12 UNF / M33x1.5,33,178,0.68,"self-compensating (soft contact, low velocity)",-12,66,eff. weight code -5; return force 44-89 N; return time 0.75 s; side load 4 deg; impact velocity 0.02-0.46 m/s; length = A max
ACE Main Catalog 2018 metric p.72-73,SC33-SC45 soft contact heavy eff. weight,SC3325-6,23.2,155,75000,2500,5443,,1-1/4-12 UNF / M33x1.5,33,178,0.68,"self-compensating (soft contact, low velocity)",-12,66,eff. weight code -6; return force 44-89 N; return time 0.75 s; side load 4 deg; impact velocity 0.02-0.46 m/s; length = A max
ACE Main Catalog 2018 metric p.72-73,SC33-SC45 soft contact heavy eff. weight,SC3325-7,23.2,155,75000,4989,8935,,1-1/4-12 UNF / M33x1.5,33,178,0.68,"self-compensating (soft contact, low velocity)",-12,66,eff. weight code -7; return force 44-89 N; return time 0.75 s; side load 4 deg; impact velocity 0.02-0.46 m/s; length = A max
ACE Main Catalog 2018 metric p.72-73,SC33-SC45 soft contact heavy eff. weight,SC3325-8,23.2,155,75000,8618,13607,,1-1/4-12 UNF / M33x1.5,33,178,0.68,"self-compensating (soft contact, low velocity)",-12,66,eff. weight code -8; return force 44-89 N; return time 0.75 s; side load 4 deg; impact velocity 0.02-0.46 m/s; length = A max
ACE Main Catalog 2018 metric p.72-73,SC33-SC45 soft contact heavy eff. weight,SC3350-5,48.6,310,85000,2721,4990,,1-1/4-12 UNF / M33x1.5,33,254,0.92,"self-compensating (soft contact, low velocity)",-12,66,eff. weight code -5; return force 51-125 N; return time 0.90 s; side load 3 deg; impact velocity 0.02-0.46 m/s; length = A max
ACE Main Catalog 2018 metric p.72-73,SC33-SC45 soft contact heavy eff. weight,SC3350-6,48.6,310,85000,4536,9980,,1-1/4-12 UNF / M33x1.5,33,254,0.92,"self-compensating (soft contact, low velocity)",-12,66,eff. weight code -6; return force 51-125 N; return time 0.90 s; side load 3 deg; impact velocity 0.02-0.46 m/s; length = A max
ACE Main Catalog 2018 metric p.74,SC33-SC45 soft contact heavy eff. weight,SC4525-5,23.1,340,107000,3400,6800,,1-3/4-12 UNF / M45x1.5,45,189,1.43,"self-compensating (soft contact, low velocity)",-12,66,eff. weight code -5; return force 67-104 N; return time 0.8 s; side load 4 deg; impact velocity 0.02-0.46 m/s; length = A max
ACE Main Catalog 2018 metric p.74,SC33-SC45 soft contact heavy eff. weight,SC4525-6,23.1,340,107000,6350,13600,,1-3/4-12 UNF / M45x1.5,45,189,1.43,"self-compensating (soft contact, low velocity)",-12,66,eff. weight code -6; return force 67-104 N; return time 0.8 s; side load 4 deg; impact velocity 0.02-0.46 m/s; length = A max
ACE Main Catalog 2018 metric p.74,SC33-SC45 soft contact heavy eff. weight,SC4525-7,23.1,340,107000,12700,22679,,1-3/4-12 UNF / M45x1.5,45,189,1.43,"self-compensating (soft contact, low velocity)",-12,66,eff. weight code -7; return force 67-104 N; return time 0.8 s; side load 4 deg; impact velocity 0.02-0.46 m/s; length = A max
ACE Main Catalog 2018 metric p.74,SC33-SC45 soft contact heavy eff. weight,SC4525-8,23.1,340,107000,20411,39000,,1-3/4-12 UNF / M45x1.5,45,189,1.43,"self-compensating (soft contact, low velocity)",-12,66,eff. weight code -8; return force 67-104 N; return time 0.8 s; side load 4 deg; impact velocity 0.02-0.46 m/s; length = A max
ACE Main Catalog 2018 metric p.74,SC33-SC45 soft contact heavy eff. weight,SC4550-5,48.5,680,112000,6800,12246,,1-3/4-12 UNF / M45x1.5,45,265,1.90,"self-compensating (soft contact, low velocity)",-12,66,eff. weight code -5; return force 47-242 N; return time 1.0 s; side load 3 deg; impact velocity 0.02-0.46 m/s; length = A max
ACE Main Catalog 2018 metric p.74,SC33-SC45 soft contact heavy eff. weight,SC4550-6,48.5,680,112000,11790,26988,,1-3/4-12 UNF / M45x1.5,45,265,1.90,"self-compensating (soft contact, low velocity)",-12,66,eff. weight code -6; return force 47-242 N; return time 1.0 s; side load 3 deg; impact velocity 0.02-0.46 m/s; length = A max
ACE Main Catalog 2018 metric p.74,SC33-SC45 soft contact heavy eff. weight,SC4550-7,48.5,680,112000,25854,44225,,1-3/4-12 UNF / M45x1.5,45,265,1.90,"self-compensating (soft contact, low velocity)",-12,66,eff. weight code -7; return force 47-242 N; return time 1.0 s; side load 3 deg; impact velocity 0.02-0.46 m/s; length = A max
ACE Main Catalog 2018 metric p.76-77,MA/ML33-MA/ML64 adjustable,MA3325,23.2,170,75000,9,1700,,1-1/4-12 UNF / M33x1.5,33,138,0.45,adjustable,-12,66,"MA adjustable; E4 with air/oil tank 124000 Nm/h; E4 with oil recirculation 169000 Nm/h; return force 45-90 N; return time 0.03 s; side load 4 deg; impact velocity MA 0.15-5 m/s, ML 0.02-0.46 m/s; length = A max"
ACE Main Catalog 2018 metric p.76-77,MA/ML33-MA/ML64 adjustable,ML3325,23.2,170,75000,300,50000,,1-1/4-12 UNF / M33x1.5,33,138,0.45,adjustable,-12,66,"ML low-velocity adjustable; E4 with air/oil tank 124000 Nm/h; E4 with oil recirculation 169000 Nm/h; return force 45-90 N; return time 0.03 s; side load 4 deg; impact velocity MA 0.15-5 m/s, ML 0.02-0.46 m/s; length = A max"
ACE Main Catalog 2018 metric p.76-77,MA/ML33-MA/ML64 adjustable,MA3350,48.6,340,85000,13,2500,,1-1/4-12 UNF / M33x1.5,33,189,0.54,adjustable,-12,66,"MA adjustable; E4 with air/oil tank 135000 Nm/h; E4 with oil recirculation 180000 Nm/h; return force 45-135 N; return time 0.06 s; side load 3 deg; impact velocity MA 0.15-5 m/s, ML 0.02-0.46 m/s; length = A max"
ACE Main Catalog 2018 metric p.76-77,MA/ML33-MA/ML64 adjustable,ML3350,48.6,340,85000,500,80000,,1-1/4-12 UNF / M33x1.5,33,189,0.54,adjustable,-12,66,"ML low-velocity adjustable; E4 with air/oil tank 135000 Nm/h; E4 with oil recirculation 180000 Nm/h; return force 45-135 N; return time 0.06 s; side load 3 deg; impact velocity MA 0.15-5 m/s, ML 0.02-0.46 m/s; length = A max"
ACE Main Catalog 2018 metric p.78,MA/ML33-MA/ML64 adjustable,MA4525,23.1,425,107000,40,10000,,1-3/4-12 UNF / M45x1.5,45,145,1.13,adjustable,-12,66,"MA adjustable; E4 with air/oil tank 158000 Nm/h; E4 with oil recirculation 192000 Nm/h; return force 70-100 N; return time 0.03 s; side load 4 deg; impact velocity MA 0.15-5 m/s, ML 0.02-0.46 m/s; length = A max"
ACE Main Catalog 2018 metric p.78,MA/ML33-MA/ML64 adjustable,ML4525,23.1,425,107000,3000,110000,,1-3/4-12 UNF / M45x1.5,45,145,1.13,adjustable,-12,66,"ML low-velocity adjustable; E4 with air/oil tank 158000 Nm/h; E4 with oil recirculation 192000 Nm/h; return force 70-100 N; return time 0.03 s; side load 4 deg; impact velocity MA 0.15-5 m/s, ML 0.02-0.46 m/s; length = A max"
ACE Main Catalog 2018 metric p.78,MA/ML33-MA/ML64 adjustable,MA4550,48.5,850,112000,70,14500,,1-3/4-12 UNF / M45x1.5,45,195,1.36,adjustable,-12,66,"MA adjustable; E4 with air/oil tank 192000 Nm/h; E4 with oil recirculation 248000 Nm/h; return force 70-145 N; return time 0.08 s; side load 3 deg; impact velocity MA 0.15-5 m/s, ML 0.02-0.46 m/s; length = A max"
ACE Main Catalog 2018 metric p.78,MA/ML33-MA/ML64 adjustable,ML4550,48.5,850,112000,5000,180000,,1-3/4-12 UNF / M45x1.5,45,195,1.36,adjustable,-12,66,"ML low-velocity adjustable; E4 with air/oil tank 192000 Nm/h; E4 with oil recirculation 248000 Nm/h; return force 70-145 N; return time 0.08 s; side load 3 deg; impact velocity MA 0.15-5 m/s, ML 0.02-0.46 m/s; length = A max"
ACE Main Catalog 2018 metric p.78,MA/ML33-MA/ML64 adjustable,MA4575,73.9,1300,146000,70,15000,,1-3/4-12 UNF / M45x1.5,45,246,1.59,adjustable,-12,66,"MA adjustable; E4 with air/oil tank 225000 Nm/h; E4 with oil recirculation 282000 Nm/h; return force 50-180 N; return time 0.11 s; side load 2 deg; impact velocity MA 0.15-5 m/s, ML 0.02-0.46 m/s; length = A max"
ACE Main Catalog 2018 metric p.79,MA/ML33-MA/ML64 adjustable,ML6425,23.2,1135,124000,7000,300000,,2-1/2-12 UNF / M64x2,64,174,2.50,adjustable,-12,66,"ML low-velocity adjustable; E4 with air/oil tank 248000 Nm/h; E4 with oil recirculation 332000 Nm/h; return force 120-155 N; return time 0.06 s; side load 5 deg; impact velocity MA 0.15-5 m/s, ML 0.02-0.46 m/s; length = A max"
ACE Main Catalog 2018 metric p.79,MA/ML33-MA/ML64 adjustable,MA6450,48.6,2275,146000,220,50000,,2-1/2-12 UNF / M64x2,64,225,2.90,adjustable,-12,66,"MA adjustable; E4 with air/oil tank 293000 Nm/h; E4 with oil recirculation 384000 Nm/h; return force 90-155 N; return time 0.12 s; side load 4 deg; impact velocity MA 0.15-5 m/s, ML 0.02-0.46 m/s; length = A max"
ACE Main Catalog 2018 metric p.79,MA/ML33-MA/ML64 adjustable,ML6450,48.6,2275,146000,11000,500000,,2-1/2-12 UNF / M64x2,64,225,2.90,adjustable,-12,66,"ML low-velocity adjustable; E4 with air/oil tank 293000 Nm/h; E4 with oil recirculation 384000 Nm/h; return force 90-155 N; return time 0.12 s; side load 4 deg; impact velocity MA 0.15-5 m/s, ML 0.02-0.46 m/s; length = A max"
ACE Main Catalog 2018 metric p.79,MA/ML33-MA/ML64 adjustable,MA64100,99.4,4520,192000,270,52000,,2-1/2-12 UNF / M64x2,64,326,3.70,adjustable,-12,66,"MA adjustable; E4 with air/oil tank 384000 Nm/h; E4 with oil recirculation 497000 Nm/h; return force 105-270 N; return time 0.34 s; side load 3 deg; impact velocity MA 0.15-5 m/s, ML 0.02-0.46 m/s; length = A max"
ACE Main Catalog 2018 metric p.79,MA/ML33-MA/ML64 adjustable,MA64150,150,6780,248000,330,80000,,2-1/2-12 UNF / M64x2,64,450,5.10,adjustable,-12,66,"MA adjustable; E4 with air/oil tank 497000 Nm/h; E4 with oil recirculation 644000 Nm/h; return force 75-365 N; return time 0.48 s; side load 2 deg; impact velocity MA 0.15-5 m/s, ML 0.02-0.46 m/s; length = A max"
ACE Main Catalog 2018 metric p.80-81,SASL 1 1/8 adjustable low velocity,SASL11/8X1-R,23,900,142000,318,320000,,"1-1/8 (rear flange, built-in square mount)",,175,3.67,adjustable,-12,66,E4 with air/oil tank 282000 Nm/h; impact velocity 0.08-0.61 m/s; length = A max; L2 = 100 mm
ACE Main Catalog 2018 metric p.80-81,SASL 1 1/8 adjustable low velocity,SASL11/8X2-R,48.5,1800,170000,385.5,590000,,"1-1/8 (rear flange, built-in square mount)",,225,4.17,adjustable,-12,66,E4 with air/oil tank 340000 Nm/h; impact velocity 0.08-0.61 m/s; length = A max; L2 = 124 mm
ACE Main Catalog 2018 metric p.82-83,SALD 1/2-1 1/8 adjustable,SALD1/2X1-P,23.2,153,85000,4.5,1225,,1/2 inch body,,138,0.68,adjustable,-12,66,E4 with air/oil tank 147000 Nm/h; external positive stop; impact velocity 0.3-4.6 m/s; length = A max; L2 = 82 mm
ACE Main Catalog 2018 metric p.82-83,SALD 1/2-1 1/8 adjustable,SALD1/2X2-P,48.5,305,98000,9.5,2585,,1/2 inch body,,189,0.83,adjustable,-12,66,E4 with air/oil tank 158000 Nm/h; external positive stop; impact velocity 0.3-4.6 m/s; length = A max; L2 = 102 mm
ACE Main Catalog 2018 metric p.84,SALD 1/2-1 1/8 adjustable,SALD3/4X1-P,23.2,340,124000,9,8100,,3/4 inch body,,151,1.47,adjustable,-12,66,E4 with air/oil tank 181000 Nm/h; external positive stop; impact velocity 0.3-4.6 m/s; length = A max; L2 = 101 mm
ACE Main Catalog 2018 metric p.84,SALD 1/2-1 1/8 adjustable,SALD3/4X2-P,48.5,680,147000,15.9,14500,,3/4 inch body,,202,1.81,adjustable,-12,66,E4 with air/oil tank 225000 Nm/h; external positive stop; impact velocity 0.3-4.6 m/s; length = A max; L2 = 126 mm
ACE Main Catalog 2018 metric p.84,SALD 1/2-1 1/8 adjustable,SALD3/4X3-P,74,1000,181000,22.7,21000,,3/4 inch body,,252,2.24,adjustable,-12,66,"E4 with air/oil tank 2700000 Nm/h; external positive stop; impact velocity 0.3-4.6 m/s; length = A max; L2 = 152 mm; NOTE: catalogue text shows E4 with tank as 2,700,000 which is inconsistent with neighbours (likely 270,000) - verify"
ACE Main Catalog 2018 metric p.85,SALD 1/2-1 1/8 adjustable,SALD11/8X2-P,48.5,1800,170000,54,22700,,11/8 inch body,,226,3.97,adjustable,-12,66,E4 with air/oil tank 340000 Nm/h; external positive stop; impact velocity 0.3-4.6 m/s; length = A max; L2 = 140 mm
ACE Main Catalog 2018 metric p.85,SALD 1/2-1 1/8 adjustable,SALD11/8X4-P,99,3600,225000,72.5,45000,,11/8 inch body,,327,5.22,adjustable,-12,66,E4 with air/oil tank 452000 Nm/h; external positive stop; impact velocity 0.3-4.6 m/s; length = A max; L2 = 190 mm
ACE Main Catalog 2018 metric p.85,SALD 1/2-1 1/8 adjustable,SALD11/8X6-P,150,5400,280000,91,68000,,11/8 inch body,,451,7.04,adjustable,-12,66,E4 with air/oil tank 565000 Nm/h; external positive stop; impact velocity 0.3-4.6 m/s; length = A max; L2 = 241 mm
ACE Main Catalog 2018 metric p.86-87,SALDN 3/4 adjustable rear-adjust,SALDN3/4X1-RF,25,390,107000,45,10000,,"3/4 inch body, RF front flange / RR rear flange",,145,1.13,adjustable,-12,66,E4 with air/oil tank 158000 Nm/h; return force 7-10 N; return time 0.03 s; side load 4 deg; impact velocity 0.1-5 m/s; length = A max; L2 = 82 mm
ACE Main Catalog 2018 metric p.86-87,SALDN 3/4 adjustable rear-adjust,SALDN3/4X2-RF,50,780,113000,72.6,14500,,"3/4 inch body, RF front flange / RR rear flange",,195,1.37,adjustable,-12,66,E4 with air/oil tank 190000 Nm/h; return force 7-14.5 N; return time 0.08 s; side load 3 deg; impact velocity 0.1-5 m/s; length = A max; L2 = 107 mm
ACE Main Catalog 2018 metric p.86-87,SALDN 3/4 adjustable rear-adjust,SALDN3/4X3-RF,75,1200,147000,115,15000,,"3/4 inch body, RF front flange / RR rear flange",,246,1.59,adjustable,-12,66,E4 with air/oil tank 226000 Nm/h; return force 5-18.25 N; return time 0.11 s; side load 2 deg; impact velocity 0.1-5 m/s; length = A max; L2 = 133 mm
ACE Main Catalog 2018 metric p.88,SALDN 3/4 adjustable rear-adjust,SALDN3/4X1-RR,25,390,107000,43,10000,,"3/4 inch body, RF front flange / RR rear flange",,145,1.13,adjustable,-12,66,E4 with air/oil tank 158000 Nm/h; return force 7-10 N; return time 0.03 s; side load 4 deg; impact velocity 0.1-5 m/s; length = A max; L2 = 82 mm
ACE Main Catalog 2018 metric p.88,SALDN 3/4 adjustable rear-adjust,SALDN3/4X2-RR,50,780,113000,72.6,14500,,"3/4 inch body, RF front flange / RR rear flange",,195,1.37,adjustable,-12,66,E4 with air/oil tank 190000 Nm/h; return force 7-14.5 N; return time 0.08 s; side load 3 deg; impact velocity 0.1-5 m/s; length = A max; L2 = 107 mm
ACE Main Catalog 2018 metric p.88,SALDN 3/4 adjustable rear-adjust,SALDN3/4X3-RR,75,1200,147000,115,15000,,"3/4 inch body, RF front flange / RR rear flange",,246,1.59,adjustable,-12,66,E4 with air/oil tank 226000 Nm/h; return force 5-18.25 N; return time 0.11 s; side load 2 deg; impact velocity 0.1-5 m/s; length = A max; L2 = 133 mm
ACE Main Catalog 2018 metric p.102-103,CA2-CA4 heavy duty self-compensating,CA2X2-1,50,3600,1100000,700,2200,,,,313,12.8,self-compensating,-12,66,heavy duty self-compensating; eff. weight code -1; E4 with air/oil tank 1350000 Nm/h; return force 210-285 N; return time 0.25 s; side load 3 deg; impact velocity 0.3-5 m/s; length = A max; bore size 2 inch
ACE Main Catalog 2018 metric p.102-103,CA2-CA4 heavy duty self-compensating,CA2X2-2,50,3600,1100000,1800,5400,,,,313,12.8,self-compensating,-12,66,heavy duty self-compensating; eff. weight code -2; E4 with air/oil tank 1350000 Nm/h; return force 210-285 N; return time 0.25 s; side load 3 deg; impact velocity 0.3-5 m/s; length = A max; bore size 2 inch
ACE Main Catalog 2018 metric p.102-103,CA2-CA4 heavy duty self-compensating,CA2X2-3,50,3600,1100000,4500,13600,,,,313,12.8,self-compensating,-12,66,heavy duty self-compensating; eff. weight code -3; E4 with air/oil tank 1350000 Nm/h; return force 210-285 N; return time 0.25 s; side load 3 deg; impact velocity 0.3-5 m/s; length = A max; bore size 2 inch
ACE Main Catalog 2018 metric p.102-103,CA2-CA4 heavy duty self-compensating,CA2X2-4,50,3600,1100000,11300,34000,,,,313,12.8,self-compensating,-12,66,heavy duty self-compensating; eff. weight code -4; E4 with air/oil tank 1350000 Nm/h; return force 210-285 N; return time 0.25 s; side load 3 deg; impact velocity 0.3-5 m/s; length = A max; bore size 2 inch
ACE Main Catalog 2018 metric p.102-103,CA2-CA4 heavy duty self-compensating,CA2X4-1,102,7200,1350000,1400,4400,,,,414,14.8,self-compensating,-12,66,heavy duty self-compensating; eff. weight code -1; E4 with air/oil tank 1700000 Nm/h; return force 150-285 N; return time 0.50 s; side load 3 deg; impact velocity 0.3-5 m/s; length = A max; bore size 2 inch
ACE Main Catalog 2018 metric p.102-103,CA2-CA4 heavy duty self-compensating,CA2X4-2,102,7200,1350000,3600,11000,,,,414,14.8,self-compensating,-12,66,heavy duty self-compensating; eff. weight code -2; E4 with air/oil tank 1700000 Nm/h; return force 150-285 N; return time 0.50 s; side load 3 deg; impact velocity 0.3-5 m/s; length = A max; bore size 2 inch
ACE Main Catalog 2018 metric p.102-103,CA2-CA4 heavy duty self-compensating,CA2X4-3,102,7200,1350000,9100,27200,,,,414,14.8,self-compensating,-12,66,heavy duty self-compensating; eff. weight code -3; E4 with air/oil tank 1700000 Nm/h; return force 150-285 N; return time 0.50 s; side load 3 deg; impact velocity 0.3-5 m/s; length = A max; bore size 2 inch
ACE Main Catalog 2018 metric p.102-103,CA2-CA4 heavy duty self-compensating,CA2X4-4,102,7200,1350000,22600,68000,,,,414,14.8,self-compensating,-12,66,heavy duty self-compensating; eff. weight code -4; E4 with air/oil tank 1700000 Nm/h; return force 150-285 N; return time 0.50 s; side load 3 deg; impact velocity 0.3-5 m/s; length = A max; bore size 2 inch
ACE Main Catalog 2018 metric p.102-103,CA2-CA4 heavy duty self-compensating,CA2X6-1,152,10800,1600000,2200,6500,,,,516,16.9,self-compensating,-12,66,heavy duty self-compensating; eff. weight code -1; E4 with air/oil tank 2000000 Nm/h; return force 150-400 N; return time 0.60 s; side load 3 deg; impact velocity 0.3-5 m/s; length = A max; bore size 2 inch
ACE Main Catalog 2018 metric p.102-103,CA2-CA4 heavy duty self-compensating,CA2X6-2,152,10800,1600000,5400,16300,,,,516,16.9,self-compensating,-12,66,heavy duty self-compensating; eff. weight code -2; E4 with air/oil tank 2000000 Nm/h; return force 150-400 N; return time 0.60 s; side load 3 deg; impact velocity 0.3-5 m/s; length = A max; bore size 2 inch
ACE Main Catalog 2018 metric p.102-103,CA2-CA4 heavy duty self-compensating,CA2X6-3,152,10800,1600000,13600,40800,,,,516,16.9,self-compensating,-12,66,heavy duty self-compensating; eff. weight code -3; E4 with air/oil tank 2000000 Nm/h; return force 150-400 N; return time 0.60 s; side load 3 deg; impact velocity 0.3-5 m/s; length = A max; bore size 2 inch
ACE Main Catalog 2018 metric p.102-103,CA2-CA4 heavy duty self-compensating,CA2X6-4,152,10800,1600000,34000,102000,,,,516,16.9,self-compensating,-12,66,heavy duty self-compensating; eff. weight code -4; E4 with air/oil tank 2000000 Nm/h; return force 150-400 N; return time 0.60 s; side load 3 deg; impact velocity 0.3-5 m/s; length = A max; bore size 2 inch
ACE Main Catalog 2018 metric p.102-103,CA2-CA4 heavy duty self-compensating,CA2X8-1,203,14500,1900000,2900,8700,,,,643,19.3,self-compensating,-12,66,heavy duty self-compensating; eff. weight code -1; E4 with air/oil tank 2400000 Nm/h; return force 230-650 N; return time 0.70 s; side load 3 deg; impact velocity 0.3-5 m/s; length = A max; bore size 2 inch
ACE Main Catalog 2018 metric p.102-103,CA2-CA4 heavy duty self-compensating,CA2X8-2,203,14500,1900000,7200,21700,,,,643,19.3,self-compensating,-12,66,heavy duty self-compensating; eff. weight code -2; E4 with air/oil tank 2400000 Nm/h; return force 230-650 N; return time 0.70 s; side load 3 deg; impact velocity 0.3-5 m/s; length = A max; bore size 2 inch
ACE Main Catalog 2018 metric p.102-103,CA2-CA4 heavy duty self-compensating,CA2X8-3,203,14500,1900000,18100,54400,,,,643,19.3,self-compensating,-12,66,heavy duty self-compensating; eff. weight code -3; E4 with air/oil tank 2400000 Nm/h; return force 230-650 N; return time 0.70 s; side load 3 deg; impact velocity 0.3-5 m/s; length = A max; bore size 2 inch
ACE Main Catalog 2018 metric p.102-103,CA2-CA4 heavy duty self-compensating,CA2X8-4,203,14500,1900000,45300,136000,,,,643,19.3,self-compensating,-12,66,heavy duty self-compensating; eff. weight code -4; E4 with air/oil tank 2400000 Nm/h; return force 230-650 N; return time 0.70 s; side load 3 deg; impact velocity 0.3-5 m/s; length = A max; bore size 2 inch
ACE Main Catalog 2018 metric p.102-103,CA2-CA4 heavy duty self-compensating,CA2X10-1,254,18000,2200000,3600,11000,,,,745,22.8,self-compensating,-12,66,heavy duty self-compensating; eff. weight code -1; E4 with air/oil tank 2700000 Nm/h; return force 160-460 N; return time 0.80 s; side load 3 deg; impact velocity 0.3-5 m/s; length = A max; bore size 2 inch
ACE Main Catalog 2018 metric p.102-103,CA2-CA4 heavy duty self-compensating,CA2X10-2,254,18000,2200000,9100,27200,,,,745,22.8,self-compensating,-12,66,heavy duty self-compensating; eff. weight code -2; E4 with air/oil tank 2700000 Nm/h; return force 160-460 N; return time 0.80 s; side load 3 deg; impact velocity 0.3-5 m/s; length = A max; bore size 2 inch
ACE Main Catalog 2018 metric p.102-103,CA2-CA4 heavy duty self-compensating,CA2X10-3,254,18000,2200000,22600,68000,,,,745,22.8,self-compensating,-12,66,heavy duty self-compensating; eff. weight code -3; E4 with air/oil tank 2700000 Nm/h; return force 160-460 N; return time 0.80 s; side load 3 deg; impact velocity 0.3-5 m/s; length = A max; bore size 2 inch
ACE Main Catalog 2018 metric p.102-103,CA2-CA4 heavy duty self-compensating,CA2X10-4,254,18000,2200000,56600,170000,,,,745,22.8,self-compensating,-12,66,heavy duty self-compensating; eff. weight code -4; E4 with air/oil tank 2700000 Nm/h; return force 160-460 N; return time 0.80 s; side load 3 deg; impact velocity 0.3-5 m/s; length = A max; bore size 2 inch
ACE Main Catalog 2018 metric p.104,CA2-CA4 heavy duty self-compensating,CA3X5-1,127,14125,2260000,2900,8700,,,,490.5,28.9,self-compensating,-12,66,heavy duty self-compensating; eff. weight code -1; E4 with air/oil tank 2800000 Nm/h; return force 270-710 N; return time 0.6 s; side load 3 deg; impact velocity 0.3-5 m/s; length = A max; bore size 3 inch
ACE Main Catalog 2018 metric p.104,CA2-CA4 heavy duty self-compensating,CA3X5-2,127,14125,2260000,7250,21700,,,,490.5,28.9,self-compensating,-12,66,heavy duty self-compensating; eff. weight code -2; E4 with air/oil tank 2800000 Nm/h; return force 270-710 N; return time 0.6 s; side load 3 deg; impact velocity 0.3-5 m/s; length = A max; bore size 3 inch
ACE Main Catalog 2018 metric p.104,CA2-CA4 heavy duty self-compensating,CA3X5-3,127,14125,2260000,18100,54350,,,,490.5,28.9,self-compensating,-12,66,heavy duty self-compensating; eff. weight code -3; E4 with air/oil tank 2800000 Nm/h; return force 270-710 N; return time 0.6 s; side load 3 deg; impact velocity 0.3-5 m/s; length = A max; bore size 3 inch
ACE Main Catalog 2018 metric p.104,CA2-CA4 heavy duty self-compensating,CA3X5-4,127,14125,2260000,45300,135900,,,,490.5,28.9,self-compensating,-12,66,heavy duty self-compensating; eff. weight code -4; E4 with air/oil tank 2800000 Nm/h; return force 270-710 N; return time 0.6 s; side load 3 deg; impact velocity 0.3-5 m/s; length = A max; bore size 3 inch
ACE Main Catalog 2018 metric p.104,CA2-CA4 heavy duty self-compensating,CA3X8-1,203,22600,3600000,4650,13900,,,,641,33.4,self-compensating,-12,66,heavy duty self-compensating; eff. weight code -1; E4 with air/oil tank 4520000 Nm/h; return force 280-740 N; return time 0.8 s; side load 3 deg; impact velocity 0.3-5 m/s; length = A max; bore size 3 inch
ACE Main Catalog 2018 metric p.104,CA2-CA4 heavy duty self-compensating,CA3X8-2,203,22600,3600000,11600,34800,,,,641,33.4,self-compensating,-12,66,heavy duty self-compensating; eff. weight code -2; E4 with air/oil tank 4520000 Nm/h; return force 280-740 N; return time 0.8 s; side load 3 deg; impact velocity 0.3-5 m/s; length = A max; bore size 3 inch
ACE Main Catalog 2018 metric p.104,CA2-CA4 heavy duty self-compensating,CA3X8-3,203,22600,3600000,29000,87000,,,,641,33.4,self-compensating,-12,66,heavy duty self-compensating; eff. weight code -3; E4 with air/oil tank 4520000 Nm/h; return force 280-740 N; return time 0.8 s; side load 3 deg; impact velocity 0.3-5 m/s; length = A max; bore size 3 inch
ACE Main Catalog 2018 metric p.104,CA2-CA4 heavy duty self-compensating,CA3X8-4,203,22600,3600000,72500,217000,,,,641,33.4,self-compensating,-12,66,heavy duty self-compensating; eff. weight code -4; E4 with air/oil tank 4520000 Nm/h; return force 280-740 N; return time 0.8 s; side load 3 deg; impact velocity 0.3-5 m/s; length = A max; bore size 3 inch
ACE Main Catalog 2018 metric p.104,CA2-CA4 heavy duty self-compensating,CA3X12-1,305,33900,5400000,6950,20900,,,,890,40.6,self-compensating,-12,66,heavy duty self-compensating; eff. weight code -1; E4 with air/oil tank 6780000 Nm/h; return force 270-730 N; return time 1.2 s; side load 3 deg; impact velocity 0.3-5 m/s; length = A max; bore size 3 inch
ACE Main Catalog 2018 metric p.104,CA2-CA4 heavy duty self-compensating,CA3X12-2,305,33900,5400000,17400,52200,,,,890,40.6,self-compensating,-12,66,heavy duty self-compensating; eff. weight code -2; E4 with air/oil tank 6780000 Nm/h; return force 270-730 N; return time 1.2 s; side load 3 deg; impact velocity 0.3-5 m/s; length = A max; bore size 3 inch
ACE Main Catalog 2018 metric p.104,CA2-CA4 heavy duty self-compensating,CA3X12-3,305,33900,5400000,43500,130450,,,,890,40.6,self-compensating,-12,66,heavy duty self-compensating; eff. weight code -3; E4 with air/oil tank 6780000 Nm/h; return force 270-730 N; return time 1.2 s; side load 3 deg; impact velocity 0.3-5 m/s; length = A max; bore size 3 inch
ACE Main Catalog 2018 metric p.104,CA2-CA4 heavy duty self-compensating,CA3X12-4,305,33900,5400000,108700,326000,,,,890,40.6,self-compensating,-12,66,heavy duty self-compensating; eff. weight code -4; E4 with air/oil tank 6780000 Nm/h; return force 270-730 N; return time 1.2 s; side load 3 deg; impact velocity 0.3-5 m/s; length = A max; bore size 3 inch
ACE Main Catalog 2018 metric p.105,CA2-CA4 heavy duty self-compensating,CA4X6-3,152,47500,3000000,3500,8600,,,,716,60.0,self-compensating,-12,66,"heavy duty self-compensating; eff. weight code -3; E4 with air/oil tank 5100000 Nm/h; E4 with oil recirculation 6600000 Nm/h; return force 480-1,000 N; return time 1.8; impact velocity 0.3-5 m/s; length = A max; bore 4 inch"
ACE Main Catalog 2018 metric p.105,CA2-CA4 heavy duty self-compensating,CA4X6-5,152,47500,3000000,8600,18600,,,,716,60.0,self-compensating,-12,66,"heavy duty self-compensating; eff. weight code -5; E4 with air/oil tank 5100000 Nm/h; E4 with oil recirculation 6600000 Nm/h; return force 480-1,000 N; return time 1.8; impact velocity 0.3-5 m/s; length = A max; bore 4 inch"
ACE Main Catalog 2018 metric p.105,CA2-CA4 heavy duty self-compensating,CA4X6-7,152,47500,3000000,18600,42700,,,,716,60.0,self-compensating,-12,66,"heavy duty self-compensating; eff. weight code -7; E4 with air/oil tank 5100000 Nm/h; E4 with oil recirculation 6600000 Nm/h; return force 480-1,000 N; return time 1.8; impact velocity 0.3-5 m/s; length = A max; bore 4 inch"
ACE Main Catalog 2018 metric p.105,CA2-CA4 heavy duty self-compensating,CA4X8-3,203,63300,3400000,5000,11400,,,,818,68.0,self-compensating,-12,66,"heavy duty self-compensating; eff. weight code -3; E4 with air/oil tank 5600000 Nm/h; E4 with oil recirculation 7300000 Nm/h; return force 310-1,000 N; return time 2.3; impact velocity 0.3-5 m/s; length = A max; bore 4 inch"
ACE Main Catalog 2018 metric p.105,CA2-CA4 heavy duty self-compensating,CA4X8-5,203,63300,3400000,11400,25000,,,,818,68.0,self-compensating,-12,66,"heavy duty self-compensating; eff. weight code -5; E4 with air/oil tank 5600000 Nm/h; E4 with oil recirculation 7300000 Nm/h; return force 310-1,000 N; return time 2.3; impact velocity 0.3-5 m/s; length = A max; bore 4 inch"
ACE Main Catalog 2018 metric p.105,CA2-CA4 heavy duty self-compensating,CA4X8-7,203,63300,3400000,25000,57000,,,,818,68.0,self-compensating,-12,66,"heavy duty self-compensating; eff. weight code -7; E4 with air/oil tank 5600000 Nm/h; E4 with oil recirculation 7300000 Nm/h; return force 310-1,000 N; return time 2.3; impact velocity 0.3-5 m/s; length = A max; bore 4 inch"
ACE Main Catalog 2018 metric p.105,CA2-CA4 heavy duty self-compensating,CA4X16-3,406,126500,5600000,10000,23000,,,,1300,146.0,self-compensating,-12,66,"heavy duty self-compensating; eff. weight code -3; E4 with air/oil tank 9600000 Nm/h; E4 with oil recirculation 12400000 Nm/h; return force 310-1,000 N; return time on request; impact velocity 0.3-5 m/s; length = A max; bore 4 inch"
ACE Main Catalog 2018 metric p.105,CA2-CA4 heavy duty self-compensating,CA4X16-5,406,126500,5600000,23000,50000,,,,1300,146.0,self-compensating,-12,66,"heavy duty self-compensating; eff. weight code -5; E4 with air/oil tank 9600000 Nm/h; E4 with oil recirculation 12400000 Nm/h; return force 310-1,000 N; return time on request; impact velocity 0.3-5 m/s; length = A max; bore 4 inch"
ACE Main Catalog 2018 metric p.105,CA2-CA4 heavy duty self-compensating,CA4X16-7,406,126500,5600000,50000,115000,,,,1300,146.0,self-compensating,-12,66,"heavy duty self-compensating; eff. weight code -7; E4 with air/oil tank 9600000 Nm/h; E4 with oil recirculation 12400000 Nm/h; return force 310-1,000 N; return time on request; impact velocity 0.3-5 m/s; length = A max; bore 4 inch"
ACE Main Catalog 2018 metric p.106-107,A1 1/2-A3 heavy industrial adjustable,A11/2X2,50,2350,362000,195,32000,,,,328.6,7.6,adjustable,-12,66,heavy industrial adjustable; E4 with air/oil tank 452000 Nm/h; return force 160-210 N; return time 0.10 s; side load 5 deg; impact velocity 0.1-5 m/s; length = A max (L max for A1 1/2)
ACE Main Catalog 2018 metric p.106-107,A1 1/2-A3 heavy industrial adjustable,A11/2X31/2,89,4150,633000,218,36000,,,,405.6,8.9,adjustable,-12,66,heavy industrial adjustable; E4 with air/oil tank 791000 Nm/h; return force 110-210 N; return time 0.25 s; side load 4 deg; impact velocity 0.1-5 m/s; length = A max (L max for A1 1/2)
ACE Main Catalog 2018 metric p.106-107,A1 1/2-A3 heavy industrial adjustable,A11/2X5,127,5900,904000,227,41000,,,,481.8,9.4,adjustable,-12,66,heavy industrial adjustable; E4 with air/oil tank 1130000 Nm/h; return force 90-230 N; return time 0.40 s; side load 3 deg; impact velocity 0.1-5 m/s; length = A max (L max for A1 1/2)
ACE Main Catalog 2018 metric p.106-107,A1 1/2-A3 heavy industrial adjustable,A11/2X61/2,165,7700,1180000,308,45000,,,,577,12.0,adjustable,-12,66,heavy industrial adjustable; E4 with air/oil tank 1469000 Nm/h; return force 90-430 N; return time 0.40 s; side load 2 deg; impact velocity 0.1-5 m/s; length = A max (L max for A1 1/2)
ACE Main Catalog 2018 metric p.108,A1 1/2-A3 heavy industrial adjustable,A2X2,50,3600,1100000,250,77000,,,,313,14.3,adjustable,-12,66,heavy industrial adjustable; E4 with air/oil tank 1350000 Nm/h; return force 210-285 N; return time 0.25 s; side load 3 deg; impact velocity 0.1-5 m/s; length = A max (L max for A1 1/2)
ACE Main Catalog 2018 metric p.108,A1 1/2-A3 heavy industrial adjustable,A2X4,102,9000,1350000,250,82000,,,,414,16.7,adjustable,-12,66,heavy industrial adjustable; E4 with air/oil tank 1700000 Nm/h; return force 150-285 N; return time 0.50 s; side load 3 deg; impact velocity 0.1-5 m/s; length = A max (L max for A1 1/2)
ACE Main Catalog 2018 metric p.108,A1 1/2-A3 heavy industrial adjustable,A2X6,152,13500,1600000,260,86000,,,,516,19.3,adjustable,-12,66,heavy industrial adjustable; E4 with air/oil tank 2000000 Nm/h; return force 150-400 N; return time 0.60 s; side load 3 deg; impact velocity 0.1-5 m/s; length = A max (L max for A1 1/2)
ACE Main Catalog 2018 metric p.108,A1 1/2-A3 heavy industrial adjustable,A2X8,203,19200,1900000,260,90000,,,,643,22.3,adjustable,-12,66,heavy industrial adjustable; E4 with air/oil tank 2400000 Nm/h; return force 230-650 N; return time 0.70 s; side load 3 deg; impact velocity 0.1-5 m/s; length = A max (L max for A1 1/2)
ACE Main Catalog 2018 metric p.108,A1 1/2-A3 heavy industrial adjustable,A2X10,254,23700,2200000,320,113000,,,,745,26.2,adjustable,-12,66,heavy industrial adjustable; E4 with air/oil tank 2700000 Nm/h; return force 160-460 N; return time 0.80 s; side load 3 deg; impact velocity 0.1-5 m/s; length = A max (L max for A1 1/2)
ACE Main Catalog 2018 metric p.109,A1 1/2-A3 heavy industrial adjustable,A3X5,127,15800,2260000,480,154000,,,,490.5,32.7,adjustable,-12,66,heavy industrial adjustable; E4 with air/oil tank 2800000 Nm/h; return force 270-710 N; return time 0.6 s; side load 3 deg; impact velocity 0.1-5 m/s; length = A max (L max for A1 1/2)
ACE Main Catalog 2018 metric p.109,A1 1/2-A3 heavy industrial adjustable,A3X8,203,28200,3600000,540,181500,,,,641,38.5,adjustable,-12,66,heavy industrial adjustable; E4 with air/oil tank 4520000 Nm/h; return force 280-740 N; return time 0.8 s; side load 3 deg; impact velocity 0.1-5 m/s; length = A max (L max for A1 1/2)
ACE Main Catalog 2018 metric p.109,A1 1/2-A3 heavy industrial adjustable,A3X12,305,44000,5400000,610,204000,,,,890,48.0,adjustable,-12,66,heavy industrial adjustable; E4 with air/oil tank 6780000 Nm/h; return force 270-730 N; return time 1.2 s; side load 3 deg; impact velocity 0.1-5 m/s; length = A max (L max for A1 1/2)
ACE Main Catalog 2018 metric p.116-117,TUBUS TA axial,TA12-5,5,2.0,,,,,M3,12,11,0.001,profile damper (co-polyester elastomer),-40,90,"E3 continuous use 2.0 Nm; E3 emergency stop 3 Nm; stroke = max stroke; energy absorption 58-73 %; mounting screw M3; impact velocity max 5 m/s; d1 (outer dia) 12, d2 11, d3 15 mm; length = A (free height)"
ACE Main Catalog 2018 metric p.116-117,TUBUS TA axial,TA17-7,7,6.0,,,,,M4,17,16,0.006,profile damper (co-polyester elastomer),-40,90,"E3 continuous use 6.0 Nm; E3 emergency stop 9 Nm; stroke = max stroke; energy absorption 58-73 %; mounting screw M4; impact velocity max 5 m/s; d1 (outer dia) 17, d2 15, d3 22 mm; length = A (free height)"
ACE Main Catalog 2018 metric p.116-117,TUBUS TA axial,TA21-9,9,10.0,,,,,M5,21,18,0.017,profile damper (co-polyester elastomer),-40,90,"E3 continuous use 10.0 Nm; E3 emergency stop 16 Nm; stroke = max stroke; energy absorption 58-73 %; mounting screw M5; impact velocity max 5 m/s; d1 (outer dia) 21, d2 18, d3 26 mm; length = A (free height)"
ACE Main Catalog 2018 metric p.116-117,TUBUS TA axial,TA22-10,10,11.5,,,,,M6,22,19,0.008,profile damper (co-polyester elastomer),-40,90,"E3 continuous use 11.5 Nm; E3 emergency stop 21 Nm; stroke = max stroke; energy absorption 58-73 %; mounting screw M6; impact velocity max 5 m/s; d1 (outer dia) 22, d2 19, d3 27 mm; length = A (free height)"
ACE Main Catalog 2018 metric p.116-117,TUBUS TA axial,TA28-12,12,29.0,,,,,M6,28,26,0.016,profile damper (co-polyester elastomer),-40,90,"E3 continuous use 29.0 Nm; E3 emergency stop 46 Nm; stroke = max stroke; energy absorption 58-73 %; mounting screw M6; impact velocity max 5 m/s; d1 (outer dia) 28, d2 25, d3 36 mm; length = A (free height)"
ACE Main Catalog 2018 metric p.116-117,TUBUS TA axial,TA34-14,14,48.0,,,,,M6,34,30,0.024,profile damper (co-polyester elastomer),-40,90,"E3 continuous use 48.0 Nm; E3 emergency stop 87 Nm; stroke = max stroke; energy absorption 58-73 %; mounting screw M6; impact velocity max 5 m/s; d1 (outer dia) 34, d2 30, d3 43 mm; length = A (free height)"
ACE Main Catalog 2018 metric p.116-117,TUBUS TA axial,TA37-16,16,65.0,,,,,M6,37,33,0.030,profile damper (co-polyester elastomer),-40,90,"E3 continuous use 65.0 Nm; E3 emergency stop 112 Nm; stroke = max stroke; energy absorption 58-73 %; mounting screw M6; impact velocity max 5 m/s; d1 (outer dia) 37, d2 33, d3 48 mm; length = A (free height)"
ACE Main Catalog 2018 metric p.116-117,TUBUS TA axial,TA40-16,16,82.0,,,,,M8,40,35,0.040,profile damper (co-polyester elastomer),-40,90,"E3 continuous use 82.0 Nm; E3 emergency stop 130 Nm; stroke = max stroke; energy absorption 58-73 %; mounting screw M8; impact velocity max 5 m/s; d1 (outer dia) 40, d2 34, d3 50 mm; length = A (free height)"
ACE Main Catalog 2018 metric p.116-117,TUBUS TA axial,TA43-18,18,112.0,,,,,M8,43,38,0.051,profile damper (co-polyester elastomer),-40,90,"E3 continuous use 112.0 Nm; E3 emergency stop 165 Nm; stroke = max stroke; energy absorption 58-73 %; mounting screw M8; impact velocity max 5 m/s; d1 (outer dia) 43, d2 38, d3 55 mm; length = A (free height)"
ACE Main Catalog 2018 metric p.116-117,TUBUS TA axial,TA47-20,20,140.0,,,,,M12,47,41,0.070,profile damper (co-polyester elastomer),-40,90,"E3 continuous use 140.0 Nm; E3 emergency stop 173 Nm; stroke = max stroke; energy absorption 58-73 %; mounting screw M12; impact velocity max 5 m/s; d1 (outer dia) 47, d2 41, d3 60 mm; length = A (free height)"
ACE Main Catalog 2018 metric p.116-117,TUBUS TA axial,TA50-22,22,170.0,,,,,M12,50,45,0.085,profile damper (co-polyester elastomer),-40,90,"E3 continuous use 170.0 Nm; E3 emergency stop 223 Nm; stroke = max stroke; energy absorption 58-73 %; mounting screw M12; impact velocity max 5 m/s; d1 (outer dia) 50, d2 44, d3 64 mm; length = A (free height)"
ACE Main Catalog 2018 metric p.116-117,TUBUS TA axial,TA54-22,22,201.0,,,,,M12,54,47,0.100,profile damper (co-polyester elastomer),-40,90,"E3 continuous use 201.0 Nm; E3 emergency stop 334 Nm; stroke = max stroke; energy absorption 58-73 %; mounting screw M12; impact velocity max 5 m/s; d1 (outer dia) 54, d2 47, d3 68 mm; length = A (free height)"
ACE Main Catalog 2018 metric p.116-117,TUBUS TA axial,TA57-24,24,242.0,,,,,M12,57,51,0.116,profile damper (co-polyester elastomer),-40,90,"E3 continuous use 242.0 Nm; E3 emergency stop 302 Nm; stroke = max stroke; energy absorption 58-73 %; mounting screw M12; impact velocity max 5 m/s; d1 (outer dia) 57, d2 50, d3 73 mm; length = A (free height)"
ACE Main Catalog 2018 metric p.116-117,TUBUS TA axial,TA62-25,25,304.0,,,,,M12,62,54,0.132,profile damper (co-polyester elastomer),-40,90,"E3 continuous use 304.0 Nm; E3 emergency stop 361 Nm; stroke = max stroke; energy absorption 58-73 %; mounting screw M12; impact velocity max 5 m/s; d1 (outer dia) 62, d2 53, d3 78 mm; length = A (free height)"
ACE Main Catalog 2018 metric p.116-117,TUBUS TA axial,TA65-27,27,374.0,,,,,M12,65,58,0.153,profile damper (co-polyester elastomer),-40,90,"E3 continuous use 374.0 Nm; E3 emergency stop 468 Nm; stroke = max stroke; energy absorption 58-73 %; mounting screw M12; impact velocity max 5 m/s; d1 (outer dia) 65, d2 57, d3 82 mm; length = A (free height)"
ACE Main Catalog 2018 metric p.116-117,TUBUS TA axial,TA70-29,29,421.0,,,,,M12,70,61,0.174,profile damper (co-polyester elastomer),-40,90,"E3 continuous use 421.0 Nm; E3 emergency stop 524 Nm; stroke = max stroke; energy absorption 58-73 %; mounting screw M12; impact velocity max 5 m/s; d1 (outer dia) 70, d2 60, d3 86 mm; length = A (free height)"
ACE Main Catalog 2018 metric p.116-117,TUBUS TA axial,TA72-31,31,482.0,,,,,M16,72,65,0.257,profile damper (co-polyester elastomer),-40,90,"E3 continuous use 482.0 Nm; E3 emergency stop 559 Nm; stroke = max stroke; energy absorption 58-73 %; mounting screw M16; impact velocity max 5 m/s; d1 (outer dia) 72, d2 63, d3 91 mm; length = A (free height)"
ACE Main Catalog 2018 metric p.116-117,TUBUS TA axial,TA80-32,32,570.0,,,,,M16,80,69,0.311,profile damper (co-polyester elastomer),-40,90,"E3 continuous use 570.0 Nm; E3 emergency stop 831 Nm; stroke = max stroke; energy absorption 58-73 %; mounting screw M16; impact velocity max 5 m/s; d1 (outer dia) 80, d2 69, d3 100 mm; length = A (free height)"
ACE Main Catalog 2018 metric p.116-117,TUBUS TA axial,TA82-35,35,683.0,,,,,M16,82,74,0.350,profile damper (co-polyester elastomer),-40,90,"E3 continuous use 683.0 Nm; E3 emergency stop 921 Nm; stroke = max stroke; energy absorption 58-73 %; mounting screw M16; impact velocity max 5 m/s; d1 (outer dia) 82, d2 72, d3 105 mm; length = A (free height)"
ACE Main Catalog 2018 metric p.116-117,TUBUS TA axial,TA85-36,36,797.0,,,,,M16,85,76,0.391,profile damper (co-polyester elastomer),-40,90,"E3 continuous use 797.0 Nm; E3 emergency stop 1043 Nm; stroke = max stroke; energy absorption 58-73 %; mounting screw M16; impact velocity max 5 m/s; d1 (outer dia) 85, d2 75, d3 110 mm; length = A (free height)"
ACE Main Catalog 2018 metric p.116-117,TUBUS TA axial,TA90-38,38,934.0,,,,,M16,90,80,0.414,profile damper (co-polyester elastomer),-40,90,"E3 continuous use 934.0 Nm; E3 emergency stop 1249 Nm; stroke = max stroke; energy absorption 58-73 %; mounting screw M16; impact velocity max 5 m/s; d1 (outer dia) 90, d2 78, d3 114 mm; length = A (free height)"
ACE Main Catalog 2018 metric p.116-117,TUBUS TA axial,TA98-40,40,1147.0,,,,,M16,98,86,0.513,profile damper (co-polyester elastomer),-40,90,"E3 continuous use 1147.0 Nm; E3 emergency stop 1555 Nm; stroke = max stroke; energy absorption 58-73 %; mounting screw M16; impact velocity max 5 m/s; d1 (outer dia) 98, d2 85, d3 123 mm; length = A (free height)"
ACE Main Catalog 2018 metric p.116-117,TUBUS TA axial,TA116-48,48,2014.0,,,,,M16,116,101,0.803,profile damper (co-polyester elastomer),-40,90,"E3 continuous use 2014.0 Nm; E3 emergency stop 2951 Nm; stroke = max stroke; energy absorption 58-73 %; mounting screw M16; impact velocity max 5 m/s; d1 (outer dia) 116, d2 98, d3 146 mm; length = A (free height)"
ACE Main Catalog 2018 metric p.118-119,TUBUS TS axial soft,TS14-7,7,2.0,,,,,M4,14,15,0.007,profile damper (co-polyester elastomer),-40,90,"E3 continuous use 2.0 Nm; E3 emergency stop 3 Nm; stroke = max stroke; energy absorption 35-64 %; mounting screw M4; impact velocity max 5 m/s; d1 (outer dia) 14, d2 13, d3 19 mm; length = A (free height)"
ACE Main Catalog 2018 metric p.118-119,TUBUS TS axial soft,TS18-9,9,4.0,,,,,M5,18,18,0.008,profile damper (co-polyester elastomer),-40,90,"E3 continuous use 4.0 Nm; E3 emergency stop 6 Nm; stroke = max stroke; energy absorption 35-64 %; mounting screw M5; impact velocity max 5 m/s; d1 (outer dia) 18, d2 16, d3 24 mm; length = A (free height)"
ACE Main Catalog 2018 metric p.118-119,TUBUS TS axial soft,TS20-10,10,6.0,,,,,M6,20,21,0.008,profile damper (co-polyester elastomer),-40,90,"E3 continuous use 6.0 Nm; E3 emergency stop 7 Nm; stroke = max stroke; energy absorption 35-64 %; mounting screw M6; impact velocity max 5 m/s; d1 (outer dia) 20, d2 19, d3 27 mm; length = A (free height)"
ACE Main Catalog 2018 metric p.118-119,TUBUS TS axial soft,TS26-15,15,11.5,,,,,M6,26,28,0.015,profile damper (co-polyester elastomer),-40,90,"E3 continuous use 11.5 Nm; E3 emergency stop 15 Nm; stroke = max stroke; energy absorption 35-64 %; mounting screw M6; impact velocity max 5 m/s; d1 (outer dia) 26, d2 25, d3 37 mm; length = A (free height)"
ACE Main Catalog 2018 metric p.118-119,TUBUS TS axial soft,TS32-16,16,23.0,,,,,M6,32,32,0.021,profile damper (co-polyester elastomer),-40,90,"E3 continuous use 23.0 Nm; E3 emergency stop 26 Nm; stroke = max stroke; energy absorption 35-64 %; mounting screw M6; impact velocity max 5 m/s; d1 (outer dia) 32, d2 30, d3 44 mm; length = A (free height)"
ACE Main Catalog 2018 metric p.118-119,TUBUS TS axial soft,TS35-19,19,30.0,,,,,M6,35,36,0.028,profile damper (co-polyester elastomer),-40,90,"E3 continuous use 30.0 Nm; E3 emergency stop 36 Nm; stroke = max stroke; energy absorption 35-64 %; mounting screw M6; impact velocity max 5 m/s; d1 (outer dia) 35, d2 33, d3 48 mm; length = A (free height)"
ACE Main Catalog 2018 metric p.118-119,TUBUS TS axial soft,TS40-19,19,34.0,,,,,M6,40,38,0.031,profile damper (co-polyester elastomer),-40,90,"E3 continuous use 34.0 Nm; E3 emergency stop 42 Nm; stroke = max stroke; energy absorption 35-64 %; mounting screw M6; impact velocity max 5 m/s; d1 (outer dia) 40, d2 34, d3 51 mm; length = A (free height)"
ACE Main Catalog 2018 metric p.118-119,TUBUS TS axial soft,TS41-21,21,48.0,,,,,M12,41,41,0.060,profile damper (co-polyester elastomer),-40,90,"E3 continuous use 48.0 Nm; E3 emergency stop 63 Nm; stroke = max stroke; energy absorption 35-64 %; mounting screw M12; impact velocity max 5 m/s; d1 (outer dia) 41, d2 38, d3 55 mm; length = A (free height)"
ACE Main Catalog 2018 metric p.118-119,TUBUS TS axial soft,TS44-23,23,63.0,,,,,M12,44,45,0.070,profile damper (co-polyester elastomer),-40,90,"E3 continuous use 63.0 Nm; E3 emergency stop 72 Nm; stroke = max stroke; energy absorption 35-64 %; mounting screw M12; impact velocity max 5 m/s; d1 (outer dia) 44, d2 40, d3 60 mm; length = A (free height)"
ACE Main Catalog 2018 metric p.118-119,TUBUS TS axial soft,TS48-25,25,81.0,,,,,M12,48,49,0.080,profile damper (co-polyester elastomer),-40,90,"E3 continuous use 81.0 Nm; E3 emergency stop 91 Nm; stroke = max stroke; energy absorption 35-64 %; mounting screw M12; impact velocity max 5 m/s; d1 (outer dia) 48, d2 44, d3 64 mm; length = A (free height)"
ACE Main Catalog 2018 metric p.118-119,TUBUS TS axial soft,TS51-27,27,92.0,,,,,M12,51,52,0.095,profile damper (co-polyester elastomer),-40,90,"E3 continuous use 92.0 Nm; E3 emergency stop 114 Nm; stroke = max stroke; energy absorption 35-64 %; mounting screw M12; impact velocity max 5 m/s; d1 (outer dia) 51, d2 47, d3 69 mm; length = A (free height)"
ACE Main Catalog 2018 metric p.118-119,TUBUS TS axial soft,TS54-29,29,122.0,,,,,M12,54,55,0.105,profile damper (co-polyester elastomer),-40,90,"E3 continuous use 122.0 Nm; E3 emergency stop 158 Nm; stroke = max stroke; energy absorption 35-64 %; mounting screw M12; impact velocity max 5 m/s; d1 (outer dia) 54, d2 50, d3 73 mm; length = A (free height)"
ACE Main Catalog 2018 metric p.118-119,TUBUS TS axial soft,TS58-30,30,149.0,,,,,M12,58,59,0.121,profile damper (co-polyester elastomer),-40,90,"E3 continuous use 149.0 Nm; E3 emergency stop 154 Nm; stroke = max stroke; energy absorption 35-64 %; mounting screw M12; impact velocity max 5 m/s; d1 (outer dia) 58, d2 53, d3 78 mm; length = A (free height)"
ACE Main Catalog 2018 metric p.118-119,TUBUS TS axial soft,TS61-32,32,163.0,,,,,M16,61,62,0.203,profile damper (co-polyester elastomer),-40,90,"E3 continuous use 163.0 Nm; E3 emergency stop 169 Nm; stroke = max stroke; energy absorption 35-64 %; mounting screw M16; impact velocity max 5 m/s; d1 (outer dia) 61, d2 56, d3 83 mm; length = A (free height)"
ACE Main Catalog 2018 metric p.118-119,TUBUS TS axial soft,TS64-34,34,208.0,,,,,M16,64,66,0.232,profile damper (co-polyester elastomer),-40,90,"E3 continuous use 208.0 Nm; E3 emergency stop 254 Nm; stroke = max stroke; energy absorption 35-64 %; mounting screw M16; impact velocity max 5 m/s; d1 (outer dia) 64, d2 60, d3 87 mm; length = A (free height)"
ACE Main Catalog 2018 metric p.118-119,TUBUS TS axial soft,TS68-36,36,227.0,,,,,M16,68,69,0.248,profile damper (co-polyester elastomer),-40,90,"E3 continuous use 227.0 Nm; E3 emergency stop 272 Nm; stroke = max stroke; energy absorption 35-64 %; mounting screw M16; impact velocity max 5 m/s; d1 (outer dia) 68, d2 63, d3 92 mm; length = A (free height)"
ACE Main Catalog 2018 metric p.118-119,TUBUS TS axial soft,TS75-39,39,291.0,,,,,M16,75,75,0.301,profile damper (co-polyester elastomer),-40,90,"E3 continuous use 291.0 Nm; E3 emergency stop 408 Nm; stroke = max stroke; energy absorption 35-64 %; mounting screw M16; impact velocity max 5 m/s; d1 (outer dia) 75, d2 69, d3 101 mm; length = A (free height)"
ACE Main Catalog 2018 metric p.118-119,TUBUS TS axial soft,TS78-40,40,352.0,,,,,M16,78,79,0.332,profile damper (co-polyester elastomer),-40,90,"E3 continuous use 352.0 Nm; E3 emergency stop 459 Nm; stroke = max stroke; energy absorption 35-64 %; mounting screw M16; impact velocity max 5 m/s; d1 (outer dia) 78, d2 72, d3 105 mm; length = A (free height)"
ACE Main Catalog 2018 metric p.118-119,TUBUS TS axial soft,TS82-44,44,419.0,,,,,M16,82,84,0.346,profile damper (co-polyester elastomer),-40,90,"E3 continuous use 419.0 Nm; E3 emergency stop 620 Nm; stroke = max stroke; energy absorption 35-64 %; mounting screw M16; impact velocity max 5 m/s; d1 (outer dia) 82, d2 75, d3 110 mm; length = A (free height)"
ACE Main Catalog 2018 metric p.118-119,TUBUS TS axial soft,TS84-43,43,475.0,,,,,M16,84,85,0.402,profile damper (co-polyester elastomer),-40,90,"E3 continuous use 475.0 Nm; E3 emergency stop 635 Nm; stroke = max stroke; energy absorption 35-64 %; mounting screw M16; impact velocity max 5 m/s; d1 (outer dia) 84, d2 78, d3 115 mm; length = A (free height)"
ACE Main Catalog 2018 metric p.118-119,TUBUS TS axial soft,TS90-47,47,580.0,,,,,M16,90,92,0.583,profile damper (co-polyester elastomer),-40,90,"E3 continuous use 580.0 Nm; E3 emergency stop 778 Nm; stroke = max stroke; energy absorption 35-64 %; mounting screw M16; impact velocity max 5 m/s; d1 (outer dia) 90, d2 84, d3 124 mm; length = A (free height)"
ACE Main Catalog 2018 metric p.118-119,TUBUS TS axial soft,TS107-56,56,902.0,,,,,M16,107,110,0.733,profile damper (co-polyester elastomer),-40,90,"E3 continuous use 902.0 Nm; E3 emergency stop 966 Nm; stroke = max stroke; energy absorption 35-64 %; mounting screw M16; impact velocity max 5 m/s; d1 (outer dia) 107, d2 100, d3 147 mm; length = A (free height)"
ACE Main Catalog 2018 metric p.120-121,TUBUS TR radial,TR29-17,17,1.2,,,,,M5,29,13,0.007,profile damper (co-polyester elastomer),-40,90,"E3 continuous use 1.2 Nm; E3 emergency stop 1.8 Nm; stroke = max stroke; energy absorption 25-45 %; mounting screw M5; impact velocity max 5 m/s; A 25, B 13, C 29, D 38 mm; body_dia = C (ring OD), length = B (axial width) - see README"
ACE Main Catalog 2018 metric p.120-121,TUBUS TR radial,TR37-22,22,2.3,,,,,M5,37,19,0.013,profile damper (co-polyester elastomer),-40,90,"E3 continuous use 2.3 Nm; E3 emergency stop 5.4 Nm; stroke = max stroke; energy absorption 25-45 %; mounting screw M5; impact velocity max 5 m/s; A 32, B 19, C 37, D 50 mm; body_dia = C (ring OD), length = B (axial width) - see README"
ACE Main Catalog 2018 metric p.120-121,TUBUS TR radial,TR43-25,25,3.5,,,,,M5,43,20,0.017,profile damper (co-polyester elastomer),-40,90,"E3 continuous use 3.5 Nm; E3 emergency stop 8.1 Nm; stroke = max stroke; energy absorption 25-45 %; mounting screw M5; impact velocity max 5 m/s; A 37, B 20, C 43, D 58 mm; body_dia = C (ring OD), length = B (axial width) - see README"
ACE Main Catalog 2018 metric p.120-121,TUBUS TR radial,TR50-35,35,5.8,,,,,M5,50,34,0.022,profile damper (co-polyester elastomer),-40,90,"E3 continuous use 5.8 Nm; E3 emergency stop 8.3 Nm; stroke = max stroke; energy absorption 25-45 %; mounting screw M5; impact velocity max 5 m/s; A 44, B 34, C 50, D 68 mm; body_dia = C (ring OD), length = B (axial width) - see README"
ACE Main Catalog 2018 metric p.120-121,TUBUS TR radial,TR63-43,43,12.0,,,,,M5,63,43,0.051,profile damper (co-polyester elastomer),-40,90,"E3 continuous use 12.0 Nm; E3 emergency stop 17.0 Nm; stroke = max stroke; energy absorption 25-45 %; mounting screw M5; impact velocity max 5 m/s; A 55, B 43, C 63, D 87 mm; body_dia = C (ring OD), length = B (axial width) - see README"
ACE Main Catalog 2018 metric p.120-121,TUBUS TR radial,TR67-40,40,23.0,,,,,M5,67,46,0.077,profile damper (co-polyester elastomer),-40,90,"E3 continuous use 23.0 Nm; E3 emergency stop 33.0 Nm; stroke = max stroke; energy absorption 25-45 %; mounting screw M5; impact velocity max 5 m/s; A 59, B 46, C 67, D 88 mm; body_dia = C (ring OD), length = B (axial width) - see README"
ACE Main Catalog 2018 metric p.120-121,TUBUS TR radial,TR76-46,46,34.5,,,,,M6,76,46,0.104,profile damper (co-polyester elastomer),-40,90,"E3 continuous use 34.5 Nm; E3 emergency stop 43.0 Nm; stroke = max stroke; energy absorption 25-45 %; mounting screw M6; impact velocity max 5 m/s; A 67, B 46, C 76, D 102 mm; body_dia = C (ring OD), length = B (axial width) - see README"
ACE Main Catalog 2018 metric p.120-121,TUBUS TR radial,TR83-50,50,45.0,,,,,M6,83,51,0.142,profile damper (co-polyester elastomer),-40,90,"E3 continuous use 45.0 Nm; E3 emergency stop 74.0 Nm; stroke = max stroke; energy absorption 25-45 %; mounting screw M6; impact velocity max 5 m/s; A 73, B 51, C 83, D 109 mm; body_dia = C (ring OD), length = B (axial width) - see README"
ACE Main Catalog 2018 metric p.120-121,TUBUS TR radial,TR85-50,50,68.0,,,,,M8,85,68,0.206,profile damper (co-polyester elastomer),-40,90,"E3 continuous use 68.0 Nm; E3 emergency stop 92.0 Nm; stroke = max stroke; energy absorption 25-45 %; mounting screw M8; impact velocity max 5 m/s; A 73, B 68, C 85, D 111 mm; body_dia = C (ring OD), length = B (axial width) - see README"
ACE Main Catalog 2018 metric p.120-121,TUBUS TR radial,TR93-57,57,92.0,,,,,M8,93,83,0.297,profile damper (co-polyester elastomer),-40,90,"E3 continuous use 92.0 Nm; E3 emergency stop 122.0 Nm; stroke = max stroke; energy absorption 25-45 %; mounting screw M8; impact velocity max 5 m/s; A 83, B 83, C 93, D 124 mm; body_dia = C (ring OD), length = B (axial width) - see README"
ACE Main Catalog 2018 metric p.120-121,TUBUS TR radial,TR100-60,60,115.0,,,,,M8,100,82,0.308,profile damper (co-polyester elastomer),-40,90,"E3 continuous use 115.0 Nm; E3 emergency stop 146.0 Nm; stroke = max stroke; energy absorption 25-45 %; mounting screw M8; impact velocity max 5 m/s; A 88, B 82, C 100, D 133 mm; body_dia = C (ring OD), length = B (axial width) - see README"
ACE Main Catalog 2018 metric p.122-123,TUBUS TR-H radial hard,TR30-15H,15,2.7,,,,,M5,30,13,0.006,profile damper (co-polyester elastomer),-40,90,"E3 continuous use 2.7 Nm; E3 emergency stop 5.7 Nm; stroke = max stroke; energy absorption 39-62 %; mounting screw M5; impact velocity max 5 m/s; A 23, B 13, C 30, D 38 mm; body_dia = C (ring OD), length = B (axial width) - see README"
ACE Main Catalog 2018 metric p.122-123,TUBUS TR-H radial hard,TR39-19H,19,6.0,,,,,M5,39,19,0.013,profile damper (co-polyester elastomer),-40,90,"E3 continuous use 6.0 Nm; E3 emergency stop 18.0 Nm; stroke = max stroke; energy absorption 39-62 %; mounting screw M5; impact velocity max 5 m/s; A 30, B 19, C 39, D 50 mm; body_dia = C (ring OD), length = B (axial width) - see README"
ACE Main Catalog 2018 metric p.122-123,TUBUS TR-H radial hard,TR45-23H,23,8.7,,,,,M5,45,20,0.019,profile damper (co-polyester elastomer),-40,90,"E3 continuous use 8.7 Nm; E3 emergency stop 24.0 Nm; stroke = max stroke; energy absorption 39-62 %; mounting screw M5; impact velocity max 5 m/s; A 36, B 20, C 45, D 58 mm; body_dia = C (ring OD), length = B (axial width) - see README"
ACE Main Catalog 2018 metric p.122-123,TUBUS TR-H radial hard,TR52-32H,32,11.7,,,,,M5,52,34,0.027,profile damper (co-polyester elastomer),-40,90,"E3 continuous use 11.7 Nm; E3 emergency stop 20.0 Nm; stroke = max stroke; energy absorption 39-62 %; mounting screw M5; impact velocity max 5 m/s; A 42, B 34, C 52, D 68 mm; body_dia = C (ring OD), length = B (axial width) - see README"
ACE Main Catalog 2018 metric p.122-123,TUBUS TR-H radial hard,TR64-41H,41,25.0,,,,,M5,64,43,0.054,profile damper (co-polyester elastomer),-40,90,"E3 continuous use 25.0 Nm; E3 emergency stop 46.0 Nm; stroke = max stroke; energy absorption 39-62 %; mounting screw M5; impact velocity max 5 m/s; A 53, B 43, C 64, D 87 mm; body_dia = C (ring OD), length = B (axial width) - see README"
ACE Main Catalog 2018 metric p.122-123,TUBUS TR-H radial hard,TR68-37H,37,66.5,,,,,M5,68,46,0.083,profile damper (co-polyester elastomer),-40,90,"E3 continuous use 66.5 Nm; E3 emergency stop 98.0 Nm; stroke = max stroke; energy absorption 39-62 %; mounting screw M5; impact velocity max 5 m/s; A 56, B 46, C 68, D 88 mm; body_dia = C (ring OD), length = B (axial width) - see README"
ACE Main Catalog 2018 metric p.122-123,TUBUS TR-H radial hard,TR79-42H,42,81.5,,,,,M6,79,46,0.107,profile damper (co-polyester elastomer),-40,90,"E3 continuous use 81.5 Nm; E3 emergency stop 106.0 Nm; stroke = max stroke; energy absorption 39-62 %; mounting screw M6; impact velocity max 5 m/s; A 64, B 46, C 79, D 102 mm; body_dia = C (ring OD), length = B (axial width) - see README"
ACE Main Catalog 2018 metric p.122-123,TUBUS TR-H radial hard,TR86-45H,45,124.0,,,,,M6,86,51,0.152,profile damper (co-polyester elastomer),-40,90,"E3 continuous use 124.0 Nm; E3 emergency stop 206.0 Nm; stroke = max stroke; energy absorption 39-62 %; mounting screw M6; impact velocity max 5 m/s; A 69, B 51, C 86, D 109 mm; body_dia = C (ring OD), length = B (axial width) - see README"
ACE Main Catalog 2018 metric p.122-123,TUBUS TR-H radial hard,TR87-46H,46,158.0,,,,,M8,86,67,0.202,profile damper (co-polyester elastomer),-40,90,"E3 continuous use 158.0 Nm; E3 emergency stop 261.0 Nm; stroke = max stroke; energy absorption 39-62 %; mounting screw M8; impact velocity max 5 m/s; A 68, B 67, C 86, D 111 mm; body_dia = C (ring OD), length = B (axial width) - see README"
ACE Main Catalog 2018 metric p.122-123,TUBUS TR-H radial hard,TR95-50H,50,228.0,,,,,M8,95,82,0.281,profile damper (co-polyester elastomer),-40,90,"E3 continuous use 228.0 Nm; E3 emergency stop 342.0 Nm; stroke = max stroke; energy absorption 39-62 %; mounting screw M8; impact velocity max 5 m/s; A 77, B 82, C 95, D 124 mm; body_dia = C (ring OD), length = B (axial width) - see README"
ACE Main Catalog 2018 metric p.122-123,TUBUS TR-H radial hard,TR102-56H,56,290.0,,,,,M8,102,81,0.334,profile damper (co-polyester elastomer),-40,90,"E3 continuous use 290.0 Nm; E3 emergency stop 427.0 Nm; stroke = max stroke; energy absorption 39-62 %; mounting screw M8; impact velocity max 5 m/s; A 84, B 81, C 102, D 133 mm; body_dia = C (ring OD), length = B (axial width) - see README"
ACE Main Catalog 2018 metric p.124-125,TUBUS TR-L radial long,TR29-17L,17,7.2,,,,,M5,29,80,0.029,profile damper (co-polyester elastomer),-40,90,"E3 continuous use 7.2 Nm; E3 emergency stop 10.9 Nm; stroke = max stroke; energy absorption 26-41 %; mounting screw M5; impact velocity max 5 m/s; A 25, B 80, C 29, D 38, E 40 mm; body_dia = C, length = B"
ACE Main Catalog 2018 metric p.124-125,TUBUS TR-L radial long,TR43-25L,25,14.0,,,,,M5,43,80,0.061,profile damper (co-polyester elastomer),-40,90,"E3 continuous use 14.0 Nm; E3 emergency stop 32.7 Nm; stroke = max stroke; energy absorption 26-41 %; mounting screw M5; impact velocity max 5 m/s; A 37, B 80, C 43, D 58, E 40 mm; body_dia = C, length = B"
ACE Main Catalog 2018 metric p.124-125,TUBUS TR-L radial long,TR63-43L,43,21.9,,,,,M5,63,80,0.101,profile damper (co-polyester elastomer),-40,90,"E3 continuous use 21.9 Nm; E3 emergency stop 32.0 Nm; stroke = max stroke; energy absorption 26-41 %; mounting screw M5; impact velocity max 5 m/s; A 55, B 80, C 63, D 87, E 40 mm; body_dia = C, length = B"
ACE Main Catalog 2018 metric p.124-125,TUBUS TR-L radial long,TR66-40L-1,40,102.0,,,,,M8,66,152,0.284,profile damper (co-polyester elastomer),-40,90,"E3 continuous use 102.0 Nm; E3 emergency stop 143.0 Nm; stroke = max stroke; energy absorption 26-41 %; mounting screw M8; impact velocity max 5 m/s; A 59, B 152, C 66, D 87, E 102 mm; body_dia = C, length = B"
ACE Main Catalog 2018 metric p.124-125,TUBUS TR-L radial long,TR66-40L-2,40,204.0,,,,,M8,66,305,0.580,profile damper (co-polyester elastomer),-40,90,"E3 continuous use 204.0 Nm; E3 emergency stop 286.0 Nm; stroke = max stroke; energy absorption 26-41 %; mounting screw M8; impact velocity max 5 m/s; A 59, B 305, C 66, D 87, E 254 mm; body_dia = C, length = B"
ACE Main Catalog 2018 metric p.124-125,TUBUS TR-L radial long,TR66-40L-3,40,306.0,,,,,M8,66,457,0.809,profile damper (co-polyester elastomer),-40,90,"E3 continuous use 306.0 Nm; E3 emergency stop 428.0 Nm; stroke = max stroke; energy absorption 26-41 %; mounting screw M8; impact velocity max 5 m/s; A 59, B 457, C 66, D 87, E 406 mm; body_dia = C, length = B"
ACE Main Catalog 2018 metric p.124-125,TUBUS TR-L radial long,TR66-40L-4,40,408.0,,,,,M8,66,610,1.064,profile damper (co-polyester elastomer),-40,90,"E3 continuous use 408.0 Nm; E3 emergency stop 571.0 Nm; stroke = max stroke; energy absorption 26-41 %; mounting screw M8; impact velocity max 5 m/s; A 59, B 610, C 66, D 87, E 559 mm; body_dia = C, length = B"
ACE Main Catalog 2018 metric p.124-125,TUBUS TR-L radial long,TR66-40L-5,40,510.0,,,,,M8,66,762,1.344,profile damper (co-polyester elastomer),-40,90,"E3 continuous use 510.0 Nm; E3 emergency stop 714.0 Nm; stroke = max stroke; energy absorption 26-41 %; mounting screw M8; impact velocity max 5 m/s; A 59, B 762, C 66, D 87, E 711 mm; body_dia = C, length = B"
ACE Main Catalog 2018 metric p.124-125,TUBUS TR-L radial long,TR76-45L-1,45,145.0,,,,,M8,76,152,0.380,profile damper (co-polyester elastomer),-40,90,"E3 continuous use 145.0 Nm; E3 emergency stop 203.0 Nm; stroke = max stroke; energy absorption 26-41 %; mounting screw M8; impact velocity max 5 m/s; A 68, B 152, C 76, D 100, E 102 mm; body_dia = C, length = B"
ACE Main Catalog 2018 metric p.124-125,TUBUS TR-L radial long,TR76-45L-2,45,290.0,,,,,M8,76,305,0.696,profile damper (co-polyester elastomer),-40,90,"E3 continuous use 290.0 Nm; E3 emergency stop 406.0 Nm; stroke = max stroke; energy absorption 26-41 %; mounting screw M8; impact velocity max 5 m/s; A 68, B 305, C 76, D 100, E 254 mm; body_dia = C, length = B"
ACE Main Catalog 2018 metric p.124-125,TUBUS TR-L radial long,TR76-45L-3,45,435.0,,,,,M8,76,457,1.130,profile damper (co-polyester elastomer),-40,90,"E3 continuous use 435.0 Nm; E3 emergency stop 609.0 Nm; stroke = max stroke; energy absorption 26-41 %; mounting screw M8; impact velocity max 5 m/s; A 68, B 457, C 76, D 100, E 406 mm; body_dia = C, length = B"
ACE Main Catalog 2018 metric p.124-125,TUBUS TR-L radial long,TR76-45L-4,45,580.0,,,,,M8,76,610,1.430,profile damper (co-polyester elastomer),-40,90,"E3 continuous use 580.0 Nm; E3 emergency stop 812.0 Nm; stroke = max stroke; energy absorption 26-41 %; mounting screw M8; impact velocity max 5 m/s; A 68, B 610, C 76, D 100, E 559 mm; body_dia = C, length = B"
ACE Main Catalog 2018 metric p.124-125,TUBUS TR-L radial long,TR76-45L-5,45,725.0,,,,,M8,76,762,1.820,profile damper (co-polyester elastomer),-40,90,"E3 continuous use 725.0 Nm; E3 emergency stop 1015.0 Nm; stroke = max stroke; energy absorption 26-41 %; mounting screw M8; impact velocity max 5 m/s; A 68, B 762, C 76, D 100, E 711 mm; body_dia = C, length = B"
ACE Main Catalog 2018 metric p.124-125,TUBUS TR-L radial long,TR83-48L-1,48,180.0,,,,,M8,83,152,0.480,profile damper (co-polyester elastomer),-40,90,"E3 continuous use 180.0 Nm; E3 emergency stop 252.0 Nm; stroke = max stroke; energy absorption 26-41 %; mounting screw M8; impact velocity max 5 m/s; A 73, B 152, C 83, D 106, E 102 mm; body_dia = C, length = B"
ACE Main Catalog 2018 metric p.124-125,TUBUS TR-L radial long,TR83-48L-2,48,360.0,,,,,M8,83,305,0.869,profile damper (co-polyester elastomer),-40,90,"E3 continuous use 360.0 Nm; E3 emergency stop 504.0 Nm; stroke = max stroke; energy absorption 26-41 %; mounting screw M8; impact velocity max 5 m/s; A 73, B 305, C 83, D 106, E 254 mm; body_dia = C, length = B"
ACE Main Catalog 2018 metric p.124-125,TUBUS TR-L radial long,TR83-48L-3,48,540.0,,,,,M8,83,457,1.380,profile damper (co-polyester elastomer),-40,90,"E3 continuous use 540.0 Nm; E3 emergency stop 756.0 Nm; stroke = max stroke; energy absorption 26-41 %; mounting screw M8; impact velocity max 5 m/s; A 73, B 457, C 83, D 106, E 406 mm; body_dia = C, length = B"
ACE Main Catalog 2018 metric p.124-125,TUBUS TR-L radial long,TR83-48L-4,48,720.0,,,,,M8,83,610,1.810,profile damper (co-polyester elastomer),-40,90,"E3 continuous use 720.0 Nm; E3 emergency stop 1008.0 Nm; stroke = max stroke; energy absorption 26-41 %; mounting screw M8; impact velocity max 5 m/s; A 73, B 610, C 83, D 106, E 559 mm; body_dia = C, length = B"
ACE Main Catalog 2018 metric p.124-125,TUBUS TR-L radial long,TR83-48L-5,48,900.0,,,,,M8,83,762,2.260,profile damper (co-polyester elastomer),-40,90,"E3 continuous use 900.0 Nm; E3 emergency stop 1260.0 Nm; stroke = max stroke; energy absorption 26-41 %; mounting screw M8; impact velocity max 5 m/s; A 73, B 762, C 83, D 106, E 711 mm; body_dia = C, length = B"
ACE Main Catalog 2018 metric p.124-125,TUBUS TR-L radial long,TR99-60L-1,60,270.0,,,,,M8,99,152,0.589,profile damper (co-polyester elastomer),-40,90,"E3 continuous use 270.0 Nm; E3 emergency stop 378.0 Nm; stroke = max stroke; energy absorption 26-41 %; mounting screw M8; impact velocity max 5 m/s; A 88, B 152, C 99, D 130, E 102 mm; body_dia = C, length = B"
ACE Main Catalog 2018 metric p.124-125,TUBUS TR-L radial long,TR99-60L-2,60,540.0,,,,,M8,99,305,1.164,profile damper (co-polyester elastomer),-40,90,"E3 continuous use 540.0 Nm; E3 emergency stop 756.0 Nm; stroke = max stroke; energy absorption 26-41 %; mounting screw M8; impact velocity max 5 m/s; A 88, B 305, C 99, D 130, E 254 mm; body_dia = C, length = B"
ACE Main Catalog 2018 metric p.124-125,TUBUS TR-L radial long,TR99-60L-3,60,810.0,,,,,M8,99,457,1.940,profile damper (co-polyester elastomer),-40,90,"E3 continuous use 810.0 Nm; E3 emergency stop 1134.0 Nm; stroke = max stroke; energy absorption 26-41 %; mounting screw M8; impact velocity max 5 m/s; A 88, B 457, C 99, D 130, E 406 mm; body_dia = C, length = B"
ACE Main Catalog 2018 metric p.124-125,TUBUS TR-L radial long,TR99-60L-4,60,1080.0,,,,,M8,99,610,2.660,profile damper (co-polyester elastomer),-40,90,"E3 continuous use 1080.0 Nm; E3 emergency stop 1512.0 Nm; stroke = max stroke; energy absorption 26-41 %; mounting screw M8; impact velocity max 5 m/s; A 88, B 610, C 99, D 130, E 559 mm; body_dia = C, length = B"
ACE Main Catalog 2018 metric p.124-125,TUBUS TR-L radial long,TR99-60L-5,60,1350.0,,,,,M8,99,762,3.100,profile damper (co-polyester elastomer),-40,90,"E3 continuous use 1350.0 Nm; E3 emergency stop 1890.0 Nm; stroke = max stroke; energy absorption 26-41 %; mounting screw M8; impact velocity max 5 m/s; A 88, B 762, C 99, D 130, E 711 mm; body_dia = C, length = B"
ACE Main Catalog 2018 metric p.124-125,TUBUS TR-L radial long,TR99-60L-6,60,1620.0,,,,,M8,99,914,3.744,profile damper (co-polyester elastomer),-40,90,"E3 continuous use 1620.0 Nm; E3 emergency stop 2268.0 Nm; stroke = max stroke; energy absorption 26-41 %; mounting screw M8; impact velocity max 5 m/s; A 88, B 914, C 99, D 130, E 864 mm; body_dia = C, length = B"
ACE Main Catalog 2018 metric p.124-125,TUBUS TR-L radial long,TR99-60L-7,60,1890.0,,,,,M8,99,1067,4.300,profile damper (co-polyester elastomer),-40,90,"E3 continuous use 1890.0 Nm; E3 emergency stop 2646.0 Nm; stroke = max stroke; energy absorption 26-41 %; mounting screw M8; impact velocity max 5 m/s; A 88, B 1,067, C 99, D 130, E 1,016 mm; body_dia = C, length = B"
ACE Main Catalog 2018 metric p.124-125,TUBUS TR-L radial long,TR143-86L-1,86,600.0,,,,,M16,143,152,1.570,profile damper (co-polyester elastomer),-40,90,"E3 continuous use 600.0 Nm; E3 emergency stop 840.0 Nm; stroke = max stroke; energy absorption 26-41 %; mounting screw M16; impact velocity max 5 m/s; A 127, B 152, C 143, D 191, E 76 mm; body_dia = C, length = B"
ACE Main Catalog 2018 metric p.124-125,TUBUS TR-L radial long,TR143-86L-2,86,1200.0,,,,,M16,143,305,2.840,profile damper (co-polyester elastomer),-40,90,"E3 continuous use 1200.0 Nm; E3 emergency stop 1680.0 Nm; stroke = max stroke; energy absorption 26-41 %; mounting screw M16; impact velocity max 5 m/s; A 127, B 305, C 143, D 191, E 203 mm; body_dia = C, length = B"
ACE Main Catalog 2018 metric p.124-125,TUBUS TR-L radial long,TR143-86L-3,86,1800.0,,,,,M16,143,457,3.880,profile damper (co-polyester elastomer),-40,90,"E3 continuous use 1800.0 Nm; E3 emergency stop 2520.0 Nm; stroke = max stroke; energy absorption 26-41 %; mounting screw M16; impact velocity max 5 m/s; A 127, B 457, C 143, D 191, E 355 mm; body_dia = C, length = B"
ACE Main Catalog 2018 metric p.124-125,TUBUS TR-L radial long,TR143-86L-4,86,2400.0,,,,,M16,143,610,5.420,profile damper (co-polyester elastomer),-40,90,"E3 continuous use 2400.0 Nm; E3 emergency stop 3360.0 Nm; stroke = max stroke; energy absorption 26-41 %; mounting screw M16; impact velocity max 5 m/s; A 127, B 610, C 143, D 191, E 508 mm; body_dia = C, length = B"
ACE Main Catalog 2018 metric p.124-125,TUBUS TR-L radial long,TR143-86L-5,86,3000.0,,,,,M16,143,762,7.070,profile damper (co-polyester elastomer),-40,90,"E3 continuous use 3000.0 Nm; E3 emergency stop 4200.0 Nm; stroke = max stroke; energy absorption 26-41 %; mounting screw M16; impact velocity max 5 m/s; A 127, B 762, C 143, D 191, E 660 mm; body_dia = C, length = B"
ACE Main Catalog 2018 metric p.124-125,TUBUS TR-L radial long,TR143-86L-6,86,3600.0,,,,,M16,143,914,8.370,profile damper (co-polyester elastomer),-40,90,"E3 continuous use 3600.0 Nm; E3 emergency stop 5040.0 Nm; stroke = max stroke; energy absorption 26-41 %; mounting screw M16; impact velocity max 5 m/s; A 127, B 914, C 143, D 191, E 812 mm; body_dia = C, length = B"
ACE Main Catalog 2018 metric p.124-125,TUBUS TR-L radial long,TR143-86L-7,86,4200.0,,,,,M16,143,1067,9.480,profile damper (co-polyester elastomer),-40,90,"E3 continuous use 4200.0 Nm; E3 emergency stop 5880.0 Nm; stroke = max stroke; energy absorption 26-41 %; mounting screw M16; impact velocity max 5 m/s; A 127, B 1,067, C 143, D 191, E 965 mm; body_dia = C, length = B"
ACE Main Catalog 2018 metric p.124-125,TUBUS TR-L radial long,TR188-108L-1,108,1100.0,,,,,M16,188,152,2.479,profile damper (co-polyester elastomer),-40,90,"E3 continuous use 1100.0 Nm; E3 emergency stop 1540.0 Nm; stroke = max stroke; energy absorption 26-41 %; mounting screw M16; impact velocity max 5 m/s; A 165, B 152, C 188, D 245, E 76 mm; body_dia = C, length = B"
ACE Main Catalog 2018 metric p.124-125,TUBUS TR-L radial long,TR188-108L-2,108,2200.0,,,,,M16,188,305,4.035,profile damper (co-polyester elastomer),-40,90,"E3 continuous use 2200.0 Nm; E3 emergency stop 3080.0 Nm; stroke = max stroke; energy absorption 26-41 %; mounting screw M16; impact velocity max 5 m/s; A 165, B 305, C 188, D 245, E 203 mm; body_dia = C, length = B"
ACE Main Catalog 2018 metric p.124-125,TUBUS TR-L radial long,TR188-108L-3,108,3300.0,,,,,M16,188,457,7.210,profile damper (co-polyester elastomer),-40,90,"E3 continuous use 3300.0 Nm; E3 emergency stop 4620.0 Nm; stroke = max stroke; energy absorption 26-41 %; mounting screw M16; impact velocity max 5 m/s; A 165, B 457, C 188, D 245, E 355 mm; body_dia = C, length = B"
ACE Main Catalog 2018 metric p.124-125,TUBUS TR-L radial long,TR188-108L-4,108,4400.0,,,,,M16,188,610,9.820,profile damper (co-polyester elastomer),-40,90,"E3 continuous use 4400.0 Nm; E3 emergency stop 6160.0 Nm; stroke = max stroke; energy absorption 26-41 %; mounting screw M16; impact velocity max 5 m/s; A 165, B 610, C 188, D 245, E 508 mm; body_dia = C, length = B"
ACE Main Catalog 2018 metric p.124-125,TUBUS TR-L radial long,TR188-108L-5,108,5500.0,,,,,M16,188,762,11.390,profile damper (co-polyester elastomer),-40,90,"E3 continuous use 5500.0 Nm; E3 emergency stop 7700.0 Nm; stroke = max stroke; energy absorption 26-41 %; mounting screw M16; impact velocity max 5 m/s; A 165, B 762, C 188, D 245, E 660 mm; body_dia = C, length = B"
ACE Main Catalog 2018 metric p.124-125,TUBUS TR-L radial long,TR188-108L-6,108,6600.0,,,,,M16,188,914,13.930,profile damper (co-polyester elastomer),-40,90,"E3 continuous use 6600.0 Nm; E3 emergency stop 9240.0 Nm; stroke = max stroke; energy absorption 26-41 %; mounting screw M16; impact velocity max 5 m/s; A 165, B 914, C 188, D 245, E 812 mm; body_dia = C, length = B"
ACE Main Catalog 2018 metric p.124-125,TUBUS TR-L radial long,TR188-108L-7,108,7700.0,,,,,M16,188,1067,15.940,profile damper (co-polyester elastomer),-40,90,"E3 continuous use 7700.0 Nm; E3 emergency stop 10780.0 Nm; stroke = max stroke; energy absorption 26-41 %; mounting screw M16; impact velocity max 5 m/s; A 165, B 1,067, C 188, D 245, E 965 mm; body_dia = C, length = B"
ACE Main Catalog 2018 metric p.126-127,TUBUS TR-HD radial heavy duty,TR42-14HD,14,405,,,,63900,M10,42,148,0.214,profile damper (co-polyester elastomer),-40,90,"E3 continuous use 405 Nm; E3 emergency stop 567 Nm; stroke = max stroke; energy absorption 43-72 %; mounting screw M10; impact velocity max 5 m/s; F max static 63900 N; A 34, B 148, C 42, D 59, E 102 mm; body_dia = C, length = B"
ACE Main Catalog 2018 metric p.126-127,TUBUS TR-HD radial heavy duty,TR47-12HD,12,857,,,,149600,M10,47,150,0.224,profile damper (co-polyester elastomer),-40,90,"E3 continuous use 857 Nm; E3 emergency stop 1200 Nm; stroke = max stroke; energy absorption 43-72 %; mounting screw M10; impact velocity max 5 m/s; F max static 149600 N; A 31, B 150, C 47, D 58, E 102 mm; body_dia = C, length = B"
ACE Main Catalog 2018 metric p.126-127,TUBUS TR-HD radial heavy duty,TR47-17HD,17,850,,,,122100,M10,47,150,0.224,profile damper (co-polyester elastomer),-40,90,"E3 continuous use 850 Nm; E3 emergency stop 1190 Nm; stroke = max stroke; energy absorption 43-72 %; mounting screw M10; impact velocity max 5 m/s; F max static 122100 N; A 32, B 150, C 47, D 70, E 102 mm; body_dia = C, length = B"
ACE Main Catalog 2018 metric p.126-127,TUBUS TR-HD radial heavy duty,TR52-14HD,14,1634,,,,304500,M10,52,153,0.224,profile damper (co-polyester elastomer),-40,90,"E3 continuous use 1634 Nm; E3 emergency stop 2288 Nm; stroke = max stroke; energy absorption 43-72 %; mounting screw M10; impact velocity max 5 m/s; F max static 304500 N; A 29, B 153, C 52, D 69, E 102 mm; body_dia = C, length = B"
ACE Main Catalog 2018 metric p.126-127,TUBUS TR-HD radial heavy duty,TR57-21HD,21,1194,,,,104800,M10,57,149,0.384,profile damper (co-polyester elastomer),-40,90,"E3 continuous use 1194 Nm; E3 emergency stop 1672 Nm; stroke = max stroke; energy absorption 43-72 %; mounting screw M10; impact velocity max 5 m/s; F max static 104800 N; A 48, B 149, C 57, D 79, E 102 mm; body_dia = C, length = B"
ACE Main Catalog 2018 metric p.126-127,TUBUS TR-HD radial heavy duty,TR62-15HD,15,1790,,,,245000,M10,62,153,0.374,profile damper (co-polyester elastomer),-40,90,"E3 continuous use 1790 Nm; E3 emergency stop 2506 Nm; stroke = max stroke; energy absorption 43-72 %; mounting screw M10; impact velocity max 5 m/s; F max static 245000 N; A 40, B 153, C 62, D 77, E 102 mm; body_dia = C, length = B"
ACE Main Catalog 2018 metric p.126-127,TUBUS TR-HD radial heavy duty,TR62-19HD,19,2940,,,,389900,M10,62,152,0.320,profile damper (co-polyester elastomer),-40,90,"E3 continuous use 2940 Nm; E3 emergency stop 4116 Nm; stroke = max stroke; energy absorption 43-72 %; mounting screw M10; impact velocity max 5 m/s; F max static 389900 N; A 41, B 152, C 62, D 94, E 102 mm; body_dia = C, length = B"
ACE Main Catalog 2018 metric p.126-127,TUBUS TR-HD radial heavy duty,TR63-24HD,24,2061,,,,194400,M10,63,153,0.377,profile damper (co-polyester elastomer),-40,90,"E3 continuous use 2061 Nm; E3 emergency stop 2885 Nm; stroke = max stroke; energy absorption 43-72 %; mounting screw M10; impact velocity max 5 m/s; F max static 194400 N; A 46, B 153, C 63, D 92, E 102 mm; body_dia = C, length = B"
ACE Main Catalog 2018 metric p.126-127,TUBUS TR-HD radial heavy duty,TR72-26HD,26,1700,,,,124800,M12,72,149,0.560,profile damper (co-polyester elastomer),-40,90,"E3 continuous use 1700 Nm; E3 emergency stop 2380 Nm; stroke = max stroke; energy absorption 43-72 %; mounting screw M12; impact velocity max 5 m/s; F max static 124800 N; A 59, B 149, C 72, D 98, E 102 mm; body_dia = C, length = B"
ACE Main Catalog 2018 metric p.126-127,TUBUS TR-HD radial heavy duty,TR79-20HD,20,2794,,,,289300,M12,79,153,0.640,profile damper (co-polyester elastomer),-40,90,"E3 continuous use 2794 Nm; E3 emergency stop 3912 Nm; stroke = max stroke; energy absorption 43-72 %; mounting screw M12; impact velocity max 5 m/s; F max static 289300 N; A 54, B 153, C 79, D 98, E 102 mm; body_dia = C, length = B"
ACE Main Catalog 2018 metric p.126-127,TUBUS TR-HD radial heavy duty,TR79-31HD,31,2975,,,,226600,M12,79,155,0.530,profile damper (co-polyester elastomer),-40,90,"E3 continuous use 2975 Nm; E3 emergency stop 4165 Nm; stroke = max stroke; energy absorption 43-72 %; mounting screw M12; impact velocity max 5 m/s; F max static 226600 N; A 58, B 155, C 79, D 112, E 102 mm; body_dia = C, length = B"
ACE Main Catalog 2018 metric p.126-127,TUBUS TR-HD radial heavy duty,TR85-33HD,33,2526,,,,146100,M12,85,150,0.710,profile damper (co-polyester elastomer),-40,90,"E3 continuous use 2526 Nm; E3 emergency stop 3536 Nm; stroke = max stroke; energy absorption 43-72 %; mounting screw M12; impact velocity max 5 m/s; F max static 146100 N; A 71, B 150, C 85, D 111, E 102 mm; body_dia = C, length = B"
ACE Main Catalog 2018 metric p.126-127,TUBUS TR-HD radial heavy duty,TR89-21HD,21,4438,,,,477400,M12,89,162,0.630,profile damper (co-polyester elastomer),-40,90,"E3 continuous use 4438 Nm; E3 emergency stop 6213 Nm; stroke = max stroke; energy absorption 43-72 %; mounting screw M12; impact velocity max 5 m/s; F max static 477400 N; A 48, B 162, C 89, D 112, E 102 mm; body_dia = C, length = B"
ACE Main Catalog 2018 metric p.126-127,TUBUS TR-HD radial heavy duty,TR90-37HD,37,3780,,,,240700,M12,90,155,0.820,profile damper (co-polyester elastomer),-40,90,"E3 continuous use 3780 Nm; E3 emergency stop 5292 Nm; stroke = max stroke; energy absorption 43-72 %; mounting screw M12; impact velocity max 5 m/s; F max static 240700 N; A 69, B 155, C 90, D 128, E 102 mm; body_dia = C, length = B"
ACE Main Catalog 2018 metric p.126-127,TUBUS TR-HD radial heavy duty,TR93-24HD,24,3421,,,,302500,M12,93,155,0.790,profile damper (co-polyester elastomer),-40,90,"E3 continuous use 3421 Nm; E3 emergency stop 4789 Nm; stroke = max stroke; energy absorption 43-72 %; mounting screw M12; impact velocity max 5 m/s; F max static 302500 N; A 64, B 155, C 93, D 115, E 102 mm; body_dia = C, length = B"
ACE Main Catalog 2018 metric p.126-127,TUBUS TR-HD radial heavy duty,TR97-31HD,31,7738,,,,575200,M12,97,159,0.870,profile damper (co-polyester elastomer),-40,90,"E3 continuous use 7738 Nm; E3 emergency stop 10833 Nm; stroke = max stroke; energy absorption 43-72 %; mounting screw M12; impact velocity max 5 m/s; F max static 575200 N; A 63, B 159, C 97, D 129, E 102 mm; body_dia = C, length = B"
ACE Main Catalog 2018 metric p.126-127,TUBUS TR-HD radial heavy duty,TR97-35HD,35,2821,,,,152800,M12,97,151,1.060,profile damper (co-polyester elastomer),-40,90,"E3 continuous use 2821 Nm; E3 emergency stop 3949 Nm; stroke = max stroke; energy absorption 43-72 %; mounting screw M12; impact velocity max 5 m/s; F max static 152800 N; A 82, B 151, C 97, D 131, E 102 mm; body_dia = C, length = B"
ACE Main Catalog 2018 metric p.126-127,TUBUS TR-HD radial heavy duty,TR102-44HD,44,4697,,,,254500,M12,102,156,1.050,profile damper (co-polyester elastomer),-40,90,"E3 continuous use 4697 Nm; E3 emergency stop 6576 Nm; stroke = max stroke; energy absorption 43-72 %; mounting screw M12; impact velocity max 5 m/s; F max static 254500 N; A 81, B 156, C 102, D 147, E 102 mm; body_dia = C, length = B"
ACE Main Catalog 2018 metric p.126-127,TUBUS TR-HD radial heavy duty,TR105-28HD,28,5641,,,,427600,M12,105,156,1.000,profile damper (co-polyester elastomer),-40,90,"E3 continuous use 5641 Nm; E3 emergency stop 7897 Nm; stroke = max stroke; energy absorption 43-72 %; mounting screw M12; impact velocity max 5 m/s; F max static 427600 N; A 72, B 156, C 105, D 126, E 102 mm; body_dia = C, length = B"
ACE Main Catalog 2018 metric p.126-127,TUBUS TR-HD radial heavy duty,TR117-30HD,30,8457,,,,639100,M12,117,166,1.080,profile damper (co-polyester elastomer),-40,90,"E3 continuous use 8457 Nm; E3 emergency stop 11840 Nm; stroke = max stroke; energy absorption 43-72 %; mounting screw M12; impact velocity max 5 m/s; F max static 639100 N; A 66, B 166, C 117, D 143, E 102 mm; body_dia = C, length = B"
