source,series,model,wire_dia_mm,loop_count,length_mm,width_mm,height_mm,mount_hole_dia_mm,weight_kg,vertical_static_load_min_n,vertical_static_load_max_n,vertical_stiffness_n_mm,shear_stiffness_n_mm,roll_stiffness_n_mm,shock_load_max_n,max_dynamic_deflection_mm,natural_freq_hz,notes,vertical_shock_stiffness_n_mm,roll45_static_load_max_n,roll45_max_deflection_mm,roll45_stiffness_n_mm,roll45_shock_stiffness_n_mm,shear_static_load_max_n,shear_max_deflection_mm,shear_shock_stiffness_n_mm,roll_static_load_max_n,roll_max_deflection_mm,roll_shock_stiffness_n_mm,mount_thread_metric,mount_hole_spacing_mm,bar_width_mm,bar_thickness_mm,temp_min_c,temp_max_c,catalogue_page
"Enidine Wire Rope Isolator Technologies catalogue ENI877R4 (2007 ed., cover rev. 09/23)",WR2,WR2-100-10,1.6,10,79.5,25,18,4.7,0.02,,47,36,14,14,,8.6,,"crimp construction; self-clinching threaded insert, max torque 0.7 Nm. Mounting options B,D,E. Length = overall mount-bar length; width = catalogue 'W' (ref, loop width); height = 'H' (ref). Wire dia from drawing (ref). Catalogue values in N and kN/m (=N/mm) used directly; no lbf conversion. Kv = vibration (small-amplitude) stiffness, Ks = average shock stiffness. Catalogue gives a single combined Shear/Roll table for WR/CR series, so roll_* = shear_* here; 45-deg compression/roll values in roll45_* columns. Static load min not published. Performance for full-loop version with 302/304 SS cable; reduced-loop stiffness/load scale by (loops/full loops). Damping typically 5-15%. Mount bars 6061-T6 Al.",22,33,11.7,20,11.4,22,8.6,14,22,8.6,14,M4 x 0.7,68.3,10.2,4.1,-100,260,7-8
"Enidine Wire Rope Isolator Technologies catalogue ENI877R4 (2007 ed., cover rev. 09/23)",WR2,WR2-200-10,1.6,10,79.5,28,20,4.7,0.02,,36,25,8.8,8.8,,9.7,,"crimp construction; self-clinching threaded insert, max torque 0.7 Nm. Mounting options A,B,C,D,E,S. Length = overall mount-bar length; width = catalogue 'W' (ref, loop width); height = 'H' (ref). Wire dia from drawing (ref). Catalogue values in N and kN/m (=N/mm) used directly; no lbf conversion. Kv = vibration (small-amplitude) stiffness, Ks = average shock stiffness. Catalogue gives a single combined Shear/Roll table for WR/CR series, so roll_* = shear_* here; 45-deg compression/roll values in roll45_* columns. Static load min not published. Performance for full-loop version with 302/304 SS cable; reduced-loop stiffness/load scale by (loops/full loops). Damping typically 5-15%. Mount bars 6061-T6 Al.",16,24,14.7,14,7.0,18,10.7,8.8,18,10.7,8.8,M4 x 0.7,68.3,10.2,4.1,-100,260,7-8
"Enidine Wire Rope Isolator Technologies catalogue ENI877R4 (2007 ed., cover rev. 09/23)",WR2,WR2-400-10,1.6,10,79.5,30,25,4.7,0.03,,31,17,5.3,5.3,,14.7,,"crimp construction; self-clinching threaded insert, max torque 0.7 Nm. Mounting options A,B,C,D,E,S. Length = overall mount-bar length; width = catalogue 'W' (ref, loop width); height = 'H' (ref). Wire dia from drawing (ref). Catalogue values in N and kN/m (=N/mm) used directly; no lbf conversion. Kv = vibration (small-amplitude) stiffness, Ks = average shock stiffness. Catalogue gives a single combined Shear/Roll table for WR/CR series, so roll_* = shear_* here; 45-deg compression/roll values in roll45_* columns. Static load min not published. Performance for full-loop version with 302/304 SS cable; reduced-loop stiffness/load scale by (loops/full loops). Damping typically 5-15%. Mount bars 6061-T6 Al.",8.8,24,20.8,11,4.7,16,15.7,5.3,16,15.7,5.3,M4 x 0.7,68.3,10.2,4.1,-100,260,7-8
"Enidine Wire Rope Isolator Technologies catalogue ENI877R4 (2007 ed., cover rev. 09/23)",WR2,WR2-600-10,1.6,10,79.5,33,28,4.7,0.03,,27,12,3.9,3.9,,17.8,,"crimp construction; self-clinching threaded insert, max torque 0.7 Nm. Mounting options A,B,C,D,E,S. Length = overall mount-bar length; width = catalogue 'W' (ref, loop width); height = 'H' (ref). Wire dia from drawing (ref). Catalogue values in N and kN/m (=N/mm) used directly; no lbf conversion. Kv = vibration (small-amplitude) stiffness, Ks = average shock stiffness. Catalogue gives a single combined Shear/Roll table for WR/CR series, so roll_* = shear_* here; 45-deg compression/roll values in roll45_* columns. Static load min not published. Performance for full-loop version with 302/304 SS cable; reduced-loop stiffness/load scale by (loops/full loops). Damping typically 5-15%. Mount bars 6061-T6 Al.",6.1,18,24.9,7.0,3.0,13,18.8,3.9,13,18.8,3.9,M4 x 0.7,68.3,10.2,4.1,-100,260,7-8
"Enidine Wire Rope Isolator Technologies catalogue ENI877R4 (2007 ed., cover rev. 09/23)",WR2,WR2-700-10,1.6,10,79.5,36,30,4.7,0.03,,22,11,3.2,3.2,,18.8,,"crimp construction; self-clinching threaded insert, max torque 0.7 Nm. Mounting options A,B,C,D,E,S. Length = overall mount-bar length; width = catalogue 'W' (ref, loop width); height = 'H' (ref). Wire dia from drawing (ref). Catalogue values in N and kN/m (=N/mm) used directly; no lbf conversion. Kv = vibration (small-amplitude) stiffness, Ks = average shock stiffness. Catalogue gives a single combined Shear/Roll table for WR/CR series, so roll_* = shear_* here; 45-deg compression/roll values in roll45_* columns. Static load min not published. Performance for full-loop version with 302/304 SS cable; reduced-loop stiffness/load scale by (loops/full loops). Damping typically 5-15%. Mount bars 6061-T6 Al.",5.3,18,26.9,6.1,2.6,13,19.8,3.2,13,19.8,3.2,M4 x 0.7,68.3,10.2,4.1,-100,260,7-8
"Enidine Wire Rope Isolator Technologies catalogue ENI877R4 (2007 ed., cover rev. 09/23)",WR2,WR2-800-10,1.6,10,79.5,38,33,4.7,0.03,,20,7.9,2.3,2.3,,21.8,,"crimp construction; self-clinching threaded insert, max torque 0.7 Nm. Mounting options A,B,C,D,E,S. Length = overall mount-bar length; width = catalogue 'W' (ref, loop width); height = 'H' (ref). Wire dia from drawing (ref). Catalogue values in N and kN/m (=N/mm) used directly; no lbf conversion. Kv = vibration (small-amplitude) stiffness, Ks = average shock stiffness. Catalogue gives a single combined Shear/Roll table for WR/CR series, so roll_* = shear_* here; 45-deg compression/roll values in roll45_* columns. Static load min not published. Performance for full-loop version with 302/304 SS cable; reduced-loop stiffness/load scale by (loops/full loops). Damping typically 5-15%. Mount bars 6061-T6 Al.",3.9,16,31.0,5.3,1.9,11,22.9,2.3,11,22.9,2.3,M4 x 0.7,68.3,10.2,4.1,-100,260,7-8
"Enidine Wire Rope Isolator Technologies catalogue ENI877R4 (2007 ed., cover rev. 09/23)",WR3,WR3-100-10,2.4,10,112.3,28,23,5.6,0.06,,85,65,24,24,,8.6,,"crimp construction; threaded insert max torque 0.9 Nm. Mounting options B,D,E. Length = overall mount-bar length; width = catalogue 'W' (ref, loop width); height = 'H' (ref). Wire dia from drawing (ref). Catalogue values in N and kN/m (=N/mm) used directly; no lbf conversion. Kv = vibration (small-amplitude) stiffness, Ks = average shock stiffness. Catalogue gives a single combined Shear/Roll table for WR/CR series, so roll_* = shear_* here; 45-deg compression/roll values in roll45_* columns. Static load min not published. Performance for full-loop version with 302/304 SS cable; reduced-loop stiffness/load scale by (loops/full loops). Damping typically 5-15%. Mount bars 6061-T6 Al.",40,62,12.7,38,20,44,9.7,24,44,9.7,24,M5 x 0.8,100.3,12.7,6.4,-100,260,9-10
"Enidine Wire Rope Isolator Technologies catalogue ENI877R4 (2007 ed., cover rev. 09/23)",WR3,WR3-200-10,2.4,10,112.3,30,25,5.6,0.07,,76,51,18,18,,10.7,,"crimp construction; threaded insert max torque 0.9 Nm. Mounting options A,B,C,D,E,S. Length = overall mount-bar length; width = catalogue 'W' (ref, loop width); height = 'H' (ref). Wire dia from drawing (ref). Catalogue values in N and kN/m (=N/mm) used directly; no lbf conversion. Kv = vibration (small-amplitude) stiffness, Ks = average shock stiffness. Catalogue gives a single combined Shear/Roll table for WR/CR series, so roll_* = shear_* here; 45-deg compression/roll values in roll45_* columns. Static load min not published. Performance for full-loop version with 302/304 SS cable; reduced-loop stiffness/load scale by (loops/full loops). Damping typically 5-15%. Mount bars 6061-T6 Al.",30,53,15.7,28,14,40,11.7,18,40,11.7,18,M5 x 0.8,100.3,12.7,6.4,-100,260,9-10
"Enidine Wire Rope Isolator Technologies catalogue ENI877R4 (2007 ed., cover rev. 09/23)",WR3,WR3-400-10,2.4,10,112.3,33,28,5.6,0.07,,62,37,12,12,,13.7,,"crimp construction; threaded insert max torque 0.9 Nm. Mounting options A,B,C,D,E,S. Length = overall mount-bar length; width = catalogue 'W' (ref, loop width); height = 'H' (ref). Wire dia from drawing (ref). Catalogue values in N and kN/m (=N/mm) used directly; no lbf conversion. Kv = vibration (small-amplitude) stiffness, Ks = average shock stiffness. Catalogue gives a single combined Shear/Roll table for WR/CR series, so roll_* = shear_* here; 45-deg compression/roll values in roll45_* columns. Static load min not published. Performance for full-loop version with 302/304 SS cable; reduced-loop stiffness/load scale by (loops/full loops). Damping typically 5-15%. Mount bars 6061-T6 Al.",19,44,18.8,21,9.6,31,13.7,12,31,13.7,12,M5 x 0.8,100.3,12.7,6.4,-100,260,9-10
"Enidine Wire Rope Isolator Technologies catalogue ENI877R4 (2007 ed., cover rev. 09/23)",WR3,WR3-600-10,2.4,10,112.3,38,33,5.6,0.07,,44,23,7.0,7.0,,17.8,,"crimp construction; threaded insert max torque 0.9 Nm. Mounting options A,B,C,D,E,S. Length = overall mount-bar length; width = catalogue 'W' (ref, loop width); height = 'H' (ref). Wire dia from drawing (ref). Catalogue values in N and kN/m (=N/mm) used directly; no lbf conversion. Kv = vibration (small-amplitude) stiffness, Ks = average shock stiffness. Catalogue gives a single combined Shear/Roll table for WR/CR series, so roll_* = shear_* here; 45-deg compression/roll values in roll45_* columns. Static load min not published. Performance for full-loop version with 302/304 SS cable; reduced-loop stiffness/load scale by (loops/full loops). Damping typically 5-15%. Mount bars 6061-T6 Al.",11,36,25.9,13,5.6,27,18.8,7.0,27,18.8,7.0,M5 x 0.8,100.3,12.7,6.4,-100,260,9-10
"Enidine Wire Rope Isolator Technologies catalogue ENI877R4 (2007 ed., cover rev. 09/23)",WR3,WR3-700-10,2.4,10,112.3,41,36,5.6,0.07,,40,18,5.3,5.3,,20.8,,"crimp construction; threaded insert max torque 0.9 Nm. Mounting options A,B,C,D,E,S. Length = overall mount-bar length; width = catalogue 'W' (ref, loop width); height = 'H' (ref). Wire dia from drawing (ref). Catalogue values in N and kN/m (=N/mm) used directly; no lbf conversion. Kv = vibration (small-amplitude) stiffness, Ks = average shock stiffness. Catalogue gives a single combined Shear/Roll table for WR/CR series, so roll_* = shear_* here; 45-deg compression/roll values in roll45_* columns. Static load min not published. Performance for full-loop version with 302/304 SS cable; reduced-loop stiffness/load scale by (loops/full loops). Damping typically 5-15%. Mount bars 6061-T6 Al.",7.9,31,27.9,11,4.4,22,21.8,5.3,22,21.8,5.3,M5 x 0.8,100.3,12.7,6.4,-100,260,9-10
"Enidine Wire Rope Isolator Technologies catalogue ENI877R4 (2007 ed., cover rev. 09/23)",WR3,WR3-800-10,2.4,10,112.3,43,38,5.6,0.08,,40,16,4.4,4.4,,22.9,,"crimp construction; threaded insert max torque 0.9 Nm. Mounting options A,B,C,D,E,S. Length = overall mount-bar length; width = catalogue 'W' (ref, loop width); height = 'H' (ref). Wire dia from drawing (ref). Catalogue values in N and kN/m (=N/mm) used directly; no lbf conversion. Kv = vibration (small-amplitude) stiffness, Ks = average shock stiffness. Catalogue gives a single combined Shear/Roll table for WR/CR series, so roll_* = shear_* here; 45-deg compression/roll values in roll45_* columns. Static load min not published. Performance for full-loop version with 302/304 SS cable; reduced-loop stiffness/load scale by (loops/full loops). Damping typically 5-15%. Mount bars 6061-T6 Al.",7.0,27,32.0,9.6,3.5,18,23.9,4.4,18,23.9,4.4,M5 x 0.8,100.3,12.7,6.4,-100,260,9-10
"Enidine Wire Rope Isolator Technologies catalogue ENI877R4 (2007 ed., cover rev. 09/23)",WR4,WR4-100-10,3.2,10,127.0,36,28,6.9,0.12,,213,154,56,56,,9.7,,"crimp construction; threaded insert max torque 3.7 Nm. Mounting options B,D,E. Length = overall mount-bar length; width = catalogue 'W' (ref, loop width); height = 'H' (ref). Wire dia from drawing (ref). Catalogue values in N and kN/m (=N/mm) used directly; no lbf conversion. Kv = vibration (small-amplitude) stiffness, Ks = average shock stiffness. Catalogue gives a single combined Shear/Roll table for WR/CR series, so roll_* = shear_* here; 45-deg compression/roll values in roll45_* columns. Static load min not published. Performance for full-loop version with 302/304 SS cable; reduced-loop stiffness/load scale by (loops/full loops). Damping typically 5-15%. Mount bars 6061-T6 Al.",91,149,13.7,86,46,111,9.7,56,111,9.7,56,M6 x 1.0,114.3,14.3,7.9,-100,260,11-12
"Enidine Wire Rope Isolator Technologies catalogue ENI877R4 (2007 ed., cover rev. 09/23)",WR4,WR4-200-10,3.2,10,127.0,38,30,6.9,0.12,,194,124,43,43,,11.7,,"crimp construction; threaded insert max torque 3.7 Nm. Mounting options B,D,E. Length = overall mount-bar length; width = catalogue 'W' (ref, loop width); height = 'H' (ref). Wire dia from drawing (ref). Catalogue values in N and kN/m (=N/mm) used directly; no lbf conversion. Kv = vibration (small-amplitude) stiffness, Ks = average shock stiffness. Catalogue gives a single combined Shear/Roll table for WR/CR series, so roll_* = shear_* here; 45-deg compression/roll values in roll45_* columns. Static load min not published. Performance for full-loop version with 302/304 SS cable; reduced-loop stiffness/load scale by (loops/full loops). Damping typically 5-15%. Mount bars 6061-T6 Al.",68,138,17.3,70,35,98,11.7,43,98,11.7,43,M6 x 1.0,114.3,14.3,7.9,-100,260,11-12
"Enidine Wire Rope Isolator Technologies catalogue ENI877R4 (2007 ed., cover rev. 09/23)",WR4,WR4-400-10,3.2,10,127.0,41,33,6.9,0.13,,166,95,31,31,,13.7,,"crimp construction; threaded insert max torque 3.7 Nm. Mounting options A,B,C,D,E,S. Length = overall mount-bar length; width = catalogue 'W' (ref, loop width); height = 'H' (ref). Wire dia from drawing (ref). Catalogue values in N and kN/m (=N/mm) used directly; no lbf conversion. Kv = vibration (small-amplitude) stiffness, Ks = average shock stiffness. Catalogue gives a single combined Shear/Roll table for WR/CR series, so roll_* = shear_* here; 45-deg compression/roll values in roll45_* columns. Static load min not published. Performance for full-loop version with 302/304 SS cable; reduced-loop stiffness/load scale by (loops/full loops). Damping typically 5-15%. Mount bars 6061-T6 Al.",51,118,19.8,53,25,93,14.7,31,93,14.7,31,M6 x 1.0,114.3,14.3,7.9,-100,260,11-12
"Enidine Wire Rope Isolator Technologies catalogue ENI877R4 (2007 ed., cover rev. 09/23)",WR4,WR4-500-10,3.2,10,127.0,43,36,6.9,0.13,,156,78,25,25,,16.8,,"crimp construction; threaded insert max torque 3.7 Nm. Mounting options A,B,C,D,E,S. Length = overall mount-bar length; width = catalogue 'W' (ref, loop width); height = 'H' (ref). Wire dia from drawing (ref). Catalogue values in N and kN/m (=N/mm) used directly; no lbf conversion. Kv = vibration (small-amplitude) stiffness, Ks = average shock stiffness. Catalogue gives a single combined Shear/Roll table for WR/CR series, so roll_* = shear_* here; 45-deg compression/roll values in roll45_* columns. Static load min not published. Performance for full-loop version with 302/304 SS cable; reduced-loop stiffness/load scale by (loops/full loops). Damping typically 5-15%. Mount bars 6061-T6 Al.",39,111,23.9,44,20,85,17.8,25,85,17.8,25,M6 x 1.0,114.3,14.3,7.9,-100,260,11-12
"Enidine Wire Rope Isolator Technologies catalogue ENI877R4 (2007 ed., cover rev. 09/23)",WR4,WR4-600-10,3.2,10,127.0,46,38,6.9,0.13,,142,67,19,19,,18.8,,"crimp construction; threaded insert max torque 3.7 Nm. Mounting options A,B,C,D,E,S. Length = overall mount-bar length; width = catalogue 'W' (ref, loop width); height = 'H' (ref). Wire dia from drawing (ref). Catalogue values in N and kN/m (=N/mm) used directly; no lbf conversion. Kv = vibration (small-amplitude) stiffness, Ks = average shock stiffness. Catalogue gives a single combined Shear/Roll table for WR/CR series, so roll_* = shear_* here; 45-deg compression/roll values in roll45_* columns. Static load min not published. Performance for full-loop version with 302/304 SS cable; reduced-loop stiffness/load scale by (loops/full loops). Damping typically 5-15%. Mount bars 6061-T6 Al.",32,102,26.9,39,16,80,19.8,19,80,19.8,19,M6 x 1.0,114.3,14.3,7.9,-100,260,11-12
"Enidine Wire Rope Isolator Technologies catalogue ENI877R4 (2007 ed., cover rev. 09/23)",WR4,WR4-700-10,3.2,10,127.0,48,41,6.9,0.14,,133,57,16,16,,21.8,,"crimp construction; threaded insert max torque 3.7 Nm. Mounting options A,B,C,D,E,S. Length = overall mount-bar length; width = catalogue 'W' (ref, loop width); height = 'H' (ref). Wire dia from drawing (ref). Catalogue values in N and kN/m (=N/mm) used directly; no lbf conversion. Kv = vibration (small-amplitude) stiffness, Ks = average shock stiffness. Catalogue gives a single combined Shear/Roll table for WR/CR series, so roll_* = shear_* here; 45-deg compression/roll values in roll45_* columns. Static load min not published. Performance for full-loop version with 302/304 SS cable; reduced-loop stiffness/load scale by (loops/full loops). Damping typically 5-15%. Mount bars 6061-T6 Al.",25,94,31.0,32,12,71,22.9,16,71,22.9,16,M6 x 1.0,114.3,14.3,7.9,-100,260,11-12
"Enidine Wire Rope Isolator Technologies catalogue ENI877R4 (2007 ed., cover rev. 09/23)",WR4,WR4-800-10,3.2,10,127.0,51,43,6.9,0.14,,117,46,12,12,,23.9,,"crimp construction; threaded insert max torque 3.7 Nm. Mounting options A,B,C,D,E,S. Length = overall mount-bar length; width = catalogue 'W' (ref, loop width); height = 'H' (ref). Wire dia from drawing (ref). Catalogue values in N and kN/m (=N/mm) used directly; no lbf conversion. Kv = vibration (small-amplitude) stiffness, Ks = average shock stiffness. Catalogue gives a single combined Shear/Roll table for WR/CR series, so roll_* = shear_* here; 45-deg compression/roll values in roll45_* columns. Static load min not published. Performance for full-loop version with 302/304 SS cable; reduced-loop stiffness/load scale by (loops/full loops). Damping typically 5-15%. Mount bars 6061-T6 Al.",21,84,34.0,26,11,62,25.9,12,62,25.9,12,M6 x 1.0,114.3,14.3,7.9,-100,260,11-12
"Enidine Wire Rope Isolator Technologies catalogue ENI877R4 (2007 ed., cover rev. 09/23)",WR5,WR5-200-10,4.0,10,127.0,41,30,6.9,0.15,,364,222,73,73,,12.7,,"crimp construction; threaded insert max torque 4.3 Nm. Mounting options B,D,E. Length = overall mount-bar length; width = catalogue 'W' (ref, loop width); height = 'H' (ref). Wire dia from drawing (ref). Catalogue values in N and kN/m (=N/mm) used directly; no lbf conversion. Kv = vibration (small-amplitude) stiffness, Ks = average shock stiffness. Catalogue gives a single combined Shear/Roll table for WR/CR series, so roll_* = shear_* here; 45-deg compression/roll values in roll45_* columns. Static load min not published. Performance for full-loop version with 302/304 SS cable; reduced-loop stiffness/load scale by (loops/full loops). Damping typically 5-15%. Mount bars 6061-T6 Al.",117,254,17.8,123,60,178,12.7,73,178,12.7,73,M6 x 1.0,114.3,14.3,7.9,-100,260,13-14
"Enidine Wire Rope Isolator Technologies catalogue ENI877R4 (2007 ed., cover rev. 09/23)",WR5,WR5-400-10,4.0,10,127.0,43,33,6.9,0.15,,309,170,53,53,,14.7,,"crimp construction; threaded insert max torque 4.3 Nm. Mounting options A,B,C,D,E,S. Length = overall mount-bar length; width = catalogue 'W' (ref, loop width); height = 'H' (ref). Wire dia from drawing (ref). Catalogue values in N and kN/m (=N/mm) used directly; no lbf conversion. Kv = vibration (small-amplitude) stiffness, Ks = average shock stiffness. Catalogue gives a single combined Shear/Roll table for WR/CR series, so roll_* = shear_* here; 45-deg compression/roll values in roll45_* columns. Static load min not published. Performance for full-loop version with 302/304 SS cable; reduced-loop stiffness/load scale by (loops/full loops). Damping typically 5-15%. Mount bars 6061-T6 Al.",88,218,21.8,96,42,156,15.7,53,156,15.7,53,M6 x 1.0,114.3,14.3,7.9,-100,260,13-14
"Enidine Wire Rope Isolator Technologies catalogue ENI877R4 (2007 ed., cover rev. 09/23)",WR5,WR5-600-10,4.0,10,127.0,48,38,6.9,0.16,,257,116,33,33,,19.8,,"crimp construction; threaded insert max torque 4.3 Nm. Mounting options A,B,C,D,E,S. Length = overall mount-bar length; width = catalogue 'W' (ref, loop width); height = 'H' (ref). Wire dia from drawing (ref). Catalogue values in N and kN/m (=N/mm) used directly; no lbf conversion. Kv = vibration (small-amplitude) stiffness, Ks = average shock stiffness. Catalogue gives a single combined Shear/Roll table for WR/CR series, so roll_* = shear_* here; 45-deg compression/roll values in roll45_* columns. Static load min not published. Performance for full-loop version with 302/304 SS cable; reduced-loop stiffness/load scale by (loops/full loops). Damping typically 5-15%. Mount bars 6061-T6 Al.",54,182,27.9,66,28,133,20.8,33,133,20.8,33,M6 x 1.0,114.3,14.3,7.9,-100,260,13-14
"Enidine Wire Rope Isolator Technologies catalogue ENI877R4 (2007 ed., cover rev. 09/23)",WR5,WR5-800-10,4.0,10,127.0,53,46,6.9,0.17,,216,84,23,23,,24.9,,"crimp construction; threaded insert max torque 4.3 Nm. Mounting options A,B,C,D,E,S. Length = overall mount-bar length; width = catalogue 'W' (ref, loop width); height = 'H' (ref). Wire dia from drawing (ref). Catalogue values in N and kN/m (=N/mm) used directly; no lbf conversion. Kv = vibration (small-amplitude) stiffness, Ks = average shock stiffness. Catalogue gives a single combined Shear/Roll table for WR/CR series, so roll_* = shear_* here; 45-deg compression/roll values in roll45_* columns. Static load min not published. Performance for full-loop version with 302/304 SS cable; reduced-loop stiffness/load scale by (loops/full loops). Damping typically 5-15%. Mount bars 6061-T6 Al.",37,151,35.6,48,18,111,25.9,23,111,25.9,23,M6 x 1.0,114.3,14.3,7.9,-100,260,13-14
"Enidine Wire Rope Isolator Technologies catalogue ENI877R4 (2007 ed., cover rev. 09/23)",WR5,WR5-900-10,4.0,10,127.0,64,53,6.9,0.18,,172,58,7.9,7.9,,32.0,,"crimp construction; threaded insert max torque 4.3 Nm. Mounting options A,B,C,D,E,S. Length = overall mount-bar length; width = catalogue 'W' (ref, loop width); height = 'H' (ref). Wire dia from drawing (ref). Catalogue values in N and kN/m (=N/mm) used directly; no lbf conversion. Kv = vibration (small-amplitude) stiffness, Ks = average shock stiffness. Catalogue gives a single combined Shear/Roll table for WR/CR series, so roll_* = shear_* here; 45-deg compression/roll values in roll45_* columns. Static load min not published. Performance for full-loop version with 302/304 SS cable; reduced-loop stiffness/load scale by (loops/full loops). Damping typically 5-15%. Mount bars 6061-T6 Al.",23,115,44.7,31,11,40,33.5,7.9,40,33.5,7.9,M6 x 1.0,114.3,14.3,7.9,-100,260,13-14
"Enidine Wire Rope Isolator Technologies catalogue ENI877R4 (2007 ed., cover rev. 09/23)",WR6,WR6-200-10,4.8,10,127.0,36,30,6.9,0.19,,734,578,224,224,,8.6,,"crimp construction; threaded insert max torque 4.3 Nm. Mounting options D. Length = overall mount-bar length; width = catalogue 'W' (ref, loop width); height = 'H' (ref). Wire dia from drawing (ref). Catalogue values in N and kN/m (=N/mm) used directly; no lbf conversion. Kv = vibration (small-amplitude) stiffness, Ks = average shock stiffness. Catalogue gives a single combined Shear/Roll table for WR/CR series, so roll_* = shear_* here; 45-deg compression/roll values in roll45_* columns. Static load min not published. Performance for full-loop version with 302/304 SS cable; reduced-loop stiffness/load scale by (loops/full loops). Damping typically 5-15%. Mount bars 6061-T6 Al.",363,534,12.7,341,179,356,8.6,224,356,8.6,224,M6 x 1.0,114.3,14.3,9.5,-100,260,15-16
"Enidine Wire Rope Isolator Technologies catalogue ENI877R4 (2007 ed., cover rev. 09/23)",WR6,WR6-300-10,4.8,10,127.0,38,33,6.9,0.2,,712,455,156,156,,11.7,,"crimp construction; threaded insert max torque 4.3 Nm. Mounting options D. Length = overall mount-bar length; width = catalogue 'W' (ref, loop width); height = 'H' (ref). Wire dia from drawing (ref). Catalogue values in N and kN/m (=N/mm) used directly; no lbf conversion. Kv = vibration (small-amplitude) stiffness, Ks = average shock stiffness. Catalogue gives a single combined Shear/Roll table for WR/CR series, so roll_* = shear_* here; 45-deg compression/roll values in roll45_* columns. Static load min not published. Performance for full-loop version with 302/304 SS cable; reduced-loop stiffness/load scale by (loops/full loops). Damping typically 5-15%. Mount bars 6061-T6 Al.",252,512,16.8,258,126,356,11.7,156,356,11.7,156,M6 x 1.0,114.3,14.3,9.5,-100,260,15-16
"Enidine Wire Rope Isolator Technologies catalogue ENI877R4 (2007 ed., cover rev. 09/23)",WR6,WR6-400-10,4.8,10,127.0,41,36,6.9,0.21,,601,347,112,112,,13.7,,"crimp construction; threaded insert max torque 4.3 Nm. Mounting options B,D,E. Length = overall mount-bar length; width = catalogue 'W' (ref, loop width); height = 'H' (ref). Wire dia from drawing (ref). Catalogue values in N and kN/m (=N/mm) used directly; no lbf conversion. Kv = vibration (small-amplitude) stiffness, Ks = average shock stiffness. Catalogue gives a single combined Shear/Roll table for WR/CR series, so roll_* = shear_* here; 45-deg compression/roll values in roll45_* columns. Static load min not published. Performance for full-loop version with 302/304 SS cable; reduced-loop stiffness/load scale by (loops/full loops). Damping typically 5-15%. Mount bars 6061-T6 Al.",189,432,19.8,197,93,334,14.7,112,334,14.7,112,M6 x 1.0,114.3,14.3,9.5,-100,260,15-16
"Enidine Wire Rope Isolator Technologies catalogue ENI877R4 (2007 ed., cover rev. 09/23)",WR6,WR6-500-10,4.8,10,127.0,43,38,6.9,0.21,,578,301,93,93,,15.7,,"crimp construction; threaded insert max torque 4.3 Nm. Mounting options B,D,E. Length = overall mount-bar length; width = catalogue 'W' (ref, loop width); height = 'H' (ref). Wire dia from drawing (ref). Catalogue values in N and kN/m (=N/mm) used directly; no lbf conversion. Kv = vibration (small-amplitude) stiffness, Ks = average shock stiffness. Catalogue gives a single combined Shear/Roll table for WR/CR series, so roll_* = shear_* here; 45-deg compression/roll values in roll45_* columns. Static load min not published. Performance for full-loop version with 302/304 SS cable; reduced-loop stiffness/load scale by (loops/full loops). Damping typically 5-15%. Mount bars 6061-T6 Al.",152,409,22.9,172,75,311,16.8,93,311,16.8,93,M6 x 1.0,114.3,14.3,9.5,-100,260,15-16
"Enidine Wire Rope Isolator Technologies catalogue ENI877R4 (2007 ed., cover rev. 09/23)",WR6,WR6-600-10,4.8,10,127.0,46,41,6.9,0.22,,512,244,70,70,,18.8,,"crimp construction; threaded insert max torque 4.3 Nm. Mounting options B,D,E. Length = overall mount-bar length; width = catalogue 'W' (ref, loop width); height = 'H' (ref). Wire dia from drawing (ref). Catalogue values in N and kN/m (=N/mm) used directly; no lbf conversion. Kv = vibration (small-amplitude) stiffness, Ks = average shock stiffness. Catalogue gives a single combined Shear/Roll table for WR/CR series, so roll_* = shear_* here; 45-deg compression/roll values in roll45_* columns. Static load min not published. Performance for full-loop version with 302/304 SS cable; reduced-loop stiffness/load scale by (loops/full loops). Damping typically 5-15%. Mount bars 6061-T6 Al.",117,373,26.9,141,58,289,19.8,70,289,19.8,70,M6 x 1.0,114.3,14.3,9.5,-100,260,15-16
"Enidine Wire Rope Isolator Technologies catalogue ENI877R4 (2007 ed., cover rev. 09/23)",WR6,WR6-700-10,4.8,10,127.0,48,43,6.9,0.25,,489,212,60,60,,20.8,,"crimp construction; threaded insert max torque 4.3 Nm. Mounting options B,D,E. Length = overall mount-bar length; width = catalogue 'W' (ref, loop width); height = 'H' (ref). Wire dia from drawing (ref). Catalogue values in N and kN/m (=N/mm) used directly; no lbf conversion. Kv = vibration (small-amplitude) stiffness, Ks = average shock stiffness. Catalogue gives a single combined Shear/Roll table for WR/CR series, so roll_* = shear_* here; 45-deg compression/roll values in roll45_* columns. Static load min not published. Performance for full-loop version with 302/304 SS cable; reduced-loop stiffness/load scale by (loops/full loops). Damping typically 5-15%. Mount bars 6061-T6 Al.",96,350,29.0,123,49,267,21.8,60,267,21.8,60,M6 x 1.0,114.3,14.3,9.5,-100,260,15-16
"Enidine Wire Rope Isolator Technologies catalogue ENI877R4 (2007 ed., cover rev. 09/23)",WR6,WR6-800-10,4.8,10,127.0,58,51,6.9,0.26,,365,136,35,35,,26.9,,"crimp construction; threaded insert max torque 4.3 Nm. Mounting options A,B,C,D,E,S. Length = overall mount-bar length; width = catalogue 'W' (ref, loop width); height = 'H' (ref). Wire dia from drawing (ref). Catalogue values in N and kN/m (=N/mm) used directly; no lbf conversion. Kv = vibration (small-amplitude) stiffness, Ks = average shock stiffness. Catalogue gives a single combined Shear/Roll table for WR/CR series, so roll_* = shear_* here; 45-deg compression/roll values in roll45_* columns. Static load min not published. Performance for full-loop version with 302/304 SS cable; reduced-loop stiffness/load scale by (loops/full loops). Damping typically 5-15%. Mount bars 6061-T6 Al.",58,260,38.1,77,28,200,27.9,35,200,27.9,35,M6 x 1.0,114.3,14.3,9.5,-100,260,15-16
"Enidine Wire Rope Isolator Technologies catalogue ENI877R4 (2007 ed., cover rev. 09/23)",WR6,WR6-850-10,4.8,10,127.0,75,54,6.9,0.27,,236,82,11,11,,29.5,,"crimp construction; threaded insert max torque 4.3 Nm. Mounting options A,B,C,D,E,S. Length = overall mount-bar length; width = catalogue 'W' (ref, loop width); height = 'H' (ref). Wire dia from drawing (ref). Catalogue values in N and kN/m (=N/mm) used directly; no lbf conversion. Kv = vibration (small-amplitude) stiffness, Ks = average shock stiffness. Catalogue gives a single combined Shear/Roll table for WR/CR series, so roll_* = shear_* here; 45-deg compression/roll values in roll45_* columns. Static load min not published. Performance for full-loop version with 302/304 SS cable; reduced-loop stiffness/load scale by (loops/full loops). Damping typically 5-15%. Mount bars 6061-T6 Al.",33,177,41.7,49,18,58,31.0,11,58,31.0,11,M6 x 1.0,114.3,14.3,9.5,-100,260,15-16
"Enidine Wire Rope Isolator Technologies catalogue ENI877R4 (2007 ed., cover rev. 09/23)",WR6,WR6-900-10,4.8,10,127.0,88,62,6.9,0.28,,178,54,5.3,5.3,,36.6,,"crimp construction; threaded insert max torque 4.3 Nm. Mounting options A,B,C,D,E,S. Length = overall mount-bar length; width = catalogue 'W' (ref, loop width); height = 'H' (ref). Wire dia from drawing (ref). Catalogue values in N and kN/m (=N/mm) used directly; no lbf conversion. Kv = vibration (small-amplitude) stiffness, Ks = average shock stiffness. Catalogue gives a single combined Shear/Roll table for WR/CR series, so roll_* = shear_* here; 45-deg compression/roll values in roll45_* columns. Static load min not published. Performance for full-loop version with 302/304 SS cable; reduced-loop stiffness/load scale by (loops/full loops). Damping typically 5-15%. Mount bars 6061-T6 Al.",21,136,51.3,33,11,40,38.1,5.3,40,38.1,5.3,M6 x 1.0,114.3,14.3,9.5,-100,260,15-16
"Enidine Wire Rope Isolator Technologies catalogue ENI877R4 (2007 ed., cover rev. 09/23)",WR6,WR6-950-10,4.8,10,127.0,107,81,6.9,0.29,,120,29,2.3,2.3,,52.8,,"crimp construction; threaded insert max torque 4.3 Nm. Mounting options A,B,C,D,E,S. Length = overall mount-bar length; width = catalogue 'W' (ref, loop width); height = 'H' (ref). Wire dia from drawing (ref). Catalogue values in N and kN/m (=N/mm) used directly; no lbf conversion. Kv = vibration (small-amplitude) stiffness, Ks = average shock stiffness. Catalogue gives a single combined Shear/Roll table for WR/CR series, so roll_* = shear_* here; 45-deg compression/roll values in roll45_* columns. Static load min not published. Performance for full-loop version with 302/304 SS cable; reduced-loop stiffness/load scale by (loops/full loops). Damping typically 5-15%. Mount bars 6061-T6 Al.",10,91,74.7,18,5.3,22,55.9,2.3,22,55.9,2.3,M6 x 1.0,114.3,14.3,9.5,-100,260,15-16
"Enidine Wire Rope Isolator Technologies catalogue ENI877R4 (2007 ed., cover rev. 09/23)",WR8,WR8-200-08,6.4,8,146.1,56,48,6.9,0.38,,778,382,110,110,,17.8,,"crimp construction; threaded insert max torque 4.3 Nm. Mounting options A,B,C,D,E,S. Length = overall mount-bar length; width = catalogue 'W' (ref, loop width); height = 'H' (ref). Wire dia from drawing (ref). Catalogue values in N and kN/m (=N/mm) used directly; no lbf conversion. Kv = vibration (small-amplitude) stiffness, Ks = average shock stiffness. Catalogue gives a single combined Shear/Roll table for WR/CR series, so roll_* = shear_* here; 45-deg compression/roll values in roll45_* columns. Static load min not published. Performance for full-loop version with 302/304 SS cable; reduced-loop stiffness/load scale by (loops/full loops). Damping typically 5-15%. Mount bars 6061-T6 Al.",182,556,25.9,215,89,423,18.8,110,423,18.8,110,M6 x 1.0,131.1,15.9,12.7,-100,260,17-18
"Enidine Wire Rope Isolator Technologies catalogue ENI877R4 (2007 ed., cover rev. 09/23)",WR8,WR8-400-08,6.4,8,146.1,64,54,6.9,0.41,,667,266,72,72,,23.9,,"crimp construction; threaded insert max torque 4.3 Nm. Mounting options A,B,C,D,E,S. Length = overall mount-bar length; width = catalogue 'W' (ref, loop width); height = 'H' (ref). Wire dia from drawing (ref). Catalogue values in N and kN/m (=N/mm) used directly; no lbf conversion. Kv = vibration (small-amplitude) stiffness, Ks = average shock stiffness. Catalogue gives a single combined Shear/Roll table for WR/CR series, so roll_* = shear_* here; 45-deg compression/roll values in roll45_* columns. Static load min not published. Performance for full-loop version with 302/304 SS cable; reduced-loop stiffness/load scale by (loops/full loops). Damping typically 5-15%. Mount bars 6061-T6 Al.",116,467,34.0,151,58,356,24.9,72,356,24.9,72,M6 x 1.0,131.1,15.9,12.7,-100,260,17-18
"Enidine Wire Rope Isolator Technologies catalogue ENI877R4 (2007 ed., cover rev. 09/23)",WR8,WR8-500-08,6.4,8,146.1,71,59,6.9,0.43,,556,196,49,49,,29.0,,"crimp construction; threaded insert max torque 4.3 Nm. Mounting options A,B,C,D,E,S. Length = overall mount-bar length; width = catalogue 'W' (ref, loop width); height = 'H' (ref). Wire dia from drawing (ref). Catalogue values in N and kN/m (=N/mm) used directly; no lbf conversion. Kv = vibration (small-amplitude) stiffness, Ks = average shock stiffness. Catalogue gives a single combined Shear/Roll table for WR/CR series, so roll_* = shear_* here; 45-deg compression/roll values in roll45_* columns. Static load min not published. Performance for full-loop version with 302/304 SS cable; reduced-loop stiffness/load scale by (loops/full loops). Damping typically 5-15%. Mount bars 6061-T6 Al.",79,390,39.6,109,40,311,30.0,49,311,30.0,49,M6 x 1.0,131.1,15.9,12.7,-100,260,17-18
"Enidine Wire Rope Isolator Technologies catalogue ENI877R4 (2007 ed., cover rev. 09/23)",WR8,WR8-600-08,6.4,8,146.1,80,64,6.9,0.47,,445,151,37,37,,32.0,,"crimp construction; threaded insert max torque 4.3 Nm. Mounting options A,B,C,D,E,S. Length = overall mount-bar length; width = catalogue 'W' (ref, loop width); height = 'H' (ref). Wire dia from drawing (ref). Catalogue values in N and kN/m (=N/mm) used directly; no lbf conversion. Kv = vibration (small-amplitude) stiffness, Ks = average shock stiffness. Catalogue gives a single combined Shear/Roll table for WR/CR series, so roll_* = shear_* here; 45-deg compression/roll values in roll45_* columns. Static load min not published. Performance for full-loop version with 302/304 SS cable; reduced-loop stiffness/load scale by (loops/full loops). Damping typically 5-15%. Mount bars 6061-T6 Al.",60,321,45.7,86,30,245,34.0,37,245,34.0,37,M6 x 1.0,131.1,15.9,12.7,-100,260,17-18
"Enidine Wire Rope Isolator Technologies catalogue ENI877R4 (2007 ed., cover rev. 09/23)",WR8,WR8-700-08,6.4,8,146.1,89,64,6.9,0.52,,386,127,32,32,,32.0,,"crimp construction; threaded insert max torque 4.3 Nm. Mounting options A,B,C,D,E,S. Length = overall mount-bar length; width = catalogue 'W' (ref, loop width); height = 'H' (ref). Wire dia from drawing (ref). Catalogue values in N and kN/m (=N/mm) used directly; no lbf conversion. Kv = vibration (small-amplitude) stiffness, Ks = average shock stiffness. Catalogue gives a single combined Shear/Roll table for WR/CR series, so roll_* = shear_* here; 45-deg compression/roll values in roll45_* columns. Static load min not published. Performance for full-loop version with 302/304 SS cable; reduced-loop stiffness/load scale by (loops/full loops). Damping typically 5-15%. Mount bars 6061-T6 Al.",51,273,45.7,72,25,222,34.0,32,222,34.0,32,M6 x 1.0,131.1,15.9,12.7,-100,260,17-18
"Enidine Wire Rope Isolator Technologies catalogue ENI877R4 (2007 ed., cover rev. 09/23)",WR8,WR8-800-08,6.4,8,146.1,95,67,6.9,0.54,,351,109,25,25,,35.6,,"crimp construction; threaded insert max torque 4.3 Nm. Mounting options A,B,C,D,E,S. Length = overall mount-bar length; width = catalogue 'W' (ref, loop width); height = 'H' (ref). Wire dia from drawing (ref). Catalogue values in N and kN/m (=N/mm) used directly; no lbf conversion. Kv = vibration (small-amplitude) stiffness, Ks = average shock stiffness. Catalogue gives a single combined Shear/Roll table for WR/CR series, so roll_* = shear_* here; 45-deg compression/roll values in roll45_* columns. Static load min not published. Performance for full-loop version with 302/304 SS cable; reduced-loop stiffness/load scale by (loops/full loops). Damping typically 5-15%. Mount bars 6061-T6 Al.",42,248,50.8,61,21,200,38.1,25,200,38.1,25,M6 x 1.0,131.1,15.9,12.7,-100,260,17-18
"Enidine Wire Rope Isolator Technologies catalogue ENI877R4 (2007 ed., cover rev. 09/23)",WR8,WR8-850-08,6.4,8,146.1,100,67,6.9,0.57,,325,100,23,23,,35.6,,"crimp construction; threaded insert max torque 4.3 Nm. Mounting options A,B,C,D,E,S. Length = overall mount-bar length; width = catalogue 'W' (ref, loop width); height = 'H' (ref). Wire dia from drawing (ref). Catalogue values in N and kN/m (=N/mm) used directly; no lbf conversion. Kv = vibration (small-amplitude) stiffness, Ks = average shock stiffness. Catalogue gives a single combined Shear/Roll table for WR/CR series, so roll_* = shear_* here; 45-deg compression/roll values in roll45_* columns. Static load min not published. Performance for full-loop version with 302/304 SS cable; reduced-loop stiffness/load scale by (loops/full loops). Damping typically 5-15%. Mount bars 6061-T6 Al.",39,229,50.8,56,19,178,38.1,23,178,38.1,23,M6 x 1.0,131.1,15.9,12.7,-100,260,17-18
"Enidine Wire Rope Isolator Technologies catalogue ENI877R4 (2007 ed., cover rev. 09/23)",WR8,WR8-900-08,6.4,8,146.1,108,83,6.9,0.59,,297,74,16,16,,50.8,,"crimp construction; threaded insert max torque 4.3 Nm. Mounting options A,B,C,D,E,S. Length = overall mount-bar length; width = catalogue 'W' (ref, loop width); height = 'H' (ref). Wire dia from drawing (ref). Catalogue values in N and kN/m (=N/mm) used directly; no lbf conversion. Kv = vibration (small-amplitude) stiffness, Ks = average shock stiffness. Catalogue gives a single combined Shear/Roll table for WR/CR series, so roll_* = shear_* here; 45-deg compression/roll values in roll45_* columns. Static load min not published. Performance for full-loop version with 302/304 SS cable; reduced-loop stiffness/load scale by (loops/full loops). Damping typically 5-15%. Mount bars 6061-T6 Al.",25,209,71.6,41,12,156,52.8,16,156,52.8,16,M6 x 1.0,131.1,15.9,12.7,-100,260,17-18
"Enidine Wire Rope Isolator Technologies catalogue ENI877R4 (2007 ed., cover rev. 09/23)",WR12 (6-loop),WR12-206-06,9.5,6,169.2,84,71,7.1,0.83,,1090,275,98,98,,34.0,,"clamp construction; threaded bar max torque 10 Nm. Mounting options A,B,C,D,E,S. Length = overall mount-bar length; width = catalogue 'W' (ref, loop width); height = 'H' (ref). Wire dia from drawing (ref). Catalogue values in N and kN/m (=N/mm) used directly; no lbf conversion. Kv = vibration (small-amplitude) stiffness, Ks = average shock stiffness. Catalogue gives a single combined Shear/Roll table for WR/CR series, so roll_* = shear_* here; 45-deg compression/roll values in roll45_* columns. Static load min not published. Performance for full-loop version with 302/304 SS cable; reduced-loop stiffness/load scale by (loops/full loops). Damping typically 5-15%. Mount bars 6061-T6 Al.",135,890,47.8,177,77,689,36.1,98,689,36.1,98,M6 x 1.0,44.5/111.1/155.6 (8 holes),25.4,16.3,-100,260,19-20
"Enidine Wire Rope Isolator Technologies catalogue ENI877R4 (2007 ed., cover rev. 09/23)",WR12 (6-loop),WR12-306-06,9.5,6,169.2,89,74,7.1,0.85,,1023,240,84,84,,37.1,,"clamp construction; threaded bar max torque 10 Nm. Mounting options A,B,C,D,E,S. Length = overall mount-bar length; width = catalogue 'W' (ref, loop width); height = 'H' (ref). Wire dia from drawing (ref). Catalogue values in N and kN/m (=N/mm) used directly; no lbf conversion. Kv = vibration (small-amplitude) stiffness, Ks = average shock stiffness. Catalogue gives a single combined Shear/Roll table for WR/CR series, so roll_* = shear_* here; 45-deg compression/roll values in roll45_* columns. Static load min not published. Performance for full-loop version with 302/304 SS cable; reduced-loop stiffness/load scale by (loops/full loops). Damping typically 5-15%. Mount bars 6061-T6 Al.",114,823,51.8,156,67,645,39.1,84,645,39.1,84,M6 x 1.0,44.5/111.1/155.6 (8 holes),25.4,16.3,-100,260,19-20
"Enidine Wire Rope Isolator Technologies catalogue ENI877R4 (2007 ed., cover rev. 09/23)",WR12 (6-loop),WR12-406-06,9.5,6,169.2,105,76,7.1,0.9,,801,180,58,58,,40.1,,"clamp construction; threaded bar max torque 10 Nm. Mounting options A,B,C,D,E,S. Length = overall mount-bar length; width = catalogue 'W' (ref, loop width); height = 'H' (ref). Wire dia from drawing (ref). Catalogue values in N and kN/m (=N/mm) used directly; no lbf conversion. Kv = vibration (small-amplitude) stiffness, Ks = average shock stiffness. Catalogue gives a single combined Shear/Roll table for WR/CR series, so roll_* = shear_* here; 45-deg compression/roll values in roll45_* columns. Static load min not published. Performance for full-loop version with 302/304 SS cable; reduced-loop stiffness/load scale by (loops/full loops). Damping typically 5-15%. Mount bars 6061-T6 Al.",84,667,55.9,120,49,489,42.2,58,489,42.2,58,M6 x 1.0,44.5/111.1/155.6 (8 holes),25.4,16.3,-100,260,19-20
"Enidine Wire Rope Isolator Technologies catalogue ENI877R4 (2007 ed., cover rev. 09/23)",WR12 (6-loop),WR12-506-06,9.5,6,169.2,108,83,7.1,0.95,,734,154,49,49,,44.7,,"clamp construction; threaded bar max torque 10 Nm. Mounting options A,B,C,D,E,S. Length = overall mount-bar length; width = catalogue 'W' (ref, loop width); height = 'H' (ref). Wire dia from drawing (ref). Catalogue values in N and kN/m (=N/mm) used directly; no lbf conversion. Kv = vibration (small-amplitude) stiffness, Ks = average shock stiffness. Catalogue gives a single combined Shear/Roll table for WR/CR series, so roll_* = shear_* here; 45-deg compression/roll values in roll45_* columns. Static load min not published. Performance for full-loop version with 302/304 SS cable; reduced-loop stiffness/load scale by (loops/full loops). Damping typically 5-15%. Mount bars 6061-T6 Al.",68,623,63.0,103,40,467,47.2,49,467,47.2,49,M6 x 1.0,44.5/111.1/155.6 (8 holes),25.4,16.3,-100,260,19-20
"Enidine Wire Rope Isolator Technologies catalogue ENI877R4 (2007 ed., cover rev. 09/23)",WR12 (6-loop),WR12-606-06,9.5,6,169.2,108,89,7.1,0.98,,712,137,44,44,,49.8,,"clamp construction; threaded bar max torque 10 Nm. Mounting options A,B,C,D,E,S. Length = overall mount-bar length; width = catalogue 'W' (ref, loop width); height = 'H' (ref). Wire dia from drawing (ref). Catalogue values in N and kN/m (=N/mm) used directly; no lbf conversion. Kv = vibration (small-amplitude) stiffness, Ks = average shock stiffness. Catalogue gives a single combined Shear/Roll table for WR/CR series, so roll_* = shear_* here; 45-deg compression/roll values in roll45_* columns. Static load min not published. Performance for full-loop version with 302/304 SS cable; reduced-loop stiffness/load scale by (loops/full loops). Damping typically 5-15%. Mount bars 6061-T6 Al.",60,601,71.1,92,35,445,52.8,44,445,52.8,44,M6 x 1.0,44.5/111.1/155.6 (8 holes),25.4,16.3,-100,260,19-20
"Enidine Wire Rope Isolator Technologies catalogue ENI877R4 (2007 ed., cover rev. 09/23)",WR12 (6-loop),WR12-706-06,9.5,6,169.2,121,105,7.1,1.07,,396,65,20,20,,66.0,,"clamp construction; threaded bar max torque 10 Nm. Mounting options A,B,C,D,E,S. Length = overall mount-bar length; width = catalogue 'W' (ref, loop width); height = 'H' (ref). Wire dia from drawing (ref). Catalogue values in N and kN/m (=N/mm) used directly; no lbf conversion. Kv = vibration (small-amplitude) stiffness, Ks = average shock stiffness. Catalogue gives a single combined Shear/Roll table for WR/CR series, so roll_* = shear_* here; 45-deg compression/roll values in roll45_* columns. Static load min not published. Performance for full-loop version with 302/304 SS cable; reduced-loop stiffness/load scale by (loops/full loops). Damping typically 5-15%. Mount bars 6061-T6 Al.",25,341,91.9,44,16,200,68.1,20,200,68.1,20,M6 x 1.0,44.5/111.1/155.6 (8 holes),25.4,16.3,-100,260,19-20
"Enidine Wire Rope Isolator Technologies catalogue ENI877R4 (2007 ed., cover rev. 09/23)",WR12 (6-loop),WR12-806-06,9.5,6,169.2,140,108,7.1,1.12,,320,51,15,15,,68.1,,"clamp construction; threaded bar max torque 10 Nm. Mounting options A,B,C,D,E,S. Length = overall mount-bar length; width = catalogue 'W' (ref, loop width); height = 'H' (ref). Wire dia from drawing (ref). Catalogue values in N and kN/m (=N/mm) used directly; no lbf conversion. Kv = vibration (small-amplitude) stiffness, Ks = average shock stiffness. Catalogue gives a single combined Shear/Roll table for WR/CR series, so roll_* = shear_* here; 45-deg compression/roll values in roll45_* columns. Static load min not published. Performance for full-loop version with 302/304 SS cable; reduced-loop stiffness/load scale by (loops/full loops). Damping typically 5-15%. Mount bars 6061-T6 Al.",19,280,95.0,36,12,156,71.1,15,156,71.1,15,M6 x 1.0,44.5/111.1/155.6 (8 holes),25.4,16.3,-100,260,19-20
"Enidine Wire Rope Isolator Technologies catalogue ENI877R4 (2007 ed., cover rev. 09/23)",WR12,WR12-200-08,9.5,8,215.9,84,71,9.0,1.1,,1468,366,130,130,,34.0,,"clamp construction; threaded bar max torque 100 in-lb (printed as 20 Nm). Mounting options A,B,C,D,E,S. Length = overall mount-bar length; width = catalogue 'W' (ref, loop width); height = 'H' (ref). Wire dia from drawing (ref). Catalogue values in N and kN/m (=N/mm) used directly; no lbf conversion. Kv = vibration (small-amplitude) stiffness, Ks = average shock stiffness. Catalogue gives a single combined Shear/Roll table for WR/CR series, so roll_* = shear_* here; 45-deg compression/roll values in roll45_* columns. Static load min not published. Performance for full-loop version with 302/304 SS cable; reduced-loop stiffness/load scale by (loops/full loops). Damping typically 5-15%. Mount bars 6061-T6 Al.",179,1179,47.8,236,103,912,36.1,130,912,36.1,130,M8 x 1.25 tapped (M6 x 1.0 inserts),44.5/111.1/155.6 (8 holes),25.4,16.3,-100,260,21-22
"Enidine Wire Rope Isolator Technologies catalogue ENI877R4 (2007 ed., cover rev. 09/23)",WR12,WR12-300-08,9.5,8,215.9,89,74,9.0,1.13,,1357,320,112,112,,37.1,,"clamp construction; threaded bar max torque 100 in-lb (printed as 20 Nm). Mounting options A,B,C,D,E,S. Length = overall mount-bar length; width = catalogue 'W' (ref, loop width); height = 'H' (ref). Wire dia from drawing (ref). Catalogue values in N and kN/m (=N/mm) used directly; no lbf conversion. Kv = vibration (small-amplitude) stiffness, Ks = average shock stiffness. Catalogue gives a single combined Shear/Roll table for WR/CR series, so roll_* = shear_* here; 45-deg compression/roll values in roll45_* columns. Static load min not published. Performance for full-loop version with 302/304 SS cable; reduced-loop stiffness/load scale by (loops/full loops). Damping typically 5-15%. Mount bars 6061-T6 Al.",152,1090,51.8,208,88,867,39.1,112,867,39.1,112,M8 x 1.25 tapped (M6 x 1.0 inserts),44.5/111.1/155.6 (8 holes),25.4,16.3,-100,260,21-22
"Enidine Wire Rope Isolator Technologies catalogue ENI877R4 (2007 ed., cover rev. 09/23)",WR12,WR12-400-08,9.5,8,215.9,105,76,9.0,1.2,,1068,242,77,77,,40.1,,"clamp construction; threaded bar max torque 100 in-lb (printed as 20 Nm). Mounting options A,B,C,D,E,S. Length = overall mount-bar length; width = catalogue 'W' (ref, loop width); height = 'H' (ref). Wire dia from drawing (ref). Catalogue values in N and kN/m (=N/mm) used directly; no lbf conversion. Kv = vibration (small-amplitude) stiffness, Ks = average shock stiffness. Catalogue gives a single combined Shear/Roll table for WR/CR series, so roll_* = shear_* here; 45-deg compression/roll values in roll45_* columns. Static load min not published. Performance for full-loop version with 302/304 SS cable; reduced-loop stiffness/load scale by (loops/full loops). Damping typically 5-15%. Mount bars 6061-T6 Al.",110,890,55.9,159,65,667,42.2,77,667,42.2,77,M8 x 1.25 tapped (M6 x 1.0 inserts),44.5/111.1/155.6 (8 holes),25.4,16.3,-100,260,21-22
"Enidine Wire Rope Isolator Technologies catalogue ENI877R4 (2007 ed., cover rev. 09/23)",WR12,WR12-500-08,9.5,8,215.9,108,83,9.0,1.26,,979,205,65,65,,44.7,,"clamp construction; threaded bar max torque 100 in-lb (printed as 20 Nm). Mounting options A,B,C,D,E,S. Length = overall mount-bar length; width = catalogue 'W' (ref, loop width); height = 'H' (ref). Wire dia from drawing (ref). Catalogue values in N and kN/m (=N/mm) used directly; no lbf conversion. Kv = vibration (small-amplitude) stiffness, Ks = average shock stiffness. Catalogue gives a single combined Shear/Roll table for WR/CR series, so roll_* = shear_* here; 45-deg compression/roll values in roll45_* columns. Static load min not published. Performance for full-loop version with 302/304 SS cable; reduced-loop stiffness/load scale by (loops/full loops). Damping typically 5-15%. Mount bars 6061-T6 Al.",91,823,63.0,137,54,623,47.2,65,623,47.2,65,M8 x 1.25 tapped (M6 x 1.0 inserts),44.5/111.1/155.6 (8 holes),25.4,16.3,-100,260,21-22
"Enidine Wire Rope Isolator Technologies catalogue ENI877R4 (2007 ed., cover rev. 09/23)",WR12,WR12-600-08,9.5,8,215.9,108,89,9.0,1.3,,934,182,60,60,,49.8,,"clamp construction; threaded bar max torque 100 in-lb (printed as 20 Nm). Mounting options A,B,C,D,E,S. Length = overall mount-bar length; width = catalogue 'W' (ref, loop width); height = 'H' (ref). Wire dia from drawing (ref). Catalogue values in N and kN/m (=N/mm) used directly; no lbf conversion. Kv = vibration (small-amplitude) stiffness, Ks = average shock stiffness. Catalogue gives a single combined Shear/Roll table for WR/CR series, so roll_* = shear_* here; 45-deg compression/roll values in roll45_* columns. Static load min not published. Performance for full-loop version with 302/304 SS cable; reduced-loop stiffness/load scale by (loops/full loops). Damping typically 5-15%. Mount bars 6061-T6 Al.",79,778,71.1,123,47,601,52.8,60,601,52.8,60,M8 x 1.25 tapped (M6 x 1.0 inserts),44.5/111.1/155.6 (8 holes),25.4,16.3,-100,260,21-22
"Enidine Wire Rope Isolator Technologies catalogue ENI877R4 (2007 ed., cover rev. 09/23)",WR12,WR12-700-08,9.5,8,215.9,121,105,9.0,1.43,,534,86,27,27,,66.0,,"clamp construction; threaded bar max torque 100 in-lb (printed as 20 Nm). Mounting options A,B,C,D,E,S. Length = overall mount-bar length; width = catalogue 'W' (ref, loop width); height = 'H' (ref). Wire dia from drawing (ref). Catalogue values in N and kN/m (=N/mm) used directly; no lbf conversion. Kv = vibration (small-amplitude) stiffness, Ks = average shock stiffness. Catalogue gives a single combined Shear/Roll table for WR/CR series, so roll_* = shear_* here; 45-deg compression/roll values in roll45_* columns. Static load min not published. Performance for full-loop version with 302/304 SS cable; reduced-loop stiffness/load scale by (loops/full loops). Damping typically 5-15%. Mount bars 6061-T6 Al.",33,467,91.9,60,21,267,68.1,27,267,68.1,27,M8 x 1.25 tapped (M6 x 1.0 inserts),44.5/111.1/155.6 (8 holes),25.4,16.3,-100,260,21-22
"Enidine Wire Rope Isolator Technologies catalogue ENI877R4 (2007 ed., cover rev. 09/23)",WR12,WR12-800-08,9.5,8,215.9,140,108,9.0,1.5,,423,67,19,19,,68.1,,"clamp construction; threaded bar max torque 100 in-lb (printed as 20 Nm). Mounting options A,B,C,D,E,S. Length = overall mount-bar length; width = catalogue 'W' (ref, loop width); height = 'H' (ref). Wire dia from drawing (ref). Catalogue values in N and kN/m (=N/mm) used directly; no lbf conversion. Kv = vibration (small-amplitude) stiffness, Ks = average shock stiffness. Catalogue gives a single combined Shear/Roll table for WR/CR series, so roll_* = shear_* here; 45-deg compression/roll values in roll45_* columns. Static load min not published. Performance for full-loop version with 302/304 SS cable; reduced-loop stiffness/load scale by (loops/full loops). Damping typically 5-15%. Mount bars 6061-T6 Al.",26,373,95.0,47,16,200,71.1,19,200,71.1,19,M8 x 1.25 tapped (M6 x 1.0 inserts),44.5/111.1/155.6 (8 holes),25.4,16.3,-100,260,21-22
"Enidine Wire Rope Isolator Technologies catalogue ENI877R4 (2007 ed., cover rev. 09/23)",WR16 (6-loop),WR16-206-06,12.7,6,177.8,92,76,9.0,1.36,,2736,716,221,221,,32.0,,"clamp construction; threaded bar max torque 115 in-lb (20 Nm). Mounting options A,B,C,D,E,S. Length = overall mount-bar length; width = catalogue 'W' (ref, loop width); height = 'H' (ref). Wire dia from drawing (ref). Catalogue values in N and kN/m (=N/mm) used directly; no lbf conversion. Kv = vibration (small-amplitude) stiffness, Ks = average shock stiffness. Catalogue gives a single combined Shear/Roll table for WR/CR series, so roll_* = shear_* here; 45-deg compression/roll values in roll45_* columns. Static load min not published. Performance for full-loop version with 302/304 SS cable; reduced-loop stiffness/load scale by (loops/full loops). Damping typically 5-15%. Mount bars 6061-T6 Al.",352,1935,44.7,405,177,1490,33.0,221,1490,33.0,221,M8 x 1.25 tapped (M7 x 1.0 inserts),44.5/111.1/155.6 (8 holes),25.4,19.6,-100,260,23-24
"Enidine Wire Rope Isolator Technologies catalogue ENI877R4 (2007 ed., cover rev. 09/23)",WR16 (6-loop),WR16-306-06,12.7,6,177.8,102,83,9.0,1.43,,2291,531,156,156,,38.1,,"clamp construction; threaded bar max torque 115 in-lb (20 Nm). Mounting options A,B,C,D,E,S. Length = overall mount-bar length; width = catalogue 'W' (ref, loop width); height = 'H' (ref). Wire dia from drawing (ref). Catalogue values in N and kN/m (=N/mm) used directly; no lbf conversion. Kv = vibration (small-amplitude) stiffness, Ks = average shock stiffness. Catalogue gives a single combined Shear/Roll table for WR/CR series, so roll_* = shear_* here; 45-deg compression/roll values in roll45_* columns. Static load min not published. Performance for full-loop version with 302/304 SS cable; reduced-loop stiffness/load scale by (loops/full loops). Damping typically 5-15%. Mount bars 6061-T6 Al.",249,1624,52.8,298,126,1223,40.1,156,1223,40.1,156,M8 x 1.25 tapped (M7 x 1.0 inserts),44.5/111.1/155.6 (8 holes),25.4,19.6,-100,260,23-24
"Enidine Wire Rope Isolator Technologies catalogue ENI877R4 (2007 ed., cover rev. 09/23)",WR16 (6-loop),WR16-406-06,12.7,6,177.8,105,89,9.0,1.5,,2157,461,130,130,,43.2,,"clamp construction; threaded bar max torque 115 in-lb (20 Nm). Mounting options A,B,C,D,E,S. Length = overall mount-bar length; width = catalogue 'W' (ref, loop width); height = 'H' (ref). Wire dia from drawing (ref). Catalogue values in N and kN/m (=N/mm) used directly; no lbf conversion. Kv = vibration (small-amplitude) stiffness, Ks = average shock stiffness. Catalogue gives a single combined Shear/Roll table for WR/CR series, so roll_* = shear_* here; 45-deg compression/roll values in roll45_* columns. Static load min not published. Performance for full-loop version with 302/304 SS cable; reduced-loop stiffness/load scale by (loops/full loops). Damping typically 5-15%. Mount bars 6061-T6 Al.",208,1535,61.0,263,105,1134,45.2,130,1134,45.2,130,M8 x 1.25 tapped (M7 x 1.0 inserts),44.5/111.1/155.6 (8 holes),25.4,19.6,-100,260,23-24
"Enidine Wire Rope Isolator Technologies catalogue ENI877R4 (2007 ed., cover rev. 09/23)",WR16 (6-loop),WR16-606-06,12.7,6,177.8,121,95,9.0,1.67,,1735,343,91,91,,48.8,,"clamp construction; threaded bar max torque 115 in-lb (20 Nm). Mounting options A,B,C,D,E,S. Length = overall mount-bar length; width = catalogue 'W' (ref, loop width); height = 'H' (ref). Wire dia from drawing (ref). Catalogue values in N and kN/m (=N/mm) used directly; no lbf conversion. Kv = vibration (small-amplitude) stiffness, Ks = average shock stiffness. Catalogue gives a single combined Shear/Roll table for WR/CR series, so roll_* = shear_* here; 45-deg compression/roll values in roll45_* columns. Static load min not published. Performance for full-loop version with 302/304 SS cable; reduced-loop stiffness/load scale by (loops/full loops). Damping typically 5-15%. Mount bars 6061-T6 Al.",147,1223,68.6,194,74,912,50.8,91,912,50.8,91,M8 x 1.25 tapped (M7 x 1.0 inserts),44.5/111.1/155.6 (8 holes),25.4,19.6,-100,260,23-24
"Enidine Wire Rope Isolator Technologies catalogue ENI877R4 (2007 ed., cover rev. 09/23)",WR16 (6-loop),WR16-706-06,12.7,6,177.8,133,108,9.0,1.81,,1468,256,60,60,,59.9,,"clamp construction; threaded bar max torque 115 in-lb (20 Nm). Mounting options A,B,C,D,E,S. Length = overall mount-bar length; width = catalogue 'W' (ref, loop width); height = 'H' (ref). Wire dia from drawing (ref). Catalogue values in N and kN/m (=N/mm) used directly; no lbf conversion. Kv = vibration (small-amplitude) stiffness, Ks = average shock stiffness. Catalogue gives a single combined Shear/Roll table for WR/CR series, so roll_* = shear_* here; 45-deg compression/roll values in roll45_* columns. Static load min not published. Performance for full-loop version with 302/304 SS cable; reduced-loop stiffness/load scale by (loops/full loops). Damping typically 5-15%. Mount bars 6061-T6 Al.",103,1045,84.8,144,51,601,56.9,60,601,56.9,60,M8 x 1.25 tapped (M7 x 1.0 inserts),44.5/111.1/155.6 (8 holes),25.4,19.6,-100,260,23-24
"Enidine Wire Rope Isolator Technologies catalogue ENI877R4 (2007 ed., cover rev. 09/23)",WR16 (6-loop),WR16-806-06,12.7,6,177.8,144,124,9.0,2.02,,1290,196,46,46,,74.7,,"clamp construction; threaded bar max torque 115 in-lb (20 Nm). Mounting options A,B,C,D,E,S. Length = overall mount-bar length; width = catalogue 'W' (ref, loop width); height = 'H' (ref). Wire dia from drawing (ref). Catalogue values in N and kN/m (=N/mm) used directly; no lbf conversion. Kv = vibration (small-amplitude) stiffness, Ks = average shock stiffness. Catalogue gives a single combined Shear/Roll table for WR/CR series, so roll_* = shear_* here; 45-deg compression/roll values in roll45_* columns. Static load min not published. Performance for full-loop version with 302/304 SS cable; reduced-loop stiffness/load scale by (loops/full loops). Damping typically 5-15%. Mount bars 6061-T6 Al.",72,912,105.7,110,37,445,77.7,46,445,77.7,46,M8 x 1.25 tapped (M7 x 1.0 inserts),44.5/111.1/155.6 (8 holes),25.4,19.6,-100,260,23-24
"Enidine Wire Rope Isolator Technologies catalogue ENI877R4 (2007 ed., cover rev. 09/23)",WR16 (6-loop),WR16-856-06,12.7,6,177.8,156,137,9.0,2.18,,1134,154,33,33,,85.9,,"clamp construction; threaded bar max torque 115 in-lb (20 Nm). Mounting options A,B,C,D,E,S. Length = overall mount-bar length; width = catalogue 'W' (ref, loop width); height = 'H' (ref). Wire dia from drawing (ref). Catalogue values in N and kN/m (=N/mm) used directly; no lbf conversion. Kv = vibration (small-amplitude) stiffness, Ks = average shock stiffness. Catalogue gives a single combined Shear/Roll table for WR/CR series, so roll_* = shear_* here; 45-deg compression/roll values in roll45_* columns. Static load min not published. Performance for full-loop version with 302/304 SS cable; reduced-loop stiffness/load scale by (loops/full loops). Damping typically 5-15%. Mount bars 6061-T6 Al.",54,801,121.9,88,28,334,90.9,33,334,90.9,33,M8 x 1.25 tapped (M7 x 1.0 inserts),44.5/111.1/155.6 (8 holes),25.4,19.6,-100,260,23-24
"Enidine Wire Rope Isolator Technologies catalogue ENI877R4 (2007 ed., cover rev. 09/23)",WR16 (6-loop),WR16-906-06,12.7,6,177.8,180,155,9.0,2.31,,912,111,23,23,,102.6,,"clamp construction; threaded bar max torque 115 in-lb (20 Nm). Mounting options A,B,C,D,E,S. Length = overall mount-bar length; width = catalogue 'W' (ref, loop width); height = 'H' (ref). Wire dia from drawing (ref). Catalogue values in N and kN/m (=N/mm) used directly; no lbf conversion. Kv = vibration (small-amplitude) stiffness, Ks = average shock stiffness. Catalogue gives a single combined Shear/Roll table for WR/CR series, so roll_* = shear_* here; 45-deg compression/roll values in roll45_* columns. Static load min not published. Performance for full-loop version with 302/304 SS cable; reduced-loop stiffness/load scale by (loops/full loops). Damping typically 5-15%. Mount bars 6061-T6 Al.",37,623,144.8,62,19,222,107.7,23,222,107.7,23,M8 x 1.25 tapped (M7 x 1.0 inserts),44.5/111.1/155.6 (8 holes),25.4,19.6,-100,260,23-24
"Enidine Wire Rope Isolator Technologies catalogue ENI877R4 (2007 ed., cover rev. 09/23)",WR16,WR16-200-08,12.7,8,215.9,92,76,9.0,1.81,,3648,954,294,294,,32.0,,"clamp construction; threaded bar max torque 115 in-lb (20 Nm). Mounting options A,B,C,D,E,S. Length = overall mount-bar length; width = catalogue 'W' (ref, loop width); height = 'H' (ref). Wire dia from drawing (ref). Shear/Roll static load printed 660 lb (2936 N) - inconsistent with 6-loop value 335 lb, possible catalogue typo. Catalogue values in N and kN/m (=N/mm) used directly; no lbf conversion. Kv = vibration (small-amplitude) stiffness, Ks = average shock stiffness. Catalogue gives a single combined Shear/Roll table for WR/CR series, so roll_* = shear_* here; 45-deg compression/roll values in roll45_* columns. Static load min not published. Performance for full-loop version with 302/304 SS cable; reduced-loop stiffness/load scale by (loops/full loops). Damping typically 5-15%. Mount bars 6061-T6 Al.",471,2580,44.7,539,236,2936,33.0,294,2936,33.0,294,M8 x 1.25 tapped (M7 x 1.0 inserts),44.5/111.1/155.6 (8 holes),25.4,19.6,-100,260,25-26
"Enidine Wire Rope Isolator Technologies catalogue ENI877R4 (2007 ed., cover rev. 09/23)",WR16,WR16-300-08,12.7,8,215.9,102,83,9.0,1.91,,3047,708,207,207,,38.1,,"clamp construction; threaded bar max torque 115 in-lb (20 Nm). Mounting options A,B,C,D,E,S. Length = overall mount-bar length; width = catalogue 'W' (ref, loop width); height = 'H' (ref). Wire dia from drawing (ref). Catalogue values in N and kN/m (=N/mm) used directly; no lbf conversion. Kv = vibration (small-amplitude) stiffness, Ks = average shock stiffness. Catalogue gives a single combined Shear/Roll table for WR/CR series, so roll_* = shear_* here; 45-deg compression/roll values in roll45_* columns. Static load min not published. Performance for full-loop version with 302/304 SS cable; reduced-loop stiffness/load scale by (loops/full loops). Damping typically 5-15%. Mount bars 6061-T6 Al.",333,2157,52.8,398,168,1713,40.1,207,1713,40.1,207,M8 x 1.25 tapped (M7 x 1.0 inserts),44.5/111.1/155.6 (8 holes),25.4,19.6,-100,260,25-26
"Enidine Wire Rope Isolator Technologies catalogue ENI877R4 (2007 ed., cover rev. 09/23)",WR16,WR16-400-08,12.7,8,215.9,105,89,9.0,2.0,,2869,613,173,173,,43.2,,"clamp construction; threaded bar max torque 115 in-lb (20 Nm). Mounting options A,B,C,D,E,S. Length = overall mount-bar length; width = catalogue 'W' (ref, loop width); height = 'H' (ref). Wire dia from drawing (ref). Catalogue values in N and kN/m (=N/mm) used directly; no lbf conversion. Kv = vibration (small-amplitude) stiffness, Ks = average shock stiffness. Catalogue gives a single combined Shear/Roll table for WR/CR series, so roll_* = shear_* here; 45-deg compression/roll values in roll45_* columns. Static load min not published. Performance for full-loop version with 302/304 SS cable; reduced-loop stiffness/load scale by (loops/full loops). Damping typically 5-15%. Mount bars 6061-T6 Al.",278,2046,61.0,349,138,1557,45.2,173,1557,45.2,173,M8 x 1.25 tapped (M7 x 1.0 inserts),44.5/111.1/155.6 (8 holes),25.4,19.6,-100,260,25-26
"Enidine Wire Rope Isolator Technologies catalogue ENI877R4 (2007 ed., cover rev. 09/23)",WR16,WR16-600-08,12.7,8,215.9,121,95,9.0,2.22,,2313,457,121,121,,48.8,,"clamp construction; threaded bar max torque 115 in-lb (20 Nm). Mounting options A,B,C,D,E,S. Length = overall mount-bar length; width = catalogue 'W' (ref, loop width); height = 'H' (ref). Wire dia from drawing (ref). Catalogue values in N and kN/m (=N/mm) used directly; no lbf conversion. Kv = vibration (small-amplitude) stiffness, Ks = average shock stiffness. Catalogue gives a single combined Shear/Roll table for WR/CR series, so roll_* = shear_* here; 45-deg compression/roll values in roll45_* columns. Static load min not published. Performance for full-loop version with 302/304 SS cable; reduced-loop stiffness/load scale by (loops/full loops). Damping typically 5-15%. Mount bars 6061-T6 Al.",196,1624,68.6,259,98,1201,50.8,121,1201,50.8,121,M8 x 1.25 tapped (M7 x 1.0 inserts),44.5/111.1/155.6 (8 holes),25.4,19.6,-100,260,25-26
"Enidine Wire Rope Isolator Technologies catalogue ENI877R4 (2007 ed., cover rev. 09/23)",WR16,WR16-700-08,12.7,8,215.9,133,108,9.0,2.4,,1957,340,81,81,,59.9,,"clamp construction; threaded bar max torque 115 in-lb (20 Nm). Mounting options A,B,C,D,E,S. Length = overall mount-bar length; width = catalogue 'W' (ref, loop width); height = 'H' (ref). Wire dia from drawing (ref). Catalogue values in N and kN/m (=N/mm) used directly; no lbf conversion. Kv = vibration (small-amplitude) stiffness, Ks = average shock stiffness. Catalogue gives a single combined Shear/Roll table for WR/CR series, so roll_* = shear_* here; 45-deg compression/roll values in roll45_* columns. Static load min not published. Performance for full-loop version with 302/304 SS cable; reduced-loop stiffness/load scale by (loops/full loops). Damping typically 5-15%. Mount bars 6061-T6 Al.",137,1401,84.8,193,68,801,56.9,81,801,56.9,81,M8 x 1.25 tapped (M7 x 1.0 inserts),44.5/111.1/155.6 (8 holes),25.4,19.6,-100,260,25-26
"Enidine Wire Rope Isolator Technologies catalogue ENI877R4 (2007 ed., cover rev. 09/23)",WR16,WR16-800-08,12.7,8,215.9,144,124,9.0,2.7,,1735,261,60,60,,74.7,,"clamp construction; threaded bar max torque 115 in-lb (20 Nm). Mounting options A,B,C,D,E,S. Length = overall mount-bar length; width = catalogue 'W' (ref, loop width); height = 'H' (ref). Wire dia from drawing (ref). Catalogue values in N and kN/m (=N/mm) used directly; no lbf conversion. Kv = vibration (small-amplitude) stiffness, Ks = average shock stiffness. Catalogue gives a single combined Shear/Roll table for WR/CR series, so roll_* = shear_* here; 45-deg compression/roll values in roll45_* columns. Static load min not published. Performance for full-loop version with 302/304 SS cable; reduced-loop stiffness/load scale by (loops/full loops). Damping typically 5-15%. Mount bars 6061-T6 Al.",96,1223,105.7,147,49,601,77.7,60,601,77.7,60,M8 x 1.25 tapped (M7 x 1.0 inserts),44.5/111.1/155.6 (8 holes),25.4,19.6,-100,260,25-26
"Enidine Wire Rope Isolator Technologies catalogue ENI877R4 (2007 ed., cover rev. 09/23)",WR16,WR16-850-08,12.7,8,215.9,156,137,9.0,2.9,,1512,207,46,46,,85.9,,"clamp construction; threaded bar max torque 115 in-lb (20 Nm). Mounting options A,B,C,D,E,S. Length = overall mount-bar length; width = catalogue 'W' (ref, loop width); height = 'H' (ref). Wire dia from drawing (ref). Catalogue values in N and kN/m (=N/mm) used directly; no lbf conversion. Kv = vibration (small-amplitude) stiffness, Ks = average shock stiffness. Catalogue gives a single combined Shear/Roll table for WR/CR series, so roll_* = shear_* here; 45-deg compression/roll values in roll45_* columns. Static load min not published. Performance for full-loop version with 302/304 SS cable; reduced-loop stiffness/load scale by (loops/full loops). Damping typically 5-15%. Mount bars 6061-T6 Al.",74,1068,121.9,117,37,445,90.9,46,445,90.9,46,M8 x 1.25 tapped (M7 x 1.0 inserts),44.5/111.1/155.6 (8 holes),25.4,19.6,-100,260,25-26
"Enidine Wire Rope Isolator Technologies catalogue ENI877R4 (2007 ed., cover rev. 09/23)",WR16,WR16-900-08,12.7,8,215.9,180,155,9.0,3.09,,1201,148,30,30,,102.6,,"clamp construction; threaded bar max torque 115 in-lb (20 Nm). Mounting options A,B,C,D,E,S. Length = overall mount-bar length; width = catalogue 'W' (ref, loop width); height = 'H' (ref). Wire dia from drawing (ref). Catalogue values in N and kN/m (=N/mm) used directly; no lbf conversion. Kv = vibration (small-amplitude) stiffness, Ks = average shock stiffness. Catalogue gives a single combined Shear/Roll table for WR/CR series, so roll_* = shear_* here; 45-deg compression/roll values in roll45_* columns. Static load min not published. Performance for full-loop version with 302/304 SS cable; reduced-loop stiffness/load scale by (loops/full loops). Damping typically 5-15%. Mount bars 6061-T6 Al.",49,823,144.8,83,25,289,107.7,30,289,107.7,30,M8 x 1.25 tapped (M7 x 1.0 inserts),44.5/111.1/155.6 (8 holes),25.4,19.6,-100,260,25-26
"Enidine Wire Rope Isolator Technologies catalogue ENI877R4 (2007 ed., cover rev. 09/23)",WR20,WR20-200-08,15.9,8,266.7,102,89,11.0,3.0,,6450,1676,524,524,,31.8,,"clamp construction; threaded bar max torque 50 Nm. Mounting options C,D. Length = overall mount-bar length; width = catalogue 'W' (ref, loop width); height = 'H' (ref). Wire dia from drawing (ref). Catalogue values in N and kN/m (=N/mm) used directly; no lbf conversion. Kv = vibration (small-amplitude) stiffness, Ks = average shock stiffness. Catalogue gives a single combined Shear/Roll table for WR/CR series, so roll_* = shear_* here; 45-deg compression/roll values in roll45_* columns. Static load min not published. Performance for full-loop version with 302/304 SS cable; reduced-loop stiffness/load scale by (loops/full loops). Damping typically 5-15%. Mount bars 6061-T6 Al.",849,4537,45.7,951,419,3514,34.3,524,3514,34.3,524,M10 x 1.5,54.6/136.5/191.1 (8 holes),25.4,27.6,-100,260,27-28
"Enidine Wire Rope Isolator Technologies catalogue ENI877R4 (2007 ed., cover rev. 09/23)",WR20,WR20-300-08,15.9,8,266.7,112,99,11.0,3.2,,5471,1259,375,375,,38.1,,"clamp construction; threaded bar max torque 50 Nm. Mounting options A,B,C,D,E,S. Length = overall mount-bar length; width = catalogue 'W' (ref, loop width); height = 'H' (ref). Wire dia from drawing (ref). Catalogue values in N and kN/m (=N/mm) used directly; no lbf conversion. Kv = vibration (small-amplitude) stiffness, Ks = average shock stiffness. Catalogue gives a single combined Shear/Roll table for WR/CR series, so roll_* = shear_* here; 45-deg compression/roll values in roll45_* columns. Static load min not published. Performance for full-loop version with 302/304 SS cable; reduced-loop stiffness/load scale by (loops/full loops). Damping typically 5-15%. Mount bars 6061-T6 Al.",609,3981,54.6,741,305,3025,40.6,375,3025,40.6,375,M10 x 1.5,54.6/136.5/191.1 (8 holes),25.4,27.6,-100,260,27-28
"Enidine Wire Rope Isolator Technologies catalogue ENI877R4 (2007 ed., cover rev. 09/23)",WR20,WR20-400-08,15.9,8,266.7,121,102,11.0,3.4,,5071,1105,308,308,,41.9,,"clamp construction; threaded bar max torque 50 Nm. Mounting options A,B,C,D,E,S. Length = overall mount-bar length; width = catalogue 'W' (ref, loop width); height = 'H' (ref). Wire dia from drawing (ref). Catalogue values in N and kN/m (=N/mm) used directly; no lbf conversion. Kv = vibration (small-amplitude) stiffness, Ks = average shock stiffness. Catalogue gives a single combined Shear/Roll table for WR/CR series, so roll_* = shear_* here; 45-deg compression/roll values in roll45_* columns. Static load min not published. Performance for full-loop version with 302/304 SS cable; reduced-loop stiffness/load scale by (loops/full loops). Damping typically 5-15%. Mount bars 6061-T6 Al.",504,3581,59.7,627,250,2624,43.2,308,2624,43.2,308,M10 x 1.5,54.6/136.5/191.1 (8 holes),25.4,27.6,-100,260,27-28
"Enidine Wire Rope Isolator Technologies catalogue ENI877R4 (2007 ed., cover rev. 09/23)",WR20,WR20-600-08,15.9,8,266.7,135,109,11.0,3.7,,4204,821,215,215,,49.5,,"clamp construction; threaded bar max torque 50 Nm. Mounting options A,B,C,D,E,S. Length = overall mount-bar length; width = catalogue 'W' (ref, loop width); height = 'H' (ref). Wire dia from drawing (ref). Catalogue values in N and kN/m (=N/mm) used directly; no lbf conversion. Kv = vibration (small-amplitude) stiffness, Ks = average shock stiffness. Catalogue gives a single combined Shear/Roll table for WR/CR series, so roll_* = shear_* here; 45-deg compression/roll values in roll45_* columns. Static load min not published. Performance for full-loop version with 302/304 SS cable; reduced-loop stiffness/load scale by (loops/full loops). Damping typically 5-15%. Mount bars 6061-T6 Al.",356,2980,71.1,468,177,2135,52.1,215,2135,52.1,215,M10 x 1.5,54.6/136.5/191.1 (8 holes),25.4,27.6,-100,260,27-28
"Enidine Wire Rope Isolator Technologies catalogue ENI877R4 (2007 ed., cover rev. 09/23)",WR20,WR20-700-08,15.9,8,266.7,152,119,11.0,4.0,,3514,616,152,152,,58.4,,"clamp construction; threaded bar max torque 50 Nm. Mounting options A,B,C,D,E,S. Length = overall mount-bar length; width = catalogue 'W' (ref, loop width); height = 'H' (ref). Wire dia from drawing (ref). Catalogue values in N and kN/m (=N/mm) used directly; no lbf conversion. Kv = vibration (small-amplitude) stiffness, Ks = average shock stiffness. Catalogue gives a single combined Shear/Roll table for WR/CR series, so roll_* = shear_* here; 45-deg compression/roll values in roll45_* columns. Static load min not published. Performance for full-loop version with 302/304 SS cable; reduced-loop stiffness/load scale by (loops/full loops). Damping typically 5-15%. Mount bars 6061-T6 Al.",252,2491,83.8,350,124,1512,61.0,152,1512,61.0,152,M10 x 1.5,54.6/136.5/191.1 (8 holes),25.4,27.6,-100,260,27-28
"Enidine Wire Rope Isolator Technologies catalogue ENI877R4 (2007 ed., cover rev. 09/23)",WR20,WR20-800-08,15.9,8,266.7,165,127,11.0,4.31,,3180,511,123,123,,67.3,,"clamp construction; threaded bar max torque 50 Nm. Mounting options A,B,C,D,E,S. Length = overall mount-bar length; width = catalogue 'W' (ref, loop width); height = 'H' (ref). Wire dia from drawing (ref). Catalogue values in N and kN/m (=N/mm) used directly; no lbf conversion. Kv = vibration (small-amplitude) stiffness, Ks = average shock stiffness. Catalogue gives a single combined Shear/Roll table for WR/CR series, so roll_* = shear_* here; 45-deg compression/roll values in roll45_* columns. Static load min not published. Performance for full-loop version with 302/304 SS cable; reduced-loop stiffness/load scale by (loops/full loops). Damping typically 5-15%. Mount bars 6061-T6 Al.",196,2246,94.0,285,98,1223,69.9,123,1223,69.9,123,M10 x 1.5,54.6/136.5/191.1 (8 holes),25.4,27.6,-100,260,27-28
"Enidine Wire Rope Isolator Technologies catalogue ENI877R4 (2007 ed., cover rev. 09/23)",WR20,WR20-900-08,15.9,8,266.7,178,135,11.0,4.63,,2802,427,98,98,,73.7,,"clamp construction; threaded bar max torque 50 Nm. Mounting options A,B,C,D,E,S. Length = overall mount-bar length; width = catalogue 'W' (ref, loop width); height = 'H' (ref). Wire dia from drawing (ref). Catalogue values in N and kN/m (=N/mm) used directly; no lbf conversion. Kv = vibration (small-amplitude) stiffness, Ks = average shock stiffness. Catalogue gives a single combined Shear/Roll table for WR/CR series, so roll_* = shear_* here; 45-deg compression/roll values in roll45_* columns. Static load min not published. Performance for full-loop version with 302/304 SS cable; reduced-loop stiffness/load scale by (loops/full loops). Damping typically 5-15%. Mount bars 6061-T6 Al.",159,1979,101.6,238,81,979,76.2,98,979,76.2,98,M10 x 1.5,54.6/136.5/191.1 (8 holes),25.4,27.6,-100,260,27-28
"Enidine Wire Rope Isolator Technologies catalogue ENI877R4 (2007 ed., cover rev. 09/23)",WR28,WR28-200-08,22.2,8,368.3,140,133,13.5,8.4,,12280,2362,618,618,,50.8,,"clamp construction; threaded bar max torque 100 Nm. Loads printed in kN, converted x1000. Mounting options C,D. Length = overall mount-bar length; width = catalogue 'W' (ref, loop width); height = 'H' (ref). Wire dia from drawing (ref). Catalogue values in N and kN/m (=N/mm) used directly; no lbf conversion. Kv = vibration (small-amplitude) stiffness, Ks = average shock stiffness. Catalogue gives a single combined Shear/Roll table for WR/CR series, so roll_* = shear_* here; 45-deg compression/roll values in roll45_* columns. Static load min not published. Performance for full-loop version with 302/304 SS cable; reduced-loop stiffness/load scale by (loops/full loops). Damping typically 5-15%. Mount bars 6061-T6 Al.",1010,8720,72.4,1348,503,6140,53.3,618,6140,53.3,618,M12 x 1.75,76.2/190.5/266.7 (8 holes),38.1,40.0,-100,260,29-30
"Enidine Wire Rope Isolator Technologies catalogue ENI877R4 (2007 ed., cover rev. 09/23)",WR28,WR28-400-08,22.2,8,368.3,165,152,13.5,9.53,,9430,1513,356,356,,67.3,,"clamp construction; threaded bar max torque 100 Nm. Loads printed in kN, converted x1000. Mounting options A,B,C,D,E,S. Length = overall mount-bar length; width = catalogue 'W' (ref, loop width); height = 'H' (ref). Wire dia from drawing (ref). Catalogue values in N and kN/m (=N/mm) used directly; no lbf conversion. Kv = vibration (small-amplitude) stiffness, Ks = average shock stiffness. Catalogue gives a single combined Shear/Roll table for WR/CR series, so roll_* = shear_* here; 45-deg compression/roll values in roll45_* columns. Static load min not published. Performance for full-loop version with 302/304 SS cable; reduced-loop stiffness/load scale by (loops/full loops). Damping typically 5-15%. Mount bars 6061-T6 Al.",585,6670,96.5,860,289,3540,71.1,356,3540,71.1,356,M12 x 1.75,76.2/190.5/266.7 (8 holes),38.1,40.0,-100,260,29-30
"Enidine Wire Rope Isolator Technologies catalogue ENI877R4 (2007 ed., cover rev. 09/23)",WR28,WR28-600-08,22.2,8,368.3,178,159,13.5,9.9,,8450,1270,291,291,,74.9,,"clamp construction; threaded bar max torque 100 Nm. Loads printed in kN, converted x1000. Mounting options A,B,C,D,E,S. Length = overall mount-bar length; width = catalogue 'W' (ref, loop width); height = 'H' (ref). Wire dia from drawing (ref). Catalogue values in N and kN/m (=N/mm) used directly; no lbf conversion. Kv = vibration (small-amplitude) stiffness, Ks = average shock stiffness. Catalogue gives a single combined Shear/Roll table for WR/CR series, so roll_* = shear_* here; 45-deg compression/roll values in roll45_* columns. Static load min not published. Performance for full-loop version with 302/304 SS cable; reduced-loop stiffness/load scale by (loops/full loops). Damping typically 5-15%. Mount bars 6061-T6 Al.",469,6010,105.4,718,235,2890,77.5,291,2890,77.5,291,M12 x 1.75,76.2/190.5/266.7 (8 holes),38.1,40.0,-100,260,29-30
"Enidine Wire Rope Isolator Technologies catalogue ENI877R4 (2007 ed., cover rev. 09/23)",WR28,WR28-800-08,22.2,8,368.3,210,191,13.5,11.5,,6540,800,163,163,,102.9,,"clamp construction; threaded bar max torque 100 Nm. Loads printed in kN, converted x1000. Mounting options A,B,C,D,E,S. Length = overall mount-bar length; width = catalogue 'W' (ref, loop width); height = 'H' (ref). Wire dia from drawing (ref). Catalogue values in N and kN/m (=N/mm) used directly; no lbf conversion. Kv = vibration (small-amplitude) stiffness, Ks = average shock stiffness. Catalogue gives a single combined Shear/Roll table for WR/CR series, so roll_* = shear_* here; 45-deg compression/roll values in roll45_* columns. Static load min not published. Performance for full-loop version with 302/304 SS cable; reduced-loop stiffness/load scale by (loops/full loops). Damping typically 5-15%. Mount bars 6061-T6 Al.",263,4450,144.8,448,131,1620,108.0,163,1620,108.0,163,M12 x 1.75,76.2/190.5/266.7 (8 holes),38.1,40.0,-100,260,29-30
"Enidine Wire Rope Isolator Technologies catalogue ENI877R4 (2007 ed., cover rev. 09/23)",WR28,WR28-900-08,22.2,8,368.3,235,216,13.5,12.7,,5430,585,112,112,,125.7,,"clamp construction; threaded bar max torque 100 Nm. Loads printed in kN, converted x1000. Mounting options A,B,C,D,E,S. Length = overall mount-bar length; width = catalogue 'W' (ref, loop width); height = 'H' (ref). Wire dia from drawing (ref). Catalogue values in N and kN/m (=N/mm) used directly; no lbf conversion. Kv = vibration (small-amplitude) stiffness, Ks = average shock stiffness. Catalogue gives a single combined Shear/Roll table for WR/CR series, so roll_* = shear_* here; 45-deg compression/roll values in roll45_* columns. Static load min not published. Performance for full-loop version with 302/304 SS cable; reduced-loop stiffness/load scale by (loops/full loops). Damping typically 5-15%. Mount bars 6061-T6 Al.",180,3250,177.8,327,89,1110,132.1,112,1110,132.1,112,M12 x 1.75,76.2/190.5/266.7 (8 holes),38.1,40.0,-100,260,29-30
"Enidine Wire Rope Isolator Technologies catalogue ENI877R4 (2007 ed., cover rev. 09/23)",WR28,WR28-950-08,22.2,8,368.3,286,216,13.5,13.9,,3740,377,77,77,,125.7,,"clamp construction; threaded bar max torque 100 Nm. Loads printed in kN, converted x1000. Mounting options A,B,C,D,E,S. Length = overall mount-bar length; width = catalogue 'W' (ref, loop width); height = 'H' (ref). Wire dia from drawing (ref). Catalogue values in N and kN/m (=N/mm) used directly; no lbf conversion. Kv = vibration (small-amplitude) stiffness, Ks = average shock stiffness. Catalogue gives a single combined Shear/Roll table for WR/CR series, so roll_* = shear_* here; 45-deg compression/roll values in roll45_* columns. Static load min not published. Performance for full-loop version with 302/304 SS cable; reduced-loop stiffness/load scale by (loops/full loops). Damping typically 5-15%. Mount bars 6061-T6 Al.",138,2110,177.8,212,70,760,132.1,77,760,132.1,77,M12 x 1.75,76.2/190.5/266.7 (8 holes),38.1,40.0,-100,260,29-30
"Enidine Wire Rope Isolator Technologies catalogue ENI877R4 (2007 ed., cover rev. 09/23)",WR36,WR36-200-08,28.6,8,520.7,216,178,19.8,20.9,,16860,2706,636,636,,67.3,,"clamp construction; threaded bar max torque 300 Nm. Loads printed in kN, converted x1000. Mounting options A,B,C,D,E,S. Length = overall mount-bar length; width = catalogue 'W' (ref, loop width); height = 'H' (ref). Wire dia from drawing (ref). Catalogue values in N and kN/m (=N/mm) used directly; no lbf conversion. Kv = vibration (small-amplitude) stiffness, Ks = average shock stiffness. Catalogue gives a single combined Shear/Roll table for WR/CR series, so roll_* = shear_* here; 45-deg compression/roll values in roll45_* columns. Static load min not published. Performance for full-loop version with 302/304 SS cable; reduced-loop stiffness/load scale by (loops/full loops). Damping typically 5-15%. Mount bars 6061-T6 Al.",1044,11970,96.5,1541,518,6320,71.1,636,6320,71.1,636,M18 x 2.5,108.0/269.9/377.8 (8 holes),50.8,52.5,-100,260,31-32
"Enidine Wire Rope Isolator Technologies catalogue ENI877R4 (2007 ed., cover rev. 09/23)",WR36,WR36-400-08,28.6,8,520.7,241,216,19.8,24.0,,14500,1774,361,361,,102.9,,"clamp construction; threaded bar max torque 300 Nm. Loads printed in kN, converted x1000. Mounting options A,B,C,D,E,S. Length = overall mount-bar length; width = catalogue 'W' (ref, loop width); height = 'H' (ref). Wire dia from drawing (ref). Catalogue values in N and kN/m (=N/mm) used directly; no lbf conversion. Kv = vibration (small-amplitude) stiffness, Ks = average shock stiffness. Catalogue gives a single combined Shear/Roll table for WR/CR series, so roll_* = shear_* here; 45-deg compression/roll values in roll45_* columns. Static load min not published. Performance for full-loop version with 302/304 SS cable; reduced-loop stiffness/load scale by (loops/full loops). Damping typically 5-15%. Mount bars 6061-T6 Al.",583,9880,144.8,993,292,3600,108.0,361,3600,108.0,361,M18 x 2.5,108.0/269.9/377.8 (8 holes),50.8,52.5,-100,260,31-32
"Enidine Wire Rope Isolator Technologies catalogue ENI877R4 (2007 ed., cover rev. 09/23)",WR36,WR36-600-08,28.6,8,520.7,260,235,19.8,25.0,,12770,1415,275,275,,119.4,,"clamp construction; threaded bar max torque 300 Nm. Loads printed in kN, converted x1000. Mounting options A,B,C,D,E,S. Length = overall mount-bar length; width = catalogue 'W' (ref, loop width); height = 'H' (ref). Wire dia from drawing (ref). Catalogue values in N and kN/m (=N/mm) used directly; no lbf conversion. Kv = vibration (small-amplitude) stiffness, Ks = average shock stiffness. Catalogue gives a single combined Shear/Roll table for WR/CR series, so roll_* = shear_* here; 45-deg compression/roll values in roll45_* columns. Static load min not published. Performance for full-loop version with 302/304 SS cable; reduced-loop stiffness/load scale by (loops/full loops). Damping typically 5-15%. Mount bars 6061-T6 Al.",445,7960,168.9,799,222,2740,125.7,275,2740,125.7,275,M18 x 2.5,108.0/269.9/377.8 (8 holes),50.8,52.5,-100,260,31-32
"Enidine Wire Rope Isolator Technologies catalogue ENI877R4 (2007 ed., cover rev. 09/23)",WR40,WR40-200-08,31.8,8,520.7,210,178,19.8,24.0,,21620,3468,839,839,,67.3,,"clamp construction; threaded bar max torque 300 Nm. Loads printed in kN, converted x1000. Mounting options A,B,C,D,E,S. Length = overall mount-bar length; width = catalogue 'W' (ref, loop width); height = 'H' (ref). Wire dia from drawing (ref). Catalogue values in N and kN/m (=N/mm) used directly; no lbf conversion. Kv = vibration (small-amplitude) stiffness, Ks = average shock stiffness. Catalogue gives a single combined Shear/Roll table for WR/CR series, so roll_* = shear_* here; 45-deg compression/roll values in roll45_* columns. Static load min not published. Performance for full-loop version with 302/304 SS cable; reduced-loop stiffness/load scale by (loops/full loops). Damping typically 5-15%. Mount bars 6061-T6 Al.",1338,15300,96.5,1968,664,8320,71.1,839,8320,71.1,839,M18 x 2.5,108.0/269.9/377.8 (8 holes),50.8,52.5,-100,260,33-34
"Enidine Wire Rope Isolator Technologies catalogue ENI877R4 (2007 ed., cover rev. 09/23)",WR40,WR40-400-08,31.8,8,520.7,248,216,19.8,27.2,,17610,2236,468,468,,96.5,,"clamp construction; threaded bar max torque 300 Nm. Loads printed in kN, converted x1000. Mounting options A,B,C,D,E,S. Length = overall mount-bar length; width = catalogue 'W' (ref, loop width); height = 'H' (ref). Wire dia from drawing (ref). Catalogue values in N and kN/m (=N/mm) used directly; no lbf conversion. Kv = vibration (small-amplitude) stiffness, Ks = average shock stiffness. Catalogue gives a single combined Shear/Roll table for WR/CR series, so roll_* = shear_* here; 45-deg compression/roll values in roll45_* columns. Static load min not published. Performance for full-loop version with 302/304 SS cable; reduced-loop stiffness/load scale by (loops/full loops). Damping typically 5-15%. Mount bars 6061-T6 Al.",758,12410,137.2,1256,378,4640,101.6,468,4640,101.6,468,M18 x 2.5,108.0/269.9/377.8 (8 holes),50.8,52.5,-100,260,33-34
"Enidine Wire Rope Isolator Technologies catalogue ENI877R4 (2007 ed., cover rev. 09/23)",CR1,CR1-100,1.2,2,16.3,19,17,3.3,0.0031,,3.3,3.9,0.7,0.7,,6.4,,"Compact single-point-mount isolator. tapped Al bar max torque 1.2 Nm; bellmouth standard. Mounting options A,B,C,D,E,S. loop_count=2 read from drawing (4 cable legs), not stated numerically. Length = longest mount bar; bar dims 11.2x9.7 top bar; 16.3 bottom bar. Width = 'W' ref, height = 'H' ref. Weight printed 3.1 g. Wire dia from drawing (ref). Catalogue values in N and kN/m (=N/mm) used directly; no lbf conversion. Kv = vibration (small-amplitude) stiffness, Ks = average shock stiffness. Catalogue gives a single combined Shear/Roll table for WR/CR series, so roll_* = shear_* here; 45-deg compression/roll values in roll45_* columns. Static load min not published. Performance for full-loop version with 302/304 SS cable; reduced-loop stiffness/load scale by (loops/full loops). Damping typically 5-15%. Mount bars 6061-T6 Al.",1.9,1.6,8.6,2.1,0.79,1.1,7.9,0.7,1.1,7.9,0.7,M3 x 0.5,single hole,11.2x9.7,4.1,-100,260,39-40
"Enidine Wire Rope Isolator Technologies catalogue ENI877R4 (2007 ed., cover rev. 09/23)",CR1,CR1-200,1.2,2,16.3,20,19,3.3,0.0031,,2.4,2.8,0.44,0.44,,8.4,,"Compact single-point-mount isolator. tapped Al bar max torque 1.2 Nm; bellmouth standard. Mounting options A,B,C,D,E,S. loop_count=2 read from drawing (4 cable legs), not stated numerically. Length = longest mount bar; bar dims 11.2x9.7 top bar; 16.3 bottom bar. Width = 'W' ref, height = 'H' ref. Weight printed 3.1 g. Wire dia from drawing (ref). Catalogue values in N and kN/m (=N/mm) used directly; no lbf conversion. Kv = vibration (small-amplitude) stiffness, Ks = average shock stiffness. Catalogue gives a single combined Shear/Roll table for WR/CR series, so roll_* = shear_* here; 45-deg compression/roll values in roll45_* columns. Static load min not published. Performance for full-loop version with 302/304 SS cable; reduced-loop stiffness/load scale by (loops/full loops). Damping typically 5-15%. Mount bars 6061-T6 Al.",1.2,1.1,10.9,1.5,0.44,0.89,9.9,0.44,0.89,9.9,0.44,M3 x 0.5,single hole,11.2x9.7,4.1,-100,260,39-40
"Enidine Wire Rope Isolator Technologies catalogue ENI877R4 (2007 ed., cover rev. 09/23)",CR1,CR1-300,1.2,2,16.3,23,23,3.3,0.0034,,1.8,1.75,0.26,0.26,,11.9,,"Compact single-point-mount isolator. tapped Al bar max torque 1.2 Nm; bellmouth standard. Mounting options A,B,C,D,E,S. loop_count=2 read from drawing (4 cable legs), not stated numerically. Length = longest mount bar; bar dims 11.2x9.7 top bar; 16.3 bottom bar. Width = 'W' ref, height = 'H' ref. Weight printed 3.4 g. Wire dia from drawing (ref). Catalogue values in N and kN/m (=N/mm) used directly; no lbf conversion. Kv = vibration (small-amplitude) stiffness, Ks = average shock stiffness. Catalogue gives a single combined Shear/Roll table for WR/CR series, so roll_* = shear_* here; 45-deg compression/roll values in roll45_* columns. Static load min not published. Performance for full-loop version with 302/304 SS cable; reduced-loop stiffness/load scale by (loops/full loops). Damping typically 5-15%. Mount bars 6061-T6 Al.",0.61,0.76,14.7,0.88,0.26,0.71,13.2,0.26,0.71,13.2,0.26,M3 x 0.5,single hole,11.2x9.7,4.1,-100,260,39-40
"Enidine Wire Rope Isolator Technologies catalogue ENI877R4 (2007 ed., cover rev. 09/23)",CR1,CR1-400,1.2,2,16.3,26,26,3.3,0.0034,,1.3,1.31,0.13,0.13,,15.0,,"Compact single-point-mount isolator. tapped Al bar max torque 1.2 Nm; bellmouth standard. Mounting options A,B,C,D,E,S. loop_count=2 read from drawing (4 cable legs), not stated numerically. Length = longest mount bar; bar dims 11.2x9.7 top bar; 16.3 bottom bar. Width = 'W' ref, height = 'H' ref. Weight printed 3.4 g. Wire dia from drawing (ref). Catalogue values in N and kN/m (=N/mm) used directly; no lbf conversion. Kv = vibration (small-amplitude) stiffness, Ks = average shock stiffness. Catalogue gives a single combined Shear/Roll table for WR/CR series, so roll_* = shear_* here; 45-deg compression/roll values in roll45_* columns. Static load min not published. Performance for full-loop version with 302/304 SS cable; reduced-loop stiffness/load scale by (loops/full loops). Damping typically 5-15%. Mount bars 6061-T6 Al.",0.39,0.49,18.3,0.53,0.12,0.53,16.3,0.13,0.53,16.3,0.13,M3 x 0.5,single hole,11.2x9.7,4.1,-100,260,39-40
"Enidine Wire Rope Isolator Technologies catalogue ENI877R4 (2007 ed., cover rev. 09/23)",CR2,CR2-100,1.6,2,16.3,20,16,3.3,0.0037,,12,11,3.0,3.0,,5.8,,"Compact single-point-mount isolator. tapped Al bar max torque 1.2 Nm; bellmouth standard. Mounting options A,B,C,D,E,S. loop_count=2 read from drawing (4 cable legs), not stated numerically. Length = longest mount bar; bar dims 11.2x9.7 top bar; 16.3 bottom bar. Width = 'W' ref, height = 'H' ref. Weight printed 3.7 g. Wire dia from drawing (ref). Catalogue values in N and kN/m (=N/mm) used directly; no lbf conversion. Kv = vibration (small-amplitude) stiffness, Ks = average shock stiffness. Catalogue gives a single combined Shear/Roll table for WR/CR series, so roll_* = shear_* here; 45-deg compression/roll values in roll45_* columns. Static load min not published. Performance for full-loop version with 302/304 SS cable; reduced-loop stiffness/load scale by (loops/full loops). Damping typically 5-15%. Mount bars 6061-T6 Al.",6.1,5.8,8.1,6.1,2.8,5.6,7.4,3.0,5.6,7.4,3.0,M3 x 0.5,single hole,11.2x9.7,4.1,-100,260,41-42
"Enidine Wire Rope Isolator Technologies catalogue ENI877R4 (2007 ed., cover rev. 09/23)",CR2,CR2-200,1.6,2,16.3,21,19,3.3,0.004,,9.3,8.8,1.8,1.8,,8.4,,"Compact single-point-mount isolator. tapped Al bar max torque 1.2 Nm; bellmouth standard. Mounting options A,B,C,D,E,S. loop_count=2 read from drawing (4 cable legs), not stated numerically. Length = longest mount bar; bar dims 11.2x9.7 top bar; 16.3 bottom bar. Width = 'W' ref, height = 'H' ref. Weight printed 4.0 g. Wire dia from drawing (ref). Catalogue values in N and kN/m (=N/mm) used directly; no lbf conversion. Kv = vibration (small-amplitude) stiffness, Ks = average shock stiffness. Catalogue gives a single combined Shear/Roll table for WR/CR series, so roll_* = shear_* here; 45-deg compression/roll values in roll45_* columns. Static load min not published. Performance for full-loop version with 302/304 SS cable; reduced-loop stiffness/load scale by (loops/full loops). Damping typically 5-15%. Mount bars 6061-T6 Al.",4.0,4.9,10.9,5.3,1.9,4.0,9.9,1.8,4.0,9.9,1.8,M3 x 0.5,single hole,11.2x9.7,4.1,-100,260,41-42
"Enidine Wire Rope Isolator Technologies catalogue ENI877R4 (2007 ed., cover rev. 09/23)",CR2,CR2-300,1.6,2,16.3,24,23,3.3,0.0043,,6.7,5.3,1.1,1.1,,11.7,,"Compact single-point-mount isolator. tapped Al bar max torque 1.2 Nm; bellmouth standard. Mounting options A,B,C,D,E,S. loop_count=2 read from drawing (4 cable legs), not stated numerically. Length = longest mount bar; bar dims 11.2x9.7 top bar; 16.3 bottom bar. Width = 'W' ref, height = 'H' ref. Weight printed 4.3 g. Wire dia from drawing (ref). Catalogue values in N and kN/m (=N/mm) used directly; no lbf conversion. Kv = vibration (small-amplitude) stiffness, Ks = average shock stiffness. Catalogue gives a single combined Shear/Roll table for WR/CR series, so roll_* = shear_* here; 45-deg compression/roll values in roll45_* columns. Static load min not published. Performance for full-loop version with 302/304 SS cable; reduced-loop stiffness/load scale by (loops/full loops). Damping typically 5-15%. Mount bars 6061-T6 Al.",1.9,3.3,14.5,3.2,1.0,2.9,13.0,1.1,2.9,13.0,1.1,M3 x 0.5,single hole,11.2x9.7,4.1,-100,260,41-42
"Enidine Wire Rope Isolator Technologies catalogue ENI877R4 (2007 ed., cover rev. 09/23)",CR2,CR2-400,1.6,2,16.3,27,27,3.3,0.0045,,4.9,3.5,0.53,0.53,,15.7,,"Compact single-point-mount isolator. tapped Al bar max torque 1.2 Nm; bellmouth standard. Mounting options A,B,C,D,E,S. loop_count=2 read from drawing (4 cable legs), not stated numerically. Length = longest mount bar; bar dims 11.2x9.7 top bar; 16.3 bottom bar. Width = 'W' ref, height = 'H' ref. Weight printed 4.5 g. Wire dia from drawing (ref). Catalogue values in N and kN/m (=N/mm) used directly; no lbf conversion. Kv = vibration (small-amplitude) stiffness, Ks = average shock stiffness. Catalogue gives a single combined Shear/Roll table for WR/CR series, so roll_* = shear_* here; 45-deg compression/roll values in roll45_* columns. Static load min not published. Performance for full-loop version with 302/304 SS cable; reduced-loop stiffness/load scale by (loops/full loops). Damping typically 5-15%. Mount bars 6061-T6 Al.",1.2,2.2,19.1,1.9,0.51,2.0,17.3,0.53,2.0,17.3,0.53,M3 x 0.5,single hole,11.2x9.7,4.1,-100,260,41-42
"Enidine Wire Rope Isolator Technologies catalogue ENI877R4 (2007 ed., cover rev. 09/23)",CR3,CR3-100,2.4,2,19.3,22,19,3.3,0.0057,,29,24,6.1,6.1,,7.1,,"Compact single-point-mount isolator. tapped Al bar max torque 1.5 Nm; bellmouth standard. Mounting options A,B,C,D,E,S. loop_count=2 read from drawing (4 cable legs), not stated numerically. Length = longest mount bar; bar dims 12.7x9.7 top bar; 19.3 bottom bar. Width = 'W' ref, height = 'H' ref. Weight printed 5.7 g. Wire dia from drawing (ref). Catalogue values in N and kN/m (=N/mm) used directly; no lbf conversion. Kv = vibration (small-amplitude) stiffness, Ks = average shock stiffness. Catalogue gives a single combined Shear/Roll table for WR/CR series, so roll_* = shear_* here; 45-deg compression/roll values in roll45_* columns. Static load min not published. Performance for full-loop version with 302/304 SS cable; reduced-loop stiffness/load scale by (loops/full loops). Damping typically 5-15%. Mount bars 6061-T6 Al.",12,12,9.4,14,5.3,12,8.4,6.1,12,8.4,6.1,M3 x 0.5,single hole,12.7x9.7,4.8,-100,260,43-44
"Enidine Wire Rope Isolator Technologies catalogue ENI877R4 (2007 ed., cover rev. 09/23)",CR3,CR3-200,2.4,2,19.3,24,23,3.3,0.0062,,22,12,3.5,3.5,,10.4,,"Compact single-point-mount isolator. tapped Al bar max torque 1.5 Nm; bellmouth standard. Mounting options A,B,C,D,E,S. loop_count=2 read from drawing (4 cable legs), not stated numerically. Length = longest mount bar; bar dims 12.7x9.7 top bar; 19.3 bottom bar. Width = 'W' ref, height = 'H' ref. Weight printed 6.2 g. Wire dia from drawing (ref). Catalogue values in N and kN/m (=N/mm) used directly; no lbf conversion. Kv = vibration (small-amplitude) stiffness, Ks = average shock stiffness. Catalogue gives a single combined Shear/Roll table for WR/CR series, so roll_* = shear_* here; 45-deg compression/roll values in roll45_* columns. Static load min not published. Performance for full-loop version with 302/304 SS cable; reduced-loop stiffness/load scale by (loops/full loops). Damping typically 5-15%. Mount bars 6061-T6 Al.",6.1,10,13.2,8.8,3.2,8.5,11.9,3.5,8.5,11.9,3.5,M3 x 0.5,single hole,12.7x9.7,4.8,-100,260,43-44
"Enidine Wire Rope Isolator Technologies catalogue ENI877R4 (2007 ed., cover rev. 09/23)",CR3,CR3-300,2.4,2,19.3,27,27,3.3,0.0068,,18,8.4,1.8,1.8,,14.2,,"Compact single-point-mount isolator. tapped Al bar max torque 1.5 Nm; bellmouth standard. Mounting options A,B,C,D,E,S. loop_count=2 read from drawing (4 cable legs), not stated numerically. Length = longest mount bar; bar dims 12.7x9.7 top bar; 19.3 bottom bar. Width = 'W' ref, height = 'H' ref. Weight printed 6.8 g. Wire dia from drawing (ref). Catalogue values in N and kN/m (=N/mm) used directly; no lbf conversion. Kv = vibration (small-amplitude) stiffness, Ks = average shock stiffness. Catalogue gives a single combined Shear/Roll table for WR/CR series, so roll_* = shear_* here; 45-deg compression/roll values in roll45_* columns. Static load min not published. Performance for full-loop version with 302/304 SS cable; reduced-loop stiffness/load scale by (loops/full loops). Damping typically 5-15%. Mount bars 6061-T6 Al.",3.5,6.7,17.3,5.8,1.8,6.2,15.5,1.8,6.2,15.5,1.8,M3 x 0.5,single hole,12.7x9.7,4.8,-100,260,43-44
"Enidine Wire Rope Isolator Technologies catalogue ENI877R4 (2007 ed., cover rev. 09/23)",CR3,CR3-400,2.4,2,19.3,30,33,3.3,0.0074,,11,5.8,1.1,1.1,,19.3,,"Compact single-point-mount isolator. tapped Al bar max torque 1.5 Nm; bellmouth standard. Mounting options A,B,C,D,E,S. loop_count=2 read from drawing (4 cable legs), not stated numerically. Length = longest mount bar; bar dims 12.7x9.7 top bar; 19.3 bottom bar. Width = 'W' ref, height = 'H' ref. Weight printed 7.4 g. Wire dia from drawing (ref). Catalogue values in N and kN/m (=N/mm) used directly; no lbf conversion. Kv = vibration (small-amplitude) stiffness, Ks = average shock stiffness. Catalogue gives a single combined Shear/Roll table for WR/CR series, so roll_* = shear_* here; 45-deg compression/roll values in roll45_* columns. Static load min not published. Performance for full-loop version with 302/304 SS cable; reduced-loop stiffness/load scale by (loops/full loops). Damping typically 5-15%. Mount bars 6061-T6 Al.",1.9,4.4,22.9,3.5,0.91,4.4,20.6,1.1,4.4,20.6,1.1,M3 x 0.5,single hole,12.7x9.7,4.8,-100,260,43-44
"Enidine Wire Rope Isolator Technologies catalogue ENI877R4 (2007 ed., cover rev. 09/23)",CR4,CR4-100,3.2,2,34.0,47,42,7.0,0.04,,24,12,1.9,1.9,,19.6,,"Compact single-point-mount isolator. tapped Al bar max torque 7.5 Nm; bellmouth standard. Mounting options A,B,C,D,E,S. loop_count=2 read from drawing (4 cable legs), not stated numerically. Length = longest mount bar; bar dims 34.0x25.4 bar. Width = 'W' ref, height = 'H' ref. Weight printed 40 g. Wire dia from drawing (ref). Catalogue values in N and kN/m (=N/mm) used directly; no lbf conversion. Kv = vibration (small-amplitude) stiffness, Ks = average shock stiffness. Catalogue gives a single combined Shear/Roll table for WR/CR series, so roll_* = shear_* here; 45-deg compression/roll values in roll45_* columns. Static load min not published. Performance for full-loop version with 302/304 SS cable; reduced-loop stiffness/load scale by (loops/full loops). Damping typically 5-15%. Mount bars 6061-T6 Al.",5.8,11,19.3,6.4,2.8,8.5,17.3,1.9,8.5,17.3,1.9,M6 x 1.0,single hole,34.0x25.4,9.4 top / 5.1 bottom,-100,260,45-46
"Enidine Wire Rope Isolator Technologies catalogue ENI877R4 (2007 ed., cover rev. 09/23)",CR4,CR4-200,3.2,2,34.0,54,53,7.0,0.04,,18,6.0,1.1,1.1,,29.7,,"Compact single-point-mount isolator. tapped Al bar max torque 7.5 Nm; bellmouth standard. Mounting options A,B,C,D,E,S. loop_count=2 read from drawing (4 cable legs), not stated numerically. Length = longest mount bar; bar dims 34.0x25.4 bar. Width = 'W' ref, height = 'H' ref. Weight printed 40 g. Wire dia from drawing (ref). Catalogue values in N and kN/m (=N/mm) used directly; no lbf conversion. Kv = vibration (small-amplitude) stiffness, Ks = average shock stiffness. Catalogue gives a single combined Shear/Roll table for WR/CR series, so roll_* = shear_* here; 45-deg compression/roll values in roll45_* columns. Static load min not published. Performance for full-loop version with 302/304 SS cable; reduced-loop stiffness/load scale by (loops/full loops). Damping typically 5-15%. Mount bars 6061-T6 Al.",2.5,6.7,29.5,3.1,1.1,7.1,26.4,1.1,7.1,26.4,1.1,M6 x 1.0,single hole,34.0x25.4,9.4 top / 5.1 bottom,-100,260,45-46
"Enidine Wire Rope Isolator Technologies catalogue ENI877R4 (2007 ed., cover rev. 09/23)",CR4,CR4-300,3.2,2,34.0,59,60,7.0,0.043,,13,4.4,0.7,0.7,,35.8,,"Compact single-point-mount isolator. tapped Al bar max torque 7.5 Nm; bellmouth standard. Mounting options A,B,C,D,E,S. loop_count=2 read from drawing (4 cable legs), not stated numerically. Length = longest mount bar; bar dims 34.0x25.4 bar. Width = 'W' ref, height = 'H' ref. Weight printed 43 g. Wire dia from drawing (ref). Catalogue values in N and kN/m (=N/mm) used directly; no lbf conversion. Kv = vibration (small-amplitude) stiffness, Ks = average shock stiffness. Catalogue gives a single combined Shear/Roll table for WR/CR series, so roll_* = shear_* here; 45-deg compression/roll values in roll45_* columns. Static load min not published. Performance for full-loop version with 302/304 SS cable; reduced-loop stiffness/load scale by (loops/full loops). Damping typically 5-15%. Mount bars 6061-T6 Al.",1.6,5.3,37.1,2.2,0.7,5.3,33.3,0.7,5.3,33.3,0.7,M6 x 1.0,single hole,34.0x25.4,9.4 top / 5.1 bottom,-100,260,45-46
"Enidine Wire Rope Isolator Technologies catalogue ENI877R4 (2007 ed., cover rev. 09/23)",CR4,CR4-400,3.2,2,34.0,68,75,7.0,0.048,,6.7,2.2,0.35,0.35,,49.3,,"Compact single-point-mount isolator. tapped Al bar max torque 7.5 Nm; bellmouth standard. Mounting options A,B,C,D,E,S. loop_count=2 read from drawing (4 cable legs), not stated numerically. Length = longest mount bar; bar dims 34.0x25.4 bar. Width = 'W' ref, height = 'H' ref. Weight printed 48 g. Wire dia from drawing (ref). Catalogue values in N and kN/m (=N/mm) used directly; no lbf conversion. Kv = vibration (small-amplitude) stiffness, Ks = average shock stiffness. Catalogue gives a single combined Shear/Roll table for WR/CR series, so roll_* = shear_* here; 45-deg compression/roll values in roll45_* columns. Static load min not published. Performance for full-loop version with 302/304 SS cable; reduced-loop stiffness/load scale by (loops/full loops). Damping typically 5-15%. Mount bars 6061-T6 Al.",0.7,3.6,52.3,1.1,0.35,3.3,47.0,0.35,3.3,47.0,0.35,M6 x 1.0,single hole,34.0x25.4,9.4 top / 5.1 bottom,-100,260,45-46
"Enidine Wire Rope Isolator Technologies catalogue ENI877R4 (2007 ed., cover rev. 09/23)",CR5,CR5-100,4.0,2,35.1,48,41,7.0,0.045,,80,22,4.4,4.4,,19.6,,"Compact single-point-mount isolator. tapped Al bar max torque 7.5 Nm; bellmouth standard. Mounting options A,B,C,D,E,S. loop_count=2 read from drawing (4 cable legs), not stated numerically. Length = longest mount bar; bar dims 35.1x25.4 bar. Width = 'W' ref, height = 'H' ref. Weight printed 45 g. Wire dia from drawing (ref). Catalogue values in N and kN/m (=N/mm) used directly; no lbf conversion. Kv = vibration (small-amplitude) stiffness, Ks = average shock stiffness. Catalogue gives a single combined Shear/Roll table for WR/CR series, so roll_* = shear_* here; 45-deg compression/roll values in roll45_* columns. Static load min not published. Performance for full-loop version with 302/304 SS cable; reduced-loop stiffness/load scale by (loops/full loops). Damping typically 5-15%. Mount bars 6061-T6 Al.",11,24,18.3,12,6.1,20,16.5,4.4,20,16.5,4.4,M6 x 1.0,single hole,35.1x25.4,9.9 top / 5.1 bottom,-100,260,47-48
"Enidine Wire Rope Isolator Technologies catalogue ENI877R4 (2007 ed., cover rev. 09/23)",CR5,CR5-200,4.0,2,35.1,54,53,7.0,0.048,,38,11,2.1,2.1,,28.7,,"Compact single-point-mount isolator. tapped Al bar max torque 7.5 Nm; bellmouth standard. Mounting options A,B,C,D,E,S. loop_count=2 read from drawing (4 cable legs), not stated numerically. Length = longest mount bar; bar dims 35.1x25.4 bar. Width = 'W' ref, height = 'H' ref. Weight printed 48 g. Wire dia from drawing (ref). Catalogue values in N and kN/m (=N/mm) used directly; no lbf conversion. Kv = vibration (small-amplitude) stiffness, Ks = average shock stiffness. Catalogue gives a single combined Shear/Roll table for WR/CR series, so roll_* = shear_* here; 45-deg compression/roll values in roll45_* columns. Static load min not published. Performance for full-loop version with 302/304 SS cable; reduced-loop stiffness/load scale by (loops/full loops). Damping typically 5-15%. Mount bars 6061-T6 Al.",4.4,13,28.4,5.3,2.3,13,25.7,2.1,13,25.7,2.1,M6 x 1.0,single hole,35.1x25.4,9.9 top / 5.1 bottom,-100,260,47-48
"Enidine Wire Rope Isolator Technologies catalogue ENI877R4 (2007 ed., cover rev. 09/23)",CR5,CR5-300,4.0,2,35.1,59,60,7.0,0.051,,27,7.9,1.4,1.4,,34.8,,"Compact single-point-mount isolator. tapped Al bar max torque 7.5 Nm; bellmouth standard. Mounting options A,B,C,D,E,S. loop_count=2 read from drawing (4 cable legs), not stated numerically. Length = longest mount bar; bar dims 35.1x25.4 bar. Width = 'W' ref, height = 'H' ref. Weight printed 51 g. Wire dia from drawing (ref). Catalogue values in N and kN/m (=N/mm) used directly; no lbf conversion. Kv = vibration (small-amplitude) stiffness, Ks = average shock stiffness. Catalogue gives a single combined Shear/Roll table for WR/CR series, so roll_* = shear_* here; 45-deg compression/roll values in roll45_* columns. Static load min not published. Performance for full-loop version with 302/304 SS cable; reduced-loop stiffness/load scale by (loops/full loops). Damping typically 5-15%. Mount bars 6061-T6 Al.",3.2,11,36.1,3.6,1.4,11,32.5,1.4,11,32.5,1.4,M6 x 1.0,single hole,35.1x25.4,9.9 top / 5.1 bottom,-100,260,47-48
"Enidine Wire Rope Isolator Technologies catalogue ENI877R4 (2007 ed., cover rev. 09/23)",CR5,CR5-400,4.0,2,35.1,67,76,7.0,0.057,,16,4.4,0.7,0.7,,49.3,,"Compact single-point-mount isolator. tapped Al bar max torque 7.5 Nm; bellmouth standard. Mounting options A,B,C,D,E,S. loop_count=2 read from drawing (4 cable legs), not stated numerically. Length = longest mount bar; bar dims 35.1x25.4 bar. Width = 'W' ref, height = 'H' ref. Weight printed 57 g. Wire dia from drawing (ref). Catalogue values in N and kN/m (=N/mm) used directly; no lbf conversion. Kv = vibration (small-amplitude) stiffness, Ks = average shock stiffness. Catalogue gives a single combined Shear/Roll table for WR/CR series, so roll_* = shear_* here; 45-deg compression/roll values in roll45_* columns. Static load min not published. Performance for full-loop version with 302/304 SS cable; reduced-loop stiffness/load scale by (loops/full loops). Damping typically 5-15%. Mount bars 6061-T6 Al.",1.4,6.7,53.8,1.9,0.7,6.7,48.5,0.7,6.7,48.5,0.7,M6 x 1.0,single hole,35.1x25.4,9.9 top / 5.1 bottom,-100,260,47-48
"Enidine Wire Rope Isolator Technologies catalogue ENI877R4 (2007 ed., cover rev. 09/23)",CR6,CR6-100,4.8,2,35.8,54,47,7.0,0.057,,142,32,7.9,7.9,,22.1,,"Compact single-point-mount isolator. tapped Al bar max torque 7.5 Nm; bellmouth standard. Mounting options A,B,C,D,E,S. loop_count=2 read from drawing (4 cable legs), not stated numerically. Length = longest mount bar; bar dims 35.8x25.4 bar. Width = 'W' ref, height = 'H' ref. Weight printed 57 g. Wire dia from drawing (ref). Catalogue values in N and kN/m (=N/mm) used directly; no lbf conversion. Kv = vibration (small-amplitude) stiffness, Ks = average shock stiffness. Catalogue gives a single combined Shear/Roll table for WR/CR series, so roll_* = shear_* here; 45-deg compression/roll values in roll45_* columns. Static load min not published. Performance for full-loop version with 302/304 SS cable; reduced-loop stiffness/load scale by (loops/full loops). Damping typically 5-15%. Mount bars 6061-T6 Al.",16,40,22.9,16,7.9,40,20.6,7.9,40,20.6,7.9,M6 x 1.0,single hole,35.8x25.4,10.2 top / 5.1 bottom,-100,260,49-50
"Enidine Wire Rope Isolator Technologies catalogue ENI877R4 (2007 ed., cover rev. 09/23)",CR6,CR6-200,4.8,2,35.8,59,55,7.0,0.062,,93,20,4.4,4.4,,29.5,,"Compact single-point-mount isolator. tapped Al bar max torque 7.5 Nm; bellmouth standard. Mounting options A,B,C,D,E,S. loop_count=2 read from drawing (4 cable legs), not stated numerically. Length = longest mount bar; bar dims 35.8x25.4 bar. Width = 'W' ref, height = 'H' ref. Weight printed 62 g. Wire dia from drawing (ref). Catalogue values in N and kN/m (=N/mm) used directly; no lbf conversion. Kv = vibration (small-amplitude) stiffness, Ks = average shock stiffness. Catalogue gives a single combined Shear/Roll table for WR/CR series, so roll_* = shear_* here; 45-deg compression/roll values in roll45_* columns. Static load min not published. Performance for full-loop version with 302/304 SS cable; reduced-loop stiffness/load scale by (loops/full loops). Damping typically 5-15%. Mount bars 6061-T6 Al.",9.6,33,30.5,9.6,5.3,31,27.4,4.4,31,27.4,4.4,M6 x 1.0,single hole,35.8x25.4,10.2 top / 5.1 bottom,-100,260,49-50
"Enidine Wire Rope Isolator Technologies catalogue ENI877R4 (2007 ed., cover rev. 09/23)",CR6,CR6-300,4.8,2,35.8,64,64,7.0,0.065,,67,15,2.6,2.6,,37.6,,"Compact single-point-mount isolator. tapped Al bar max torque 7.5 Nm; bellmouth standard. Mounting options A,B,C,D,E,S. loop_count=2 read from drawing (4 cable legs), not stated numerically. Length = longest mount bar; bar dims 35.8x25.4 bar. Width = 'W' ref, height = 'H' ref. Weight printed 65 g. Wire dia from drawing (ref). Catalogue values in N and kN/m (=N/mm) used directly; no lbf conversion. Kv = vibration (small-amplitude) stiffness, Ks = average shock stiffness. Catalogue gives a single combined Shear/Roll table for WR/CR series, so roll_* = shear_* here; 45-deg compression/roll values in roll45_* columns. Static load min not published. Performance for full-loop version with 302/304 SS cable; reduced-loop stiffness/load scale by (loops/full loops). Damping typically 5-15%. Mount bars 6061-T6 Al.",5.3,22,38.1,7.9,2.8,22,34.3,2.6,22,34.3,2.6,M6 x 1.0,single hole,35.8x25.4,10.2 top / 5.1 bottom,-100,260,49-50
"Enidine Wire Rope Isolator Technologies catalogue ENI877R4 (2007 ed., cover rev. 09/23)",CR6,CR6-400,4.8,2,35.8,73,79,7.0,0.074,,36,7.9,1.6,1.6,,51.6,,"Compact single-point-mount isolator. tapped Al bar max torque 7.5 Nm; bellmouth standard. Mounting options A,B,C,D,E,S. loop_count=2 read from drawing (4 cable legs), not stated numerically. Length = longest mount bar; bar dims 35.8x25.4 bar. Width = 'W' ref, height = 'H' ref. Weight printed 74 g. Wire dia from drawing (ref). Catalogue values in N and kN/m (=N/mm) used directly; no lbf conversion. Kv = vibration (small-amplitude) stiffness, Ks = average shock stiffness. Catalogue gives a single combined Shear/Roll table for WR/CR series, so roll_* = shear_* here; 45-deg compression/roll values in roll45_* columns. Static load min not published. Performance for full-loop version with 302/304 SS cable; reduced-loop stiffness/load scale by (loops/full loops). Damping typically 5-15%. Mount bars 6061-T6 Al.",2.6,13,53.3,3.5,1.2,16,48.0,1.6,16,48.0,1.6,M6 x 1.0,single hole,35.8x25.4,10.2 top / 5.1 bottom,-100,260,49-50
"Enidine Wire Rope Isolator Technologies catalogue ENI877R4 (2007 ed., cover rev. 09/23)",HR6,HR6-600,,,85.7,81.3,50.8,6.9,0.2,,107,38,37,20,,28.4,,"Mounting options B,D,E,F; threaded holes helical insert L (locking, dry-film) or H (free running). Length/width/height = overall envelope from drawing (mount-bar length x end-view width x height). HERM = wire rope isolator overmoulded in proprietary elastomer; damping typically 15-25%; fail-safe. Catalogue values in N and kN/m (=N/mm) used directly. Kv = vibration stiffness, Ks = average shock stiffness. Roll and shear are separate tables (no 45-deg data). Static load min not published. Wire dia not published. Loop count not stated (size suffix -x06 vs -x00 follows WR 6-loop/8-loop convention). Meets MIL-M-17185A environmental requirements.",25,,,,,151,30.5,26,80,30.5,15,M6 x 1.0,63.5 (2 lower holes) + 1 upper,,,,,55-56
"Enidine Wire Rope Isolator Technologies catalogue ENI877R4 (2007 ed., cover rev. 09/23)",HR6,HR6-400,,,85.7,81.3,50.8,6.9,0.2,,80,29,21,13,,28.4,,"Mounting options B,D,E,F; threaded holes helical insert L (locking, dry-film) or H (free running). Length/width/height = overall envelope from drawing (mount-bar length x end-view width x height). HERM = wire rope isolator overmoulded in proprietary elastomer; damping typically 15-25%; fail-safe. Catalogue values in N and kN/m (=N/mm) used directly. Kv = vibration stiffness, Ks = average shock stiffness. Roll and shear are separate tables (no 45-deg data). Static load min not published. Wire dia not published. Loop count not stated (size suffix -x06 vs -x00 follows WR 6-loop/8-loop convention). Meets MIL-M-17185A environmental requirements.",19,,,,,89,30.5,18,58,30.5,11,M6 x 1.0,63.5 (2 lower holes) + 1 upper,,,,,55-56
"Enidine Wire Rope Isolator Technologies catalogue ENI877R4 (2007 ed., cover rev. 09/23)",HR6,HR6-200,,,85.7,81.3,50.8,6.9,0.2,,62,23,11,7,,28.4,,"Mounting options B,D,E,F; threaded holes helical insert L (locking, dry-film) or H (free running). Length/width/height = overall envelope from drawing (mount-bar length x end-view width x height). HERM = wire rope isolator overmoulded in proprietary elastomer; damping typically 15-25%; fail-safe. Catalogue values in N and kN/m (=N/mm) used directly. Kv = vibration stiffness, Ks = average shock stiffness. Roll and shear are separate tables (no 45-deg data). Static load min not published. Wire dia not published. Loop count not stated (size suffix -x06 vs -x00 follows WR 6-loop/8-loop convention). Meets MIL-M-17185A environmental requirements.",15,,,,,58,30.5,12,40,30.5,9,M6 x 1.0,63.5 (2 lower holes) + 1 upper,,,,,55-56
"Enidine Wire Rope Isolator Technologies catalogue ENI877R4 (2007 ed., cover rev. 09/23)",HR8,HR8-600,,,105.7,99.1,63.5,6.9,0.4,,267,84,40,23,,33.1,,"Mounting options B,D,E. Length/width/height = overall envelope from drawing (mount-bar length x end-view width x height). HERM = wire rope isolator overmoulded in proprietary elastomer; damping typically 15-25%; fail-safe. Catalogue values in N and kN/m (=N/mm) used directly. Kv = vibration stiffness, Ks = average shock stiffness. Roll and shear are separate tables (no 45-deg data). Static load min not published. Wire dia not published. Loop count not stated (size suffix -x06 vs -x00 follows WR 6-loop/8-loop convention). Meets MIL-M-17185A environmental requirements.",53,,,,,302,35.6,43,178,35.6,28,M6 x 1.0,85.3 (4 holes),,,,,57-58
"Enidine Wire Rope Isolator Technologies catalogue ENI877R4 (2007 ed., cover rev. 09/23)",HR8,HR8-400,,,105.7,99.1,63.5,6.9,0.4,,191,61,28,16,,33.1,,"Mounting options B,D,E. Length/width/height = overall envelope from drawing (mount-bar length x end-view width x height). HERM = wire rope isolator overmoulded in proprietary elastomer; damping typically 15-25%; fail-safe. Catalogue values in N and kN/m (=N/mm) used directly. Kv = vibration stiffness, Ks = average shock stiffness. Roll and shear are separate tables (no 45-deg data). Static load min not published. Wire dia not published. Loop count not stated (size suffix -x06 vs -x00 follows WR 6-loop/8-loop convention). Meets MIL-M-17185A environmental requirements.",39,,,,,214,35.6,30,120,35.6,19,M6 x 1.0,85.3 (4 holes),,,,,57-58
"Enidine Wire Rope Isolator Technologies catalogue ENI877R4 (2007 ed., cover rev. 09/23)",HR8,HR8-200,,,105.7,99.1,63.5,6.9,0.4,,133,41,14,9,,33.1,,"Mounting options B,D,E. Length/width/height = overall envelope from drawing (mount-bar length x end-view width x height). HERM = wire rope isolator overmoulded in proprietary elastomer; damping typically 15-25%; fail-safe. Catalogue values in N and kN/m (=N/mm) used directly. Kv = vibration stiffness, Ks = average shock stiffness. Roll and shear are separate tables (no 45-deg data). Static load min not published. Wire dia not published. Loop count not stated (size suffix -x06 vs -x00 follows WR 6-loop/8-loop convention). Meets MIL-M-17185A environmental requirements.",26,,,,,107,35.6,17,67,35.6,11,M6 x 1.0,85.3 (4 holes),,,,,57-58
"Enidine Wire Rope Isolator Technologies catalogue ENI877R4 (2007 ed., cover rev. 09/23)",HR12,HR12-600,,,127.0,111.3,76.2,9.0,0.8,,689,204,97,79,,38.1,,"Mounting options B,D,E. Length/width/height = overall envelope from drawing (mount-bar length x end-view width x height). HERM = wire rope isolator overmoulded in proprietary elastomer; damping typically 15-25%; fail-safe. Catalogue values in N and kN/m (=N/mm) used directly. Kv = vibration stiffness, Ks = average shock stiffness. Roll and shear are separate tables (no 45-deg data). Static load min not published. Wire dia not published. Loop count not stated (size suffix -x06 vs -x00 follows WR 6-loop/8-loop convention). Meets MIL-M-17185A environmental requirements.",121,,,,,645,38.1,84,534,38.1,75,M8 x 1.25,101.6 (4 holes),,,,,59-60
"Enidine Wire Rope Isolator Technologies catalogue ENI877R4 (2007 ed., cover rev. 09/23)",HR12,HR12-400,,,127.0,111.3,76.2,9.0,0.8,,512,151,72,59,,38.1,,"Mounting options B,D,E. Length/width/height = overall envelope from drawing (mount-bar length x end-view width x height). HERM = wire rope isolator overmoulded in proprietary elastomer; damping typically 15-25%; fail-safe. Catalogue values in N and kN/m (=N/mm) used directly. Kv = vibration stiffness, Ks = average shock stiffness. Roll and shear are separate tables (no 45-deg data). Static load min not published. Wire dia not published. Loop count not stated (size suffix -x06 vs -x00 follows WR 6-loop/8-loop convention). Meets MIL-M-17185A environmental requirements.",89,,,,,467,38.1,63,400,38.1,57,M8 x 1.25,101.6 (4 holes),,,,,59-60
"Enidine Wire Rope Isolator Technologies catalogue ENI877R4 (2007 ed., cover rev. 09/23)",HR12,HR12-200,,,127.0,111.3,76.2,9.0,0.8,,356,102,34,35,,38.1,,"Mounting options B,D,E. Length/width/height = overall envelope from drawing (mount-bar length x end-view width x height). HERM = wire rope isolator overmoulded in proprietary elastomer; damping typically 15-25%; fail-safe. Catalogue values in N and kN/m (=N/mm) used directly. Kv = vibration stiffness, Ks = average shock stiffness. Roll and shear are separate tables (no 45-deg data). Static load min not published. Wire dia not published. Loop count not stated (size suffix -x06 vs -x00 follows WR 6-loop/8-loop convention). Meets MIL-M-17185A environmental requirements.",60,,,,,222,38.1,30,245,38.1,34,M8 x 1.25,101.6 (4 holes),,,,,59-60
"Enidine Wire Rope Isolator Technologies catalogue ENI877R4 (2007 ed., cover rev. 09/23)",HR16 8.0,HR16-606,,,203.2,165.1,139.7,8.3,4.0,,1624,261,187,73,,88.9,,"Mounting option B (c'sink) only; 8.0 in long body. Length/width/height = overall envelope from drawing (mount-bar length x end-view width x height). HERM = wire rope isolator overmoulded in proprietary elastomer; damping typically 15-25%; fail-safe. Catalogue values in N and kN/m (=N/mm) used directly. Kv = vibration stiffness, Ks = average shock stiffness. Roll and shear are separate tables (no 45-deg data). Static load min not published. Wire dia not published. Loop count not stated (size suffix -x06 vs -x00 follows WR 6-loop/8-loop convention). Meets MIL-M-17185A environmental requirements.",123,,,,,2891,88.9,195,1134,88.9,83,countersunk only (B),44.5/111.1/155.6 (8 holes),,,,,61-62
"Enidine Wire Rope Isolator Technologies catalogue ENI877R4 (2007 ed., cover rev. 09/23)",HR16 8.0,HR16-406,,,203.2,165.1,139.7,8.3,3.4,,1001,159,99,39,,88.9,,"Mounting option B (c'sink) only; 8.0 in long body. Length/width/height = overall envelope from drawing (mount-bar length x end-view width x height). HERM = wire rope isolator overmoulded in proprietary elastomer; damping typically 15-25%; fail-safe. Catalogue values in N and kN/m (=N/mm) used directly. Kv = vibration stiffness, Ks = average shock stiffness. Roll and shear are separate tables (no 45-deg data). Static load min not published. Wire dia not published. Loop count not stated (size suffix -x06 vs -x00 follows WR 6-loop/8-loop convention). Meets MIL-M-17185A environmental requirements.",74,,,,,1535,88.9,121,601,88.9,44,countersunk only (B),44.5/111.1/155.6 (8 holes),,,,,61-62
"Enidine Wire Rope Isolator Technologies catalogue ENI877R4 (2007 ed., cover rev. 09/23)",HR16 8.0,HR16-206,,,203.2,165.1,139.7,8.3,2.7,,556,91,48,18,,88.9,,"Mounting option B (c'sink) only; 8.0 in long body. Length/width/height = overall envelope from drawing (mount-bar length x end-view width x height). HERM = wire rope isolator overmoulded in proprietary elastomer; damping typically 15-25%; fail-safe. Catalogue values in N and kN/m (=N/mm) used directly. Kv = vibration stiffness, Ks = average shock stiffness. Roll and shear are separate tables (no 45-deg data). Static load min not published. Wire dia not published. Loop count not stated (size suffix -x06 vs -x00 follows WR 6-loop/8-loop convention). Meets MIL-M-17185A environmental requirements.",43,,,,,734,88.9,45,289,88.9,21,countersunk only (B),44.5/111.1/155.6 (8 holes),,,,,61-62
"Enidine Wire Rope Isolator Technologies catalogue ENI877R4 (2007 ed., cover rev. 09/23)",HR16 9.5,HR16-600,,,241.3,165.1,139.7,8.3,4.8,,2424,389,276,108,,88.9,,"Mounting option B (c'sink) only; 9.5 in long body. Length/width/height = overall envelope from drawing (mount-bar length x end-view width x height). HERM = wire rope isolator overmoulded in proprietary elastomer; damping typically 15-25%; fail-safe. Catalogue values in N and kN/m (=N/mm) used directly. Kv = vibration stiffness, Ks = average shock stiffness. Roll and shear are separate tables (no 45-deg data). Static load min not published. Wire dia not published. Loop count not stated (size suffix -x06 vs -x00 follows WR 6-loop/8-loop convention). Meets MIL-M-17185A environmental requirements.",181,,,,,4270,88.9,290,1668,88.9,123,countersunk only (B),44.5/111.1/155.6 (8 holes),,,,,63-64
"Enidine Wire Rope Isolator Technologies catalogue ENI877R4 (2007 ed., cover rev. 09/23)",HR16 9.5,HR16-400,,,241.3,165.1,139.7,8.3,4.1,,1379,221,138,53,,88.9,,"Mounting option B (c'sink) only; 9.5 in long body. Length/width/height = overall envelope from drawing (mount-bar length x end-view width x height). HERM = wire rope isolator overmoulded in proprietary elastomer; damping typically 15-25%; fail-safe. Catalogue values in N and kN/m (=N/mm) used directly. Kv = vibration stiffness, Ks = average shock stiffness. Roll and shear are separate tables (no 45-deg data). Static load min not published. Wire dia not published. Loop count not stated (size suffix -x06 vs -x00 follows WR 6-loop/8-loop convention). Meets MIL-M-17185A environmental requirements.",103,,,,,2135,88.9,152,823,88.9,61,countersunk only (B),44.5/111.1/155.6 (8 holes),,,,,63-64
"Enidine Wire Rope Isolator Technologies catalogue ENI877R4 (2007 ed., cover rev. 09/23)",HR16 9.5,HR16-200,,,241.3,165.1,139.7,8.3,3.4,,623,100,53,20,,88.9,,"Mounting option B (c'sink) only; 9.5 in long body. Length/width/height = overall envelope from drawing (mount-bar length x end-view width x height). HERM = wire rope isolator overmoulded in proprietary elastomer; damping typically 15-25%; fail-safe. Catalogue values in N and kN/m (=N/mm) used directly. Kv = vibration stiffness, Ks = average shock stiffness. Roll and shear are separate tables (no 45-deg data). Static load min not published. Wire dia not published. Loop count not stated (size suffix -x06 vs -x00 follows WR 6-loop/8-loop convention). Meets MIL-M-17185A environmental requirements.",47,,,,,823,88.9,52,311,88.9,24,countersunk only (B),44.5/111.1/155.6 (8 holes),,,,,63-64
"Enidine Wire Rope Isolator Technologies catalogue ENI877R4 (2007 ed., cover rev. 09/23)",HR20,HR20-600,,,279.4,235.0,165.1,10.3,9.5,,3114,415,265,103,,101.6,,"Mounting option B (c'sink) only. Length/width/height = overall envelope from drawing (mount-bar length x end-view width x height). HERM = wire rope isolator overmoulded in proprietary elastomer; damping typically 15-25%; fail-safe. Catalogue values in N and kN/m (=N/mm) used directly. Kv = vibration stiffness, Ks = average shock stiffness. Roll and shear are separate tables (no 45-deg data). Static load min not published. Wire dia not published. Loop count not stated (size suffix -x06 vs -x00 follows WR 6-loop/8-loop convention). Meets MIL-M-17185A environmental requirements.",218,,,,,4115,101.6,252,1601,101.6,118,countersunk only (B),54.6/136.5/191.1 (8 holes),,,,,65-66
"Enidine Wire Rope Isolator Technologies catalogue ENI877R4 (2007 ed., cover rev. 09/23)",HR20,HR20-400,,,279.4,235.0,165.1,10.3,8.2,,1935,259,186,67,,101.6,,"Mounting option B (c'sink) only. Length/width/height = overall envelope from drawing (mount-bar length x end-view width x height). HERM = wire rope isolator overmoulded in proprietary elastomer; damping typically 15-25%; fail-safe. Catalogue values in N and kN/m (=N/mm) used directly. Kv = vibration stiffness, Ks = average shock stiffness. Roll and shear are separate tables (no 45-deg data). Static load min not published. Wire dia not published. Loop count not stated (size suffix -x06 vs -x00 follows WR 6-loop/8-loop convention). Meets MIL-M-17185A environmental requirements.",136,,,,,2869,101.6,170,1023,101.6,76,countersunk only (B),54.6/136.5/191.1 (8 holes),,,,,65-66
"Enidine Wire Rope Isolator Technologies catalogue ENI877R4 (2007 ed., cover rev. 09/23)",HR20,HR20-200,,,279.4,235.0,165.1,10.3,6.4,,734,99,67,25,,101.6,,"Mounting option B (c'sink) only. Length/width/height = overall envelope from drawing (mount-bar length x end-view width x height). HERM = wire rope isolator overmoulded in proprietary elastomer; damping typically 15-25%; fail-safe. Catalogue values in N and kN/m (=N/mm) used directly. Kv = vibration stiffness, Ks = average shock stiffness. Roll and shear are separate tables (no 45-deg data). Static load min not published. Wire dia not published. Loop count not stated (size suffix -x06 vs -x00 follows WR 6-loop/8-loop convention). Meets MIL-M-17185A environmental requirements.",52,,,,,1023,101.6,62,400,101.6,29,countersunk only (B),54.6/136.5/191.1 (8 holes),,,,,65-66
"Enidine Wire Rope Isolator Technologies catalogue ENI877R4 (2007 ed., cover rev. 09/23)",HR28,HR28-600,,,374.7,240.0,184.2,13.5,23,,17790,2603,854,319,,95.3,,"Mounting option B (c'sink) only. Loads printed in kN, converted x1000. Length/width/height = overall envelope from drawing (mount-bar length x end-view width x height). HERM = wire rope isolator overmoulded in proprietary elastomer; damping typically 15-25%; fail-safe. Catalogue values in N and kN/m (=N/mm) used directly. Kv = vibration stiffness, Ks = average shock stiffness. Roll and shear are separate tables (no 45-deg data). Static load min not published. Wire dia not published. Loop count not stated (size suffix -x06 vs -x00 follows WR 6-loop/8-loop convention). Meets MIL-M-17185A environmental requirements.",1266,,,,,13260,95.3,1106,4940,95.3,549,countersunk only (B),76.2/190.5/266.7 (8 holes),,,,,67-68
"Enidine Wire Rope Isolator Technologies catalogue ENI877R4 (2007 ed., cover rev. 09/23)",HR28,HR28-400,,,374.7,240.0,184.2,13.5,18,,10560,1562,512,192,,95.3,,"Mounting option B (c'sink) only. Loads printed in kN, converted x1000. Length/width/height = overall envelope from drawing (mount-bar length x end-view width x height). HERM = wire rope isolator overmoulded in proprietary elastomer; damping typically 15-25%; fail-safe. Catalogue values in N and kN/m (=N/mm) used directly. Kv = vibration stiffness, Ks = average shock stiffness. Roll and shear are separate tables (no 45-deg data). Static load min not published. Wire dia not published. Loop count not stated (size suffix -x06 vs -x00 follows WR 6-loop/8-loop convention). Meets MIL-M-17185A environmental requirements.",759,,,,,7960,95.3,664,2980,95.3,329,countersunk only (B),76.2/190.5/266.7 (8 holes),,,,,67-68
"Enidine Wire Rope Isolator Technologies catalogue ENI877R4 (2007 ed., cover rev. 09/23)",HR28,HR28-200,,,374.7,240.0,184.2,13.5,14,,3870,573,187,70,,95.3,,"Mounting option B (c'sink) only. Loads printed in kN, converted x1000. Length/width/height = overall envelope from drawing (mount-bar length x end-view width x height). HERM = wire rope isolator overmoulded in proprietary elastomer; damping typically 15-25%; fail-safe. Catalogue values in N and kN/m (=N/mm) used directly. Kv = vibration stiffness, Ks = average shock stiffness. Roll and shear are separate tables (no 45-deg data). Static load min not published. Wire dia not published. Loop count not stated (size suffix -x06 vs -x00 follows WR 6-loop/8-loop convention). Meets MIL-M-17185A environmental requirements.",278,,,,,2910,95.3,244,1090,95.3,121,countersunk only (B),76.2/190.5/266.7 (8 holes),,,,,67-68
"Enidine Wire Rope Isolator Technologies catalogue ENI877R4 (2007 ed., cover rev. 09/23)",HR40,HR40-600,,,546.1,304.8,228.6,19.8,45,,23800,2793,628,574,,120.7,,"Mounting option B (c'sink) only. Loads printed in kN, converted x1000. Length/width/height = overall envelope from drawing (mount-bar length x end-view width x height). HERM = wire rope isolator overmoulded in proprietary elastomer; damping typically 15-25%; fail-safe. Catalogue values in N and kN/m (=N/mm) used directly. Kv = vibration stiffness, Ks = average shock stiffness. Roll and shear are separate tables (no 45-deg data). Static load min not published. Wire dia not published. Loop count not stated (size suffix -x06 vs -x00 follows WR 6-loop/8-loop convention). Meets MIL-M-17185A environmental requirements.",1403,,,,,9740,127.0,1012,8900,127.0,758,countersunk only (B),108.0/269.9/377.8 (8 holes),,,,,69-70
"Enidine Wire Rope Isolator Technologies catalogue ENI877R4 (2007 ed., cover rev. 09/23)",HR40,HR40-400,,,546.1,304.8,228.6,19.8,38,,12900,1513,341,311,,120.7,,"Mounting option B (c'sink) only. Loads printed in kN, converted x1000. Length/width/height = overall envelope from drawing (mount-bar length x end-view width x height). HERM = wire rope isolator overmoulded in proprietary elastomer; damping typically 15-25%; fail-safe. Catalogue values in N and kN/m (=N/mm) used directly. Kv = vibration stiffness, Ks = average shock stiffness. Roll and shear are separate tables (no 45-deg data). Static load min not published. Wire dia not published. Loop count not stated (size suffix -x06 vs -x00 follows WR 6-loop/8-loop convention). Meets MIL-M-17185A environmental requirements.",760,,,,,5290,127.0,551,4830,127.0,427,countersunk only (B),108.0/269.9/377.8 (8 holes),,,,,69-70
"Enidine Wire Rope Isolator Technologies catalogue ENI877R4 (2007 ed., cover rev. 09/23)",HR40,HR40-200,,,546.1,304.8,228.6,19.8,30,,4560,535,120,110,,120.7,,"Mounting option B (c'sink) only. Loads printed in kN, converted x1000. Length/width/height = overall envelope from drawing (mount-bar length x end-view width x height). HERM = wire rope isolator overmoulded in proprietary elastomer; damping typically 15-25%; fail-safe. Catalogue values in N and kN/m (=N/mm) used directly. Kv = vibration stiffness, Ks = average shock stiffness. Roll and shear are separate tables (no 45-deg data). Static load min not published. Wire dia not published. Loop count not stated (size suffix -x06 vs -x00 follows WR 6-loop/8-loop convention). Meets MIL-M-17185A environmental requirements.",269,,,,,1870,127.0,189,1710,127.0,149,countersunk only (B),108.0/269.9/377.8 (8 holes),,,,,69-70
